{
	"__comment": "Designed by Steven627 cubik - https://cubik.studio",
	"textures": {
		"particle": "blocks/e_particle",
		"texture": "shows/sw/swagffa/s1",
		"texture1": "block/black_concrete"
	},
	"elements": [ 	 
		{
			"__comment": "Box1",
			"from": [ -2, 0, -9 ],
			"to": [ -1, 20, 23 ],
			"faces": {
				"down": { "uv": [ 14, 10.5, 16, 12.5 ], "texture": "#texture1" },
				"up": { "uv": [ 14, 10.5, 16, 12.5 ], "texture": "#texture1" },
				"north": { "uv": [ 14, 10.5, 16, 12.5 ], "texture": "#texture1" },
				"south": { "uv": [ 14, 10.5, 16, 12.5 ], "texture": "#texture1" },
				"west": { "uv": [ 0, 3, 16, 13 ], "texture": "#texture" },
				"east": { "uv": [ 0, 3, 16, 13 ], "texture": "#texture1" }
			}
		}
	],
	"display": {
		"gui": {
			"rotation":  [ 0, 90, 0 ],
			"translation":  [ 0.6956, -0.695, 0 ],
			"scale":  [ 0.4162, 0.4162, 0.4162 ]
		},
		"head": {
			"rotation":  [ 0, -90, 0 ],
			"translation":  [ -3.478, -10, 55.13 ],
			"scale":  [ 4, 4, 4 ]
		}
	}
}