{
	"__comment": "Designed by Steven - https://cubik.studio",
	"textures": {
		"particle": "block/brown_terracotta",
		"texture": "block/brown_terracotta",
		"texture1": "block/coal_block",
		"texture2": "block/birch_planks",
		"texture3": "block/dark_oak_planks"
	},
	"elements": [ 	 
		{
			"__comment": "Box1",
			"from": [ 0, -2, -12 ],
			"to": [ 4, 2, -8 ],
			"faces": {
				"down": { "uv": [ 0, 0, 16, 16 ], "texture": "#texture1" },
				"up": { "uv": [ 0, 0, 16, 16 ], "texture": "#texture1" },
				"north": { "uv": [ 0, 0, 16, 16 ], "texture": "#texture1" },
				"south": { "uv": [ 0, 0, 16, 16 ], "texture": "#texture1" },
				"west": { "uv": [ 0, 0, 16, 16 ], "texture": "#texture1" },
				"east": { "uv": [ 0, 0, 16, 16 ], "texture": "#texture1" }
			}
		},
		{
			"__comment": "Box1",
			"from": [ 4, 0, -8 ],
			"to": [ 8, 2, -4 ],
			"faces": {
				"down": { "uv": [ 0, 0, 16, 16 ], "texture": "#texture2" },
				"up": { "uv": [ 0, 0, 16, 16 ], "texture": "#texture2" },
				"north": { "uv": [ 0, 0, 16, 8 ], "texture": "#texture2" },
				"south": { "uv": [ 0, 0, 16, 8 ], "texture": "#texture2" },
				"west": { "uv": [ 0, 0, 16, 8 ], "texture": "#texture2" },
				"east": { "uv": [ 0, 0, 16, 8 ], "texture": "#texture2" }
			}
		},
		{
			"__comment": "Box1",
			"from": [ 8, 0, -4 ],
			"to": [ 12, 2, 0 ],
			"faces": {
				"down": { "uv": [ 0, 0, 16, 16 ], "texture": "#texture2" },
				"up": { "uv": [ 0, 0, 16, 16 ], "texture": "#texture2" },
				"north": { "uv": [ 0, 0, 16, 8 ], "texture": "#texture2" },
				"south": { "uv": [ 0, 0, 16, 8 ], "texture": "#texture2" },
				"west": { "uv": [ 0, 0, 16, 8 ], "texture": "#texture2" },
				"east": { "uv": [ 0, 0, 16, 8 ], "texture": "#texture2" }
			}
		},
		{
			"__comment": "Box1",
			"from": [ 12, 0, 0 ],
			"to": [ 16, 2, 4 ],
			"faces": {
				"down": { "uv": [ 0, 0, 16, 16 ], "texture": "#texture2" },
				"up": { "uv": [ 0, 0, 16, 16 ], "texture": "#texture2" },
				"north": { "uv": [ 0, 0, 16, 8 ], "texture": "#texture2" },
				"south": { "uv": [ 0, 0, 16, 8 ], "texture": "#texture2" },
				"west": { "uv": [ 0, 0, 16, 8 ], "texture": "#texture2" },
				"east": { "uv": [ 0, 0, 16, 8 ], "texture": "#texture2" }
			}
		},
		{
			"__comment": "Box1",
			"from": [ 16, 0, 4 ],
			"to": [ 20, 2, 8 ],
			"faces": {
				"down": { "uv": [ 0, 0, 16, 16 ], "texture": "#texture2" },
				"up": { "uv": [ 0, 0, 16, 16 ], "texture": "#texture2" },
				"north": { "uv": [ 0, 0, 16, 8 ], "texture": "#texture2" },
				"south": { "uv": [ 0, 0, 16, 8 ], "texture": "#texture2" },
				"west": { "uv": [ 0, 0, 16, 8 ], "texture": "#texture2" },
				"east": { "uv": [ 0, 0, 16, 8 ], "texture": "#texture2" }
			}
		},
		{
			"__comment": "Box1",
			"from": [ 20, 0, 8 ],
			"to": [ 24, 2, 12 ],
			"faces": {
				"down": { "uv": [ 0, 0, 16, 8 ], "texture": "#texture2" },
				"up": { "uv": [ 0, 0, 16, 8 ], "texture": "#texture2" },
				"north": { "uv": [ 0, 0, 16, 8 ], "texture": "#texture2" },
				"south": { "uv": [ 0, 0, 16, 8 ], "texture": "#texture2" },
				"west": { "uv": [ 0, 0, 16, 8 ], "texture": "#texture2" },
				"east": { "uv": [ 0, 0, 16, 8 ], "texture": "#texture2" }
			}
		},
		{
			"__comment": "Box1",
			"from": [ 24, -2, 12 ],
			"to": [ 28, 2, 16 ],
			"faces": {
				"down": { "uv": [ 0, 0, 16, 16 ], "texture": "#texture1" },
				"up": { "uv": [ 0, 0, 16, 16 ], "texture": "#texture1" },
				"north": { "uv": [ 0, 0, 16, 16 ], "texture": "#texture1" },
				"south": { "uv": [ 0, 0, 16, 16 ], "texture": "#texture1" },
				"west": { "uv": [ 0, 0, 16, 16 ], "texture": "#texture1" },
				"east": { "uv": [ 0, 0, 16, 16 ], "texture": "#texture1" }
			}
		},
		{
			"__comment": "Box1",
			"from": [ -4, 0, -8 ],
			"to": [ 0, 2, -4 ],
			"faces": {
				"down": { "uv": [ 0, 0, 16, 8 ], "texture": "#texture2" },
				"up": { "uv": [ 0, 0, 16, 8 ], "texture": "#texture2" },
				"north": { "uv": [ 0, 0, 16, 8 ], "texture": "#texture2" },
				"south": { "uv": [ 0, 0, 16, 8 ], "texture": "#texture2" },
				"west": { "uv": [ 0, 0, 16, 8 ], "texture": "#texture2" },
				"east": { "uv": [ 0, 0, 16, 8 ], "texture": "#texture2" }
			}
		},
		{
			"__comment": "Box1",
			"from": [ -8, 0, -4 ],
			"to": [ -4, 2, 0 ],
			"faces": {
				"down": { "uv": [ 0, 0, 16, 16 ], "texture": "#texture2" },
				"up": { "uv": [ 0, 0, 16, 16 ], "texture": "#texture2" },
				"north": { "uv": [ 0, 0, 16, 8 ], "texture": "#texture2" },
				"south": { "uv": [ 0, 0, 16, 8 ], "texture": "#texture2" },
				"west": { "uv": [ 0, 0, 16, 8 ], "texture": "#texture2" },
				"east": { "uv": [ 0, 0, 16, 8 ], "texture": "#texture2" }
			}
		},
		{
			"__comment": "Box1",
			"from": [ -12, -2, 0 ],
			"to": [ -8, 2, 4 ],
			"faces": {
				"down": { "uv": [ 0, 0, 16, 16 ], "texture": "#texture1" },
				"up": { "uv": [ 0, 0, 16, 16 ], "texture": "#texture1" },
				"north": { "uv": [ 0, 0, 16, 16 ], "texture": "#texture1" },
				"south": { "uv": [ 0, 0, 16, 16 ], "texture": "#texture1" },
				"west": { "uv": [ 0, 0, 16, 16 ], "texture": "#texture1" },
				"east": { "uv": [ 0, 0, 16, 16 ], "texture": "#texture1" }
			}
		},
		{
			"__comment": "Box1",
			"from": [ 12, -2, 24 ],
			"to": [ 16, 2, 28 ],
			"faces": {
				"down": { "uv": [ 0, 0, 16, 16 ], "texture": "#texture1" },
				"up": { "uv": [ 0, 0, 16, 16 ], "texture": "#texture1" },
				"north": { "uv": [ 0, 0, 16, 16 ], "texture": "#texture1" },
				"south": { "uv": [ 0, 0, 16, 16 ], "texture": "#texture1" },
				"west": { "uv": [ 0, 0, 16, 16 ], "texture": "#texture1" },
				"east": { "uv": [ 0, 0, 16, 16 ], "texture": "#texture1" }
			}
		},
		{
			"__comment": "Box1",
			"from": [ -8, 0, 4 ],
			"to": [ -4, 2, 8 ],
			"faces": {
				"down": { "uv": [ 0, 0, 16, 16 ], "texture": "#texture2" },
				"up": { "uv": [ 0, 0, 16, 16 ], "texture": "#texture2" },
				"north": { "uv": [ 0, 0, 16, 8 ], "texture": "#texture2" },
				"south": { "uv": [ 0, 0, 16, 8 ], "texture": "#texture2" },
				"west": { "uv": [ 0, 0, 16, 8 ], "texture": "#texture2" },
				"east": { "uv": [ 0, 0, 16, 8 ], "texture": "#texture2" }
			}
		},
		{
			"__comment": "Box1",
			"from": [ -4, 0, 8 ],
			"to": [ 0, 2, 12 ],
			"faces": {
				"down": { "uv": [ 0, 0, 16, 8 ], "texture": "#texture2" },
				"up": { "uv": [ 0, 0, 16, 8 ], "texture": "#texture2" },
				"north": { "uv": [ 0, 0, 16, 8 ], "texture": "#texture2" },
				"south": { "uv": [ 0, 0, 16, 8 ], "texture": "#texture2" },
				"west": { "uv": [ 0, 0, 16, 8 ], "texture": "#texture2" },
				"east": { "uv": [ 0, 0, 16, 8 ], "texture": "#texture2" }
			}
		},
		{
			"__comment": "Box1",
			"from": [ 0, 0, 12 ],
			"to": [ 4, 2, 16 ],
			"faces": {
				"down": { "uv": [ 0, 0, 16, 16 ], "texture": "#texture2" },
				"up": { "uv": [ 0, 0, 16, 16 ], "texture": "#texture2" },
				"north": { "uv": [ 0, 0, 16, 8 ], "texture": "#texture2" },
				"south": { "uv": [ 0, 0, 16, 8 ], "texture": "#texture2" },
				"west": { "uv": [ 0, 0, 16, 8 ], "texture": "#texture2" },
				"east": { "uv": [ 0, 0, 16, 8 ], "texture": "#texture2" }
			}
		},
		{
			"__comment": "Box1",
			"from": [ 4, 0, 16 ],
			"to": [ 8, 2, 20 ],
			"faces": {
				"down": { "uv": [ 0, 0, 16, 16 ], "texture": "#texture2" },
				"up": { "uv": [ 0, 0, 16, 16 ], "texture": "#texture2" },
				"north": { "uv": [ 0, 0, 16, 8 ], "texture": "#texture2" },
				"south": { "uv": [ 0, 0, 16, 8 ], "texture": "#texture2" },
				"west": { "uv": [ 0, 0, 16, 8 ], "texture": "#texture2" },
				"east": { "uv": [ 0, 0, 16, 8 ], "texture": "#texture2" }
			}
		},
		{
			"__comment": "Box1",
			"from": [ 8, 0, 20 ],
			"to": [ 12, 2, 24 ],
			"faces": {
				"down": { "uv": [ 0, 0, 16, 16 ], "texture": "#texture2" },
				"up": { "uv": [ 0, 0, 16, 16 ], "texture": "#texture2" },
				"north": { "uv": [ 0, 0, 16, 8 ], "texture": "#texture2" },
				"south": { "uv": [ 0, 0, 16, 8 ], "texture": "#texture2" },
				"west": { "uv": [ 0, 0, 16, 8 ], "texture": "#texture2" },
				"east": { "uv": [ 0, 0, 16, 8 ], "texture": "#texture2" }
			}
		},
		{
			"__comment": "Box1",
			"from": [ 16, 0, 20 ],
			"to": [ 20, 2, 24 ],
			"faces": {
				"down": { "uv": [ 0, 0, 16, 16 ], "texture": "#texture2" },
				"up": { "uv": [ 0, 0, 16, 16 ], "texture": "#texture2" },
				"north": { "uv": [ 0, 0, 16, 8 ], "texture": "#texture2" },
				"south": { "uv": [ 0, 0, 16, 8 ], "texture": "#texture2" },
				"west": { "uv": [ 0, 0, 16, 8 ], "texture": "#texture2" },
				"east": { "uv": [ 0, 0, 16, 8 ], "texture": "#texture2" }
			}
		},
		{
			"__comment": "Box1",
			"from": [ 20, 0, 16 ],
			"to": [ 24, 2, 20 ],
			"faces": {
				"down": { "uv": [ 0, 0, 16, 16 ], "texture": "#texture2" },
				"up": { "uv": [ 0, 0, 16, 16 ], "texture": "#texture2" },
				"north": { "uv": [ 0, 0, 16, 8 ], "texture": "#texture2" },
				"south": { "uv": [ 0, 0, 16, 8 ], "texture": "#texture2" },
				"west": { "uv": [ 0, 0, 16, 8 ], "texture": "#texture2" },
				"east": { "uv": [ 0, 0, 16, 8 ], "texture": "#texture2" }
			}
		},
		{
			"__comment": "Box1",
			"from": [ -8, -2, 0 ],
			"to": [ -4, 2, 4 ],
			"faces": {
				"down": { "uv": [ 0, 0, 16, 16 ], "texture": "#texture" },
				"up": { "uv": [ 0, 0, 16, 16 ], "texture": "#texture" },
				"north": { "uv": [ 0, 0, 16, 16 ], "texture": "#texture" },
				"south": { "uv": [ 0, 0, 16, 16 ], "texture": "#texture" },
				"west": { "uv": [ 0, 0, 16, 16 ], "texture": "#texture" },
				"east": { "uv": [ 0, 0, 16, 16 ], "texture": "#texture" }
			}
		},
		{
			"__comment": "Box1",
			"from": [ -4, -2, -4 ],
			"to": [ 0, 2, 0 ],
			"faces": {
				"down": { "uv": [ 0, 0, 16, 16 ], "texture": "#texture" },
				"up": { "uv": [ 0, 0, 16, 16 ], "texture": "#texture" },
				"north": { "uv": [ 0, 0, 16, 16 ], "texture": "#texture" },
				"south": { "uv": [ 0, 0, 16, 16 ], "texture": "#texture" },
				"west": { "uv": [ 0, 0, 16, 16 ], "texture": "#texture" },
				"east": { "uv": [ 0, 0, 16, 16 ], "texture": "#texture" }
			}
		},
		{
			"__comment": "Box1",
			"from": [ 0, -2, -8 ],
			"to": [ 4, 2, -4 ],
			"faces": {
				"down": { "uv": [ 0, 0, 16, 16 ], "texture": "#texture" },
				"up": { "uv": [ 0, 0, 16, 16 ], "texture": "#texture" },
				"north": { "uv": [ 0, 0, 16, 16 ], "texture": "#texture" },
				"south": { "uv": [ 0, 0, 16, 16 ], "texture": "#texture" },
				"west": { "uv": [ 0, 0, 16, 16 ], "texture": "#texture" },
				"east": { "uv": [ 0, 0, 16, 16 ], "texture": "#texture" }
			}
		},
		{
			"__comment": "Box1",
			"from": [ -4, -2, 4 ],
			"to": [ 0, 2, 8 ],
			"faces": {
				"down": { "uv": [ 0, 0, 16, 16 ], "texture": "#texture" },
				"up": { "uv": [ 0, 0, 16, 16 ], "texture": "#texture" },
				"north": { "uv": [ 0, 0, 16, 16 ], "texture": "#texture" },
				"south": { "uv": [ 0, 0, 16, 16 ], "texture": "#texture" },
				"west": { "uv": [ 0, 0, 16, 16 ], "texture": "#texture" },
				"east": { "uv": [ 0, 0, 16, 16 ], "texture": "#texture" }
			}
		},
		{
			"__comment": "Box1",
			"from": [ 0, -2, 0 ],
			"to": [ 4, 2, 4 ],
			"faces": {
				"down": { "uv": [ 0, 0, 16, 16 ], "texture": "#texture" },
				"up": { "uv": [ 0, 0, 16, 16 ], "texture": "#texture" },
				"north": { "uv": [ 0, 0, 16, 16 ], "texture": "#texture" },
				"south": { "uv": [ 0, 0, 16, 16 ], "texture": "#texture" },
				"west": { "uv": [ 0, 0, 16, 16 ], "texture": "#texture" },
				"east": { "uv": [ 0, 0, 16, 16 ], "texture": "#texture" }
			}
		},
		{
			"__comment": "Box1",
			"from": [ 4, -2, -4 ],
			"to": [ 8, 2, 0 ],
			"faces": {
				"down": { "uv": [ 0, 0, 16, 16 ], "texture": "#texture" },
				"up": { "uv": [ 0, 0, 16, 16 ], "texture": "#texture" },
				"north": { "uv": [ 0, 0, 16, 16 ], "texture": "#texture" },
				"south": { "uv": [ 0, 0, 16, 16 ], "texture": "#texture" },
				"west": { "uv": [ 0, 0, 16, 16 ], "texture": "#texture" },
				"east": { "uv": [ 0, 0, 16, 16 ], "texture": "#texture" }
			}
		},
		{
			"__comment": "Box1",
			"from": [ 0, -2, 8 ],
			"to": [ 4, 2, 12 ],
			"faces": {
				"down": { "uv": [ 0, 0, 16, 16 ], "texture": "#texture" },
				"up": { "uv": [ 0, 0, 16, 16 ], "texture": "#texture" },
				"north": { "uv": [ 0, 0, 16, 16 ], "texture": "#texture" },
				"south": { "uv": [ 0, 0, 16, 16 ], "texture": "#texture" },
				"west": { "uv": [ 0, 0, 16, 16 ], "texture": "#texture" },
				"east": { "uv": [ 0, 0, 16, 16 ], "texture": "#texture" }
			}
		},
		{
			"__comment": "Box1",
			"from": [ 4, -2, 4 ],
			"to": [ 8, 2, 8 ],
			"faces": {
				"down": { "uv": [ 0, 0, 16, 16 ], "texture": "#texture" },
				"up": { "uv": [ 0, 0, 16, 16 ], "texture": "#texture" },
				"north": { "uv": [ 0, 0, 16, 16 ], "texture": "#texture" },
				"south": { "uv": [ 0, 0, 16, 16 ], "texture": "#texture" },
				"west": { "uv": [ 0, 0, 16, 16 ], "texture": "#texture" },
				"east": { "uv": [ 0, 0, 16, 16 ], "texture": "#texture" }
			}
		},
		{
			"__comment": "Box1",
			"from": [ 8, -2, 0 ],
			"to": [ 12, 2, 4 ],
			"faces": {
				"down": { "uv": [ 0, 0, 16, 16 ], "texture": "#texture" },
				"up": { "uv": [ 0, 0, 16, 16 ], "texture": "#texture" },
				"north": { "uv": [ 0, 0, 16, 16 ], "texture": "#texture" },
				"south": { "uv": [ 0, 0, 16, 16 ], "texture": "#texture" },
				"west": { "uv": [ 0, 0, 16, 16 ], "texture": "#texture" },
				"east": { "uv": [ 0, 0, 16, 16 ], "texture": "#texture" }
			}
		},
		{
			"__comment": "Box1",
			"from": [ 4, -2, 12 ],
			"to": [ 8, 2, 16 ],
			"faces": {
				"down": { "uv": [ 0, 0, 16, 16 ], "texture": "#texture" },
				"up": { "uv": [ 0, 0, 16, 16 ], "texture": "#texture" },
				"north": { "uv": [ 0, 0, 16, 16 ], "texture": "#texture" },
				"south": { "uv": [ 0, 0, 16, 16 ], "texture": "#texture" },
				"west": { "uv": [ 0, 0, 16, 16 ], "texture": "#texture" },
				"east": { "uv": [ 0, 0, 16, 16 ], "texture": "#texture" }
			}
		},
		{
			"__comment": "Box1",
			"from": [ 8, -2, 8 ],
			"to": [ 12, 2, 12 ],
			"faces": {
				"down": { "uv": [ 0, 0, 16, 16 ], "texture": "#texture" },
				"up": { "uv": [ 0, 0, 16, 16 ], "texture": "#texture" },
				"north": { "uv": [ 0, 0, 16, 16 ], "texture": "#texture" },
				"south": { "uv": [ 0, 0, 16, 16 ], "texture": "#texture" },
				"west": { "uv": [ 0, 0, 16, 16 ], "texture": "#texture" },
				"east": { "uv": [ 0, 0, 16, 16 ], "texture": "#texture" }
			}
		},
		{
			"__comment": "Box1",
			"from": [ 12, -2, 4 ],
			"to": [ 16, 2, 8 ],
			"faces": {
				"down": { "uv": [ 0, 0, 16, 16 ], "texture": "#texture" },
				"up": { "uv": [ 0, 0, 16, 16 ], "texture": "#texture" },
				"north": { "uv": [ 0, 0, 16, 16 ], "texture": "#texture" },
				"south": { "uv": [ 0, 0, 16, 16 ], "texture": "#texture" },
				"west": { "uv": [ 0, 0, 16, 16 ], "texture": "#texture" },
				"east": { "uv": [ 0, 0, 16, 16 ], "texture": "#texture" }
			}
		},
		{
			"__comment": "Box1",
			"from": [ 8, -2, 16 ],
			"to": [ 12, 2, 20 ],
			"faces": {
				"down": { "uv": [ 0, 0, 16, 16 ], "texture": "#texture" },
				"up": { "uv": [ 0, 0, 16, 16 ], "texture": "#texture" },
				"north": { "uv": [ 0, 0, 16, 16 ], "texture": "#texture" },
				"south": { "uv": [ 0, 0, 16, 16 ], "texture": "#texture" },
				"west": { "uv": [ 0, 0, 16, 16 ], "texture": "#texture" },
				"east": { "uv": [ 0, 0, 16, 16 ], "texture": "#texture" }
			}
		},
		{
			"__comment": "Box1",
			"from": [ 12, -2, 12 ],
			"to": [ 16, 2, 16 ],
			"faces": {
				"down": { "uv": [ 0, 0, 16, 16 ], "texture": "#texture" },
				"up": { "uv": [ 0, 0, 16, 16 ], "texture": "#texture" },
				"north": { "uv": [ 0, 0, 16, 16 ], "texture": "#texture" },
				"south": { "uv": [ 0, 0, 16, 16 ], "texture": "#texture" },
				"west": { "uv": [ 0, 0, 16, 16 ], "texture": "#texture" },
				"east": { "uv": [ 0, 0, 16, 16 ], "texture": "#texture" }
			}
		},
		{
			"__comment": "Box1",
			"from": [ 16, -2, 8 ],
			"to": [ 20, 2, 12 ],
			"faces": {
				"down": { "uv": [ 0, 0, 16, 16 ], "texture": "#texture" },
				"up": { "uv": [ 0, 0, 16, 16 ], "texture": "#texture" },
				"north": { "uv": [ 0, 0, 16, 16 ], "texture": "#texture" },
				"south": { "uv": [ 0, 0, 16, 16 ], "texture": "#texture" },
				"west": { "uv": [ 0, 0, 16, 16 ], "texture": "#texture" },
				"east": { "uv": [ 0, 0, 16, 16 ], "texture": "#texture" }
			}
		},
		{
			"__comment": "Box1",
			"from": [ 12, -2, 20 ],
			"to": [ 16, 2, 24 ],
			"faces": {
				"down": { "uv": [ 0, 0, 16, 16 ], "texture": "#texture" },
				"up": { "uv": [ 0, 0, 16, 16 ], "texture": "#texture" },
				"north": { "uv": [ 0, 0, 16, 16 ], "texture": "#texture" },
				"south": { "uv": [ 0, 0, 16, 16 ], "texture": "#texture" },
				"west": { "uv": [ 0, 0, 16, 16 ], "texture": "#texture" },
				"east": { "uv": [ 0, 0, 16, 16 ], "texture": "#texture" }
			}
		},
		{
			"__comment": "Box1",
			"from": [ 16, -2, 16 ],
			"to": [ 20, 2, 20 ],
			"faces": {
				"down": { "uv": [ 0, 0, 16, 16 ], "texture": "#texture" },
				"up": { "uv": [ 0, 0, 16, 16 ], "texture": "#texture" },
				"north": { "uv": [ 0, 0, 16, 16 ], "texture": "#texture" },
				"south": { "uv": [ 0, 0, 16, 16 ], "texture": "#texture" },
				"west": { "uv": [ 0, 0, 16, 16 ], "texture": "#texture" },
				"east": { "uv": [ 0, 0, 16, 16 ], "texture": "#texture" }
			}
		},
		{
			"__comment": "Box1",
			"from": [ 20, -2, 12 ],
			"to": [ 24, 2, 16 ],
			"faces": {
				"down": { "uv": [ 0, 0, 16, 16 ], "texture": "#texture" },
				"up": { "uv": [ 0, 0, 16, 16 ], "texture": "#texture" },
				"north": { "uv": [ 0, 0, 16, 16 ], "texture": "#texture" },
				"south": { "uv": [ 0, 0, 16, 16 ], "texture": "#texture" },
				"west": { "uv": [ 0, 0, 16, 16 ], "texture": "#texture" },
				"east": { "uv": [ 0, 0, 16, 16 ], "texture": "#texture" }
			}
		},
		{
			"__comment": "Box1",
			"from": [ -4, -2, 0 ],
			"to": [ 0, 2, 4 ],
			"faces": {
				"down": { "uv": [ 0, 0, 16, 16 ], "texture": "#texture" },
				"up": { "uv": [ 0, 0, 16, 16 ], "texture": "#texture" },
				"north": { "uv": [ 0, 0, 16, 16 ], "texture": "#texture" },
				"south": { "uv": [ 0, 0, 16, 16 ], "texture": "#texture" },
				"west": { "uv": [ 0, 0, 16, 16 ], "texture": "#texture" },
				"east": { "uv": [ 0, 0, 16, 16 ], "texture": "#texture" }
			}
		},
		{
			"__comment": "Box1",
			"from": [ 0, -2, -4 ],
			"to": [ 4, 2, 0 ],
			"faces": {
				"down": { "uv": [ 0, 0, 16, 16 ], "texture": "#texture" },
				"up": { "uv": [ 0, 0, 16, 16 ], "texture": "#texture" },
				"north": { "uv": [ 0, 0, 16, 16 ], "texture": "#texture" },
				"south": { "uv": [ 0, 0, 16, 16 ], "texture": "#texture" },
				"west": { "uv": [ 0, 0, 16, 16 ], "texture": "#texture" },
				"east": { "uv": [ 0, 0, 16, 16 ], "texture": "#texture" }
			}
		},
		{
			"__comment": "Box1",
			"from": [ 0, -2, 4 ],
			"to": [ 4, 2, 8 ],
			"faces": {
				"down": { "uv": [ 0, 0, 16, 16 ], "texture": "#texture" },
				"up": { "uv": [ 0, 0, 16, 16 ], "texture": "#texture" },
				"north": { "uv": [ 0, 0, 16, 16 ], "texture": "#texture" },
				"south": { "uv": [ 0, 0, 16, 16 ], "texture": "#texture" },
				"west": { "uv": [ 0, 0, 16, 16 ], "texture": "#texture" },
				"east": { "uv": [ 0, 0, 16, 16 ], "texture": "#texture" }
			}
		},
		{
			"__comment": "Box1",
			"from": [ 4, -2, 0 ],
			"to": [ 8, 2, 4 ],
			"faces": {
				"down": { "uv": [ 0, 0, 16, 16 ], "texture": "#texture" },
				"up": { "uv": [ 0, 0, 16, 16 ], "texture": "#texture" },
				"north": { "uv": [ 0, 0, 16, 16 ], "texture": "#texture" },
				"south": { "uv": [ 0, 0, 16, 16 ], "texture": "#texture" },
				"west": { "uv": [ 0, 0, 16, 16 ], "texture": "#texture" },
				"east": { "uv": [ 0, 0, 16, 16 ], "texture": "#texture" }
			}
		},
		{
			"__comment": "Box1",
			"from": [ 4, -2, 8 ],
			"to": [ 8, 2, 12 ],
			"faces": {
				"down": { "uv": [ 0, 0, 16, 16 ], "texture": "#texture" },
				"up": { "uv": [ 0, 0, 16, 16 ], "texture": "#texture" },
				"north": { "uv": [ 0, 0, 16, 16 ], "texture": "#texture" },
				"south": { "uv": [ 0, 0, 16, 16 ], "texture": "#texture" },
				"west": { "uv": [ 0, 0, 16, 16 ], "texture": "#texture" },
				"east": { "uv": [ 0, 0, 16, 16 ], "texture": "#texture" }
			}
		},
		{
			"__comment": "Box1",
			"from": [ 8, -2, 4 ],
			"to": [ 12, 2, 8 ],
			"faces": {
				"down": { "uv": [ 0, 0, 16, 16 ], "texture": "#texture" },
				"up": { "uv": [ 0, 0, 16, 16 ], "texture": "#texture" },
				"north": { "uv": [ 0, 0, 16, 16 ], "texture": "#texture" },
				"south": { "uv": [ 0, 0, 16, 16 ], "texture": "#texture" },
				"west": { "uv": [ 0, 0, 16, 16 ], "texture": "#texture" },
				"east": { "uv": [ 0, 0, 16, 16 ], "texture": "#texture" }
			}
		},
		{
			"__comment": "Box1",
			"from": [ 8, -2, 12 ],
			"to": [ 12, 2, 16 ],
			"faces": {
				"down": { "uv": [ 0, 0, 16, 16 ], "texture": "#texture" },
				"up": { "uv": [ 0, 0, 16, 16 ], "texture": "#texture" },
				"north": { "uv": [ 0, 0, 16, 16 ], "texture": "#texture" },
				"south": { "uv": [ 0, 0, 16, 16 ], "texture": "#texture" },
				"west": { "uv": [ 0, 0, 16, 16 ], "texture": "#texture" },
				"east": { "uv": [ 0, 0, 16, 16 ], "texture": "#texture" }
			}
		},
		{
			"__comment": "Box1",
			"from": [ 12, -2, 8 ],
			"to": [ 16, 2, 12 ],
			"faces": {
				"down": { "uv": [ 0, 0, 16, 16 ], "texture": "#texture" },
				"up": { "uv": [ 0, 0, 16, 16 ], "texture": "#texture" },
				"north": { "uv": [ 0, 0, 16, 16 ], "texture": "#texture" },
				"south": { "uv": [ 0, 0, 16, 16 ], "texture": "#texture" },
				"west": { "uv": [ 0, 0, 16, 16 ], "texture": "#texture" },
				"east": { "uv": [ 0, 0, 16, 16 ], "texture": "#texture" }
			}
		},
		{
			"__comment": "Box1",
			"from": [ 12, -2, 16 ],
			"to": [ 16, 2, 20 ],
			"faces": {
				"down": { "uv": [ 0, 0, 16, 16 ], "texture": "#texture" },
				"up": { "uv": [ 0, 0, 16, 16 ], "texture": "#texture" },
				"north": { "uv": [ 0, 0, 16, 16 ], "texture": "#texture" },
				"south": { "uv": [ 0, 0, 16, 16 ], "texture": "#texture" },
				"west": { "uv": [ 0, 0, 16, 16 ], "texture": "#texture" },
				"east": { "uv": [ 0, 0, 16, 16 ], "texture": "#texture" }
			}
		},
		{
			"__comment": "Box1",
			"from": [ 16, -2, 12 ],
			"to": [ 20, 2, 16 ],
			"faces": {
				"down": { "uv": [ 0, 0, 16, 16 ], "texture": "#texture" },
				"up": { "uv": [ 0, 0, 16, 16 ], "texture": "#texture" },
				"north": { "uv": [ 0, 0, 16, 16 ], "texture": "#texture" },
				"south": { "uv": [ 0, 0, 16, 16 ], "texture": "#texture" },
				"west": { "uv": [ 0, 0, 16, 16 ], "texture": "#texture" },
				"east": { "uv": [ 0, 0, 16, 16 ], "texture": "#texture" }
			}
		},
		{
			"__comment": "Box1",
			"from": [ 0, 2, -8 ],
			"to": [ 4, 4, -4 ],
			"faces": {
				"down": { "uv": [ 0, 0, 16, 16 ], "texture": "#texture3" },
				"up": { "uv": [ 0, 0, 16, 16 ], "texture": "#texture3" },
				"north": { "uv": [ 0, 0, 16, 8 ], "texture": "#texture3" },
				"south": { "uv": [ 0, 0, 16, 8 ], "texture": "#texture3" },
				"west": { "uv": [ 0, 0, 16, 8 ], "texture": "#texture3" },
				"east": { "uv": [ 0, 0, 16, 8 ], "texture": "#texture3" }
			}
		},
		{
			"__comment": "Box1",
			"from": [ 4, 2, -4 ],
			"to": [ 8, 4, 0 ],
			"faces": {
				"down": { "uv": [ 0, 0, 16, 16 ], "texture": "#texture3" },
				"up": { "uv": [ 0, 0, 16, 16 ], "texture": "#texture3" },
				"north": { "uv": [ 0, 0, 16, 8 ], "texture": "#texture3" },
				"south": { "uv": [ 0, 0, 16, 8 ], "texture": "#texture3" },
				"west": { "uv": [ 0, 0, 16, 8 ], "texture": "#texture3" },
				"east": { "uv": [ 0, 0, 16, 8 ], "texture": "#texture3" }
			}
		},
		{
			"__comment": "Box1",
			"from": [ 8, 2, 0 ],
			"to": [ 12, 4, 4 ],
			"faces": {
				"down": { "uv": [ 0, 0, 16, 16 ], "texture": "#texture3" },
				"up": { "uv": [ 0, 0, 16, 16 ], "texture": "#texture3" },
				"north": { "uv": [ 0, 0, 16, 8 ], "texture": "#texture3" },
				"south": { "uv": [ 0, 0, 16, 8 ], "texture": "#texture3" },
				"west": { "uv": [ 0, 0, 16, 8 ], "texture": "#texture3" },
				"east": { "uv": [ 0, 0, 16, 8 ], "texture": "#texture3" }
			}
		},
		{
			"__comment": "Box1",
			"from": [ 12, 2, 4 ],
			"to": [ 16, 4, 8 ],
			"faces": {
				"down": { "uv": [ 0, 0, 16, 16 ], "texture": "#texture3" },
				"up": { "uv": [ 0, 0, 16, 16 ], "texture": "#texture3" },
				"north": { "uv": [ 0, 0, 16, 8 ], "texture": "#texture3" },
				"south": { "uv": [ 0, 0, 16, 8 ], "texture": "#texture3" },
				"west": { "uv": [ 0, 0, 16, 8 ], "texture": "#texture3" },
				"east": { "uv": [ 0, 0, 16, 8 ], "texture": "#texture3" }
			}
		},
		{
			"__comment": "Box1",
			"from": [ 16, 2, 8 ],
			"to": [ 20, 4, 12 ],
			"faces": {
				"down": { "uv": [ 0, 0, 16, 8 ], "texture": "#texture3" },
				"up": { "uv": [ 0, 0, 16, 8 ], "texture": "#texture3" },
				"north": { "uv": [ 0, 0, 16, 8 ], "texture": "#texture3" },
				"south": { "uv": [ 0, 0, 16, 8 ], "texture": "#texture3" },
				"west": { "uv": [ 0, 0, 16, 8 ], "texture": "#texture3" },
				"east": { "uv": [ 0, 0, 16, 8 ], "texture": "#texture3" }
			}
		},
		{
			"__comment": "Box1",
			"from": [ 20, 2, 12 ],
			"to": [ 24, 4, 16 ],
			"faces": {
				"down": { "uv": [ 0, 0, 16, 8 ], "texture": "#texture3" },
				"up": { "uv": [ 0, 0, 16, 8 ], "texture": "#texture3" },
				"north": { "uv": [ 0, 0, 16, 8 ], "texture": "#texture3" },
				"south": { "uv": [ 0, 0, 16, 8 ], "texture": "#texture3" },
				"west": { "uv": [ 0, 0, 16, 8 ], "texture": "#texture3" },
				"east": { "uv": [ 0, 0, 16, 8 ], "texture": "#texture3" }
			}
		}
	],
	"display": {
		"thirdperson_lefthand": {
			"rotation":  [ 90, 0, 0 ],
			"translation":  [ 0, 0, 18.086 ],
			"scale":  [ 4, 4, 4 ]
		},
		"head": {
			"rotation":  [ 90, 0, 0 ],
			"translation":  [ 0, 0, 18.086 ],
			"scale":  [ 4, 4, 4 ]
		}
	}
}