{
	"__comment": "Designed by Steven - https://cubik.studio",
	"textures": {
		"particle": "block/brown_terracotta",
		"texture": "blocks/e_texture",
		"texture1": "block/brown_terracotta",
		"texture2": "block/coal_block",
		"texture3": "block/birch_planks",
		"texture4": "block/dark_oak_planks",
		"texture5": "block/spruce_planks"
	},
	"elements": [ 	 
		{
			"__comment": "Box1",
			"from": [ 1, 7, 18.5 ],
			"to": [ 5, 11, 22.5 ],
			"faces": {
				"down": { "uv": [ 0, 0, 16, 16 ], "texture": "#texture1" },
				"up": { "uv": [ 0, 0, 16, 16 ], "texture": "#texture1" },
				"north": { "uv": [ 0, 0, 16, 16 ], "texture": "#texture1" },
				"south": { "uv": [ 0, 0, 16, 16 ], "texture": "#texture1" },
				"west": { "uv": [ 0, 0, 16, 16 ], "texture": "#texture1" },
				"east": { "uv": [ 0, 0, 16, 16 ], "texture": "#texture1" }
			}
		},
		{
			"__comment": "Box1",
			"from": [ 5, 7, 22.5 ],
			"to": [ 9, 11, 26.5 ],
			"faces": {
				"down": { "uv": [ 0, 0, 16, 16 ], "texture": "#texture1" },
				"up": { "uv": [ 0, 0, 16, 16 ], "texture": "#texture1" },
				"north": { "uv": [ 0, 0, 16, 16 ], "texture": "#texture1" },
				"south": { "uv": [ 0, 0, 16, 16 ], "texture": "#texture1" },
				"west": { "uv": [ 0, 0, 16, 16 ], "texture": "#texture1" },
				"east": { "uv": [ 0, 0, 16, 16 ], "texture": "#texture1" }
			}
		},
		{
			"__comment": "Box1",
			"from": [ 9, 7, 18.5 ],
			"to": [ 13, 11, 22.5 ],
			"faces": {
				"down": { "uv": [ 0, 0, 16, 16 ], "texture": "#texture1" },
				"up": { "uv": [ 0, 0, 16, 16 ], "texture": "#texture1" },
				"north": { "uv": [ 0, 0, 16, 16 ], "texture": "#texture1" },
				"south": { "uv": [ 0, 0, 16, 16 ], "texture": "#texture1" },
				"west": { "uv": [ 0, 0, 16, 16 ], "texture": "#texture1" },
				"east": { "uv": [ 0, 0, 16, 16 ], "texture": "#texture1" }
			}
		},
		{
			"__comment": "Box1",
			"from": [ 1, 7, 22.5 ],
			"to": [ 5, 11, 26.5 ],
			"faces": {
				"down": { "uv": [ 0, 0, 16, 16 ], "texture": "#texture1" },
				"up": { "uv": [ 0, 0, 16, 16 ], "texture": "#texture1" },
				"north": { "uv": [ 0, 0, 16, 16 ], "texture": "#texture1" },
				"south": { "uv": [ 0, 0, 16, 16 ], "texture": "#texture1" },
				"west": { "uv": [ 0, 0, 16, 16 ], "texture": "#texture1" },
				"east": { "uv": [ 0, 0, 16, 16 ], "texture": "#texture1" }
			}
		},
		{
			"__comment": "Box1",
			"from": [ -3, 7, 6.5 ],
			"to": [ 1, 11, 10.5 ],
			"faces": {
				"down": { "uv": [ 0, 0, 16, 16 ], "texture": "#texture1" },
				"up": { "uv": [ 0, 0, 16, 16 ], "texture": "#texture1" },
				"north": { "uv": [ 0, 0, 16, 16 ], "texture": "#texture1" },
				"south": { "uv": [ 0, 0, 16, 16 ], "texture": "#texture1" },
				"west": { "uv": [ 0, 0, 16, 16 ], "texture": "#texture1" },
				"east": { "uv": [ 0, 0, 16, 16 ], "texture": "#texture1" }
			}
		},
		{
			"__comment": "Box1",
			"from": [ -7, 7, 10.5 ],
			"to": [ -3, 11, 14.5 ],
			"faces": {
				"down": { "uv": [ 0, 0, 16, 16 ], "texture": "#texture1" },
				"up": { "uv": [ 0, 0, 16, 16 ], "texture": "#texture1" },
				"north": { "uv": [ 0, 0, 16, 16 ], "texture": "#texture1" },
				"south": { "uv": [ 0, 0, 16, 16 ], "texture": "#texture1" },
				"west": { "uv": [ 0, 0, 16, 16 ], "texture": "#texture1" },
				"east": { "uv": [ 0, 0, 16, 16 ], "texture": "#texture1" }
			}
		},
		{
			"__comment": "Box1",
			"from": [ -7, 7, 14.5 ],
			"to": [ -3, 11, 18.5 ],
			"faces": {
				"down": { "uv": [ 0, 0, 16, 16 ], "texture": "#texture1" },
				"up": { "uv": [ 0, 0, 16, 16 ], "texture": "#texture1" },
				"north": { "uv": [ 0, 0, 16, 16 ], "texture": "#texture1" },
				"south": { "uv": [ 0, 0, 16, 16 ], "texture": "#texture1" },
				"west": { "uv": [ 0, 0, 16, 16 ], "texture": "#texture1" },
				"east": { "uv": [ 0, 0, 16, 16 ], "texture": "#texture1" }
			}
		},
		{
			"__comment": "Box1",
			"from": [ -3, 7, 10.5 ],
			"to": [ 1, 11, 14.5 ],
			"faces": {
				"down": { "uv": [ 0, 0, 16, 16 ], "texture": "#texture1" },
				"up": { "uv": [ 0, 0, 16, 16 ], "texture": "#texture1" },
				"north": { "uv": [ 0, 0, 16, 16 ], "texture": "#texture1" },
				"south": { "uv": [ 0, 0, 16, 16 ], "texture": "#texture1" },
				"west": { "uv": [ 0, 0, 16, 16 ], "texture": "#texture1" },
				"east": { "uv": [ 0, 0, 16, 16 ], "texture": "#texture1" }
			}
		},
		{
			"__comment": "Box1",
			"from": [ 1, 7, 10.5 ],
			"to": [ 5, 11, 14.5 ],
			"faces": {
				"down": { "uv": [ 0, 0, 16, 16 ], "texture": "#texture1" },
				"up": { "uv": [ 0, 0, 16, 16 ], "texture": "#texture1" },
				"north": { "uv": [ 0, 0, 16, 16 ], "texture": "#texture1" },
				"south": { "uv": [ 0, 0, 16, 16 ], "texture": "#texture1" },
				"west": { "uv": [ 0, 0, 16, 16 ], "texture": "#texture1" },
				"east": { "uv": [ 0, 0, 16, 16 ], "texture": "#texture1" }
			}
		},
		{
			"__comment": "Box1",
			"from": [ -3, 7, 14.5 ],
			"to": [ 1, 11, 18.5 ],
			"faces": {
				"down": { "uv": [ 0, 0, 16, 16 ], "texture": "#texture1" },
				"up": { "uv": [ 0, 0, 16, 16 ], "texture": "#texture1" },
				"north": { "uv": [ 0, 0, 16, 16 ], "texture": "#texture1" },
				"south": { "uv": [ 0, 0, 16, 16 ], "texture": "#texture1" },
				"west": { "uv": [ 0, 0, 16, 16 ], "texture": "#texture1" },
				"east": { "uv": [ 0, 0, 16, 16 ], "texture": "#texture1" }
			}
		},
		{
			"__comment": "Box1",
			"from": [ -3, 7, 18.5 ],
			"to": [ 1, 11, 22.5 ],
			"faces": {
				"down": { "uv": [ 0, 0, 16, 16 ], "texture": "#texture1" },
				"up": { "uv": [ 0, 0, 16, 16 ], "texture": "#texture1" },
				"north": { "uv": [ 0, 0, 16, 16 ], "texture": "#texture1" },
				"south": { "uv": [ 0, 0, 16, 16 ], "texture": "#texture1" },
				"west": { "uv": [ 0, 0, 16, 16 ], "texture": "#texture1" },
				"east": { "uv": [ 0, 0, 16, 16 ], "texture": "#texture1" }
			}
		},
		{
			"__comment": "Box1",
			"from": [ 1, 7, 14.5 ],
			"to": [ 5, 11, 18.5 ],
			"faces": {
				"down": { "uv": [ 0, 0, 16, 16 ], "texture": "#texture1" },
				"up": { "uv": [ 0, 0, 16, 16 ], "texture": "#texture1" },
				"north": { "uv": [ 0, 0, 16, 16 ], "texture": "#texture1" },
				"south": { "uv": [ 0, 0, 16, 16 ], "texture": "#texture1" },
				"west": { "uv": [ 0, 0, 16, 16 ], "texture": "#texture1" },
				"east": { "uv": [ 0, 0, 16, 16 ], "texture": "#texture1" }
			}
		},
		{
			"__comment": "Box1",
			"from": [ 5, 7, 14.5 ],
			"to": [ 9, 11, 18.5 ],
			"faces": {
				"down": { "uv": [ 0, 0, 16, 16 ], "texture": "#texture1" },
				"up": { "uv": [ 0, 0, 16, 16 ], "texture": "#texture1" },
				"north": { "uv": [ 0, 0, 16, 16 ], "texture": "#texture1" },
				"south": { "uv": [ 0, 0, 16, 16 ], "texture": "#texture1" },
				"west": { "uv": [ 0, 0, 16, 16 ], "texture": "#texture1" },
				"east": { "uv": [ 0, 0, 16, 16 ], "texture": "#texture1" }
			}
		},
		{
			"__comment": "Box1",
			"from": [ 5, 7, 18.5 ],
			"to": [ 9, 11, 22.5 ],
			"faces": {
				"down": { "uv": [ 0, 0, 16, 16 ], "texture": "#texture1" },
				"up": { "uv": [ 0, 0, 16, 16 ], "texture": "#texture1" },
				"north": { "uv": [ 0, 0, 16, 16 ], "texture": "#texture1" },
				"south": { "uv": [ 0, 0, 16, 16 ], "texture": "#texture1" },
				"west": { "uv": [ 0, 0, 16, 16 ], "texture": "#texture1" },
				"east": { "uv": [ 0, 0, 16, 16 ], "texture": "#texture1" }
			}
		},
		{
			"__comment": "Box1",
			"from": [ -11, 7, 6.5 ],
			"to": [ -7, 11, 10.5 ],
			"faces": {
				"down": { "uv": [ 0, 0, 16, 16 ], "texture": "#texture1" },
				"up": { "uv": [ 0, 0, 16, 16 ], "texture": "#texture1" },
				"north": { "uv": [ 0, 0, 16, 16 ], "texture": "#texture1" },
				"south": { "uv": [ 0, 0, 16, 16 ], "texture": "#texture1" },
				"west": { "uv": [ 0, 0, 16, 16 ], "texture": "#texture1" },
				"east": { "uv": [ 0, 0, 16, 16 ], "texture": "#texture1" }
			}
		},
		{
			"__comment": "Box1",
			"from": [ -7, 7, 2.5 ],
			"to": [ -3, 11, 6.5 ],
			"faces": {
				"down": { "uv": [ 0, 0, 16, 16 ], "texture": "#texture1" },
				"up": { "uv": [ 0, 0, 16, 16 ], "texture": "#texture1" },
				"north": { "uv": [ 0, 0, 16, 16 ], "texture": "#texture1" },
				"south": { "uv": [ 0, 0, 16, 16 ], "texture": "#texture1" },
				"west": { "uv": [ 0, 0, 16, 16 ], "texture": "#texture1" },
				"east": { "uv": [ 0, 0, 16, 16 ], "texture": "#texture1" }
			}
		},
		{
			"__comment": "Box1",
			"from": [ -3, 7, -1.5 ],
			"to": [ 1, 11, 2.5 ],
			"faces": {
				"down": { "uv": [ 0, 0, 16, 16 ], "texture": "#texture1" },
				"up": { "uv": [ 0, 0, 16, 16 ], "texture": "#texture1" },
				"north": { "uv": [ 0, 0, 16, 16 ], "texture": "#texture1" },
				"south": { "uv": [ 0, 0, 16, 16 ], "texture": "#texture1" },
				"west": { "uv": [ 0, 0, 16, 16 ], "texture": "#texture1" },
				"east": { "uv": [ 0, 0, 16, 16 ], "texture": "#texture1" }
			}
		},
		{
			"__comment": "Box1",
			"from": [ 13, 7, 18.5 ],
			"to": [ 17, 11, 22.5 ],
			"faces": {
				"down": { "uv": [ 0, 0, 16, 16 ], "texture": "#texture2" },
				"up": { "uv": [ 0, 0, 16, 16 ], "texture": "#texture2" },
				"north": { "uv": [ 0, 0, 16, 16 ], "texture": "#texture2" },
				"south": { "uv": [ 0, 0, 16, 16 ], "texture": "#texture2" },
				"west": { "uv": [ 0, 0, 16, 16 ], "texture": "#texture2" },
				"east": { "uv": [ 0, 0, 16, 16 ], "texture": "#texture2" }
			}
		},
		{
			"__comment": "Box1",
			"from": [ 5, 9, 26.5 ],
			"to": [ 9, 11, 30.5 ],
			"faces": {
				"down": { "uv": [ 0, 0, 16, 16 ], "texture": "#texture3" },
				"up": { "uv": [ 0, 0, 16, 16 ], "texture": "#texture3" },
				"north": { "uv": [ 0, 0, 16, 8 ], "texture": "#texture3" },
				"south": { "uv": [ 0, 0, 16, 8 ], "texture": "#texture3" },
				"west": { "uv": [ 0, 0, 16, 8 ], "texture": "#texture3" },
				"east": { "uv": [ 0, 0, 16, 8 ], "texture": "#texture3" }
			}
		},
		{
			"__comment": "Box1",
			"from": [ 9, 9, 22.5 ],
			"to": [ 13, 11, 26.5 ],
			"faces": {
				"down": { "uv": [ 0, 0, 16, 16 ], "texture": "#texture3" },
				"up": { "uv": [ 0, 0, 16, 16 ], "texture": "#texture3" },
				"north": { "uv": [ 0, 0, 16, 8 ], "texture": "#texture3" },
				"south": { "uv": [ 0, 0, 16, 8 ], "texture": "#texture3" },
				"west": { "uv": [ 0, 0, 16, 8 ], "texture": "#texture3" },
				"east": { "uv": [ 0, 0, 16, 8 ], "texture": "#texture3" }
			}
		},
		{
			"__comment": "Box1",
			"from": [ -11, 11, 10.5 ],
			"to": [ -7, 13, 14.5 ],
			"faces": {
				"down": { "uv": [ 0, 0, 16, 16 ], "texture": "#texture4" },
				"up": { "uv": [ 0, 0, 16, 16 ], "texture": "#texture4" },
				"north": { "uv": [ 0, 0, 16, 8 ], "texture": "#texture4" },
				"south": { "uv": [ 0, 0, 16, 8 ], "texture": "#texture4" },
				"west": { "uv": [ 0, 0, 16, 8 ], "texture": "#texture4" },
				"east": { "uv": [ 0, 0, 16, 8 ], "texture": "#texture4" }
			}
		},
		{
			"__comment": "Box1",
			"from": [ -7, 11, 6.5 ],
			"to": [ -3, 13, 10.5 ],
			"faces": {
				"down": { "uv": [ 0, 0, 16, 16 ], "texture": "#texture4" },
				"up": { "uv": [ 0, 0, 16, 16 ], "texture": "#texture4" },
				"north": { "uv": [ 0, 0, 16, 8 ], "texture": "#texture4" },
				"south": { "uv": [ 0, 0, 16, 8 ], "texture": "#texture4" },
				"west": { "uv": [ 0, 0, 16, 8 ], "texture": "#texture4" },
				"east": { "uv": [ 0, 0, 16, 8 ], "texture": "#texture4" }
			}
		},
		{
			"__comment": "Box1",
			"from": [ -3, 11, 2.5 ],
			"to": [ 1, 13, 6.5 ],
			"faces": {
				"down": { "uv": [ 0, 0, 16, 16 ], "texture": "#texture4" },
				"up": { "uv": [ 0, 0, 16, 16 ], "texture": "#texture4" },
				"north": { "uv": [ 0, 0, 16, 8 ], "texture": "#texture4" },
				"south": { "uv": [ 0, 0, 16, 8 ], "texture": "#texture4" },
				"west": { "uv": [ 0, 0, 16, 8 ], "texture": "#texture4" },
				"east": { "uv": [ 0, 0, 16, 8 ], "texture": "#texture4" }
			}
		},
		{
			"__comment": "Box1",
			"from": [ 1, 7, -9.5 ],
			"to": [ 5, 9, -5.5 ],
			"faces": {
				"down": { "uv": [ 0, 0, 16, 16 ], "texture": "#texture5" },
				"up": { "uv": [ 0, 0, 16, 16 ], "texture": "#texture5" },
				"north": { "uv": [ 0, 0, 16, 8 ], "texture": "#texture5" },
				"south": { "uv": [ 0, 0, 16, 8 ], "texture": "#texture5" },
				"west": { "uv": [ 0, 0, 16, 8 ], "texture": "#texture5" },
				"east": { "uv": [ 0, 0, 16, 8 ], "texture": "#texture5" }
			}
		},
		{
			"__comment": "Box1",
			"from": [ -3, 7, -5.5 ],
			"to": [ 1, 9, -1.5 ],
			"faces": {
				"down": { "uv": [ 0, 0, 16, 16 ], "texture": "#texture5" },
				"up": { "uv": [ 0, 0, 16, 16 ], "texture": "#texture5" },
				"north": { "uv": [ 0, 0, 16, 8 ], "texture": "#texture5" },
				"south": { "uv": [ 0, 0, 16, 8 ], "texture": "#texture5" },
				"west": { "uv": [ 0, 0, 16, 8 ], "texture": "#texture5" },
				"east": { "uv": [ 0, 0, 16, 8 ], "texture": "#texture5" }
			}
		},
		{
			"__comment": "Box1",
			"from": [ 9, 9, 14.5 ],
			"to": [ 13, 11, 18.5 ],
			"faces": {
				"down": { "uv": [ 0, 0, 16, 16 ], "texture": "#texture3" },
				"up": { "uv": [ 0, 0, 16, 16 ], "texture": "#texture3" },
				"north": { "uv": [ 0, 0, 16, 8 ], "texture": "#texture3" },
				"south": { "uv": [ 0, 0, 16, 8 ], "texture": "#texture3" },
				"west": { "uv": [ 0, 0, 16, 8 ], "texture": "#texture3" },
				"east": { "uv": [ 0, 0, 16, 8 ], "texture": "#texture3" }
			}
		},
		{
			"__comment": "Box1",
			"from": [ 13, 9, 10.5 ],
			"to": [ 17, 11, 14.5 ],
			"faces": {
				"down": { "uv": [ 0, 0, 16, 16 ], "texture": "#texture3" },
				"up": { "uv": [ 0, 0, 16, 16 ], "texture": "#texture3" },
				"north": { "uv": [ 0, 0, 16, 8 ], "texture": "#texture3" },
				"south": { "uv": [ 0, 0, 16, 8 ], "texture": "#texture3" },
				"west": { "uv": [ 0, 0, 16, 8 ], "texture": "#texture3" },
				"east": { "uv": [ 0, 0, 16, 8 ], "texture": "#texture3" }
			}
		},
		{
			"__comment": "Box1",
			"from": [ 17, 9, 6.5 ],
			"to": [ 21, 11, 10.5 ],
			"faces": {
				"down": { "uv": [ 0, 0, 16, 16 ], "texture": "#texture3" },
				"up": { "uv": [ 0, 0, 16, 16 ], "texture": "#texture3" },
				"north": { "uv": [ 0, 0, 16, 8 ], "texture": "#texture3" },
				"south": { "uv": [ 0, 0, 16, 8 ], "texture": "#texture3" },
				"west": { "uv": [ 0, 0, 16, 8 ], "texture": "#texture3" },
				"east": { "uv": [ 0, 0, 16, 8 ], "texture": "#texture3" }
			}
		},
		{
			"__comment": "Box1",
			"from": [ 13, 7, 6.5 ],
			"to": [ 17, 11, 10.5 ],
			"faces": {
				"down": { "uv": [ 0, 0, 16, 16 ], "texture": "#texture1" },
				"up": { "uv": [ 0, 0, 16, 16 ], "texture": "#texture1" },
				"north": { "uv": [ 0, 0, 16, 16 ], "texture": "#texture1" },
				"south": { "uv": [ 0, 0, 16, 16 ], "texture": "#texture1" },
				"west": { "uv": [ 0, 0, 16, 16 ], "texture": "#texture1" },
				"east": { "uv": [ 0, 0, 16, 16 ], "texture": "#texture1" }
			}
		},
		{
			"__comment": "Box1",
			"from": [ 13, 7, 2.5 ],
			"to": [ 17, 11, 6.5 ],
			"faces": {
				"down": { "uv": [ 0, 0, 16, 16 ], "texture": "#texture1" },
				"up": { "uv": [ 0, 0, 16, 16 ], "texture": "#texture1" },
				"north": { "uv": [ 0, 0, 16, 16 ], "texture": "#texture1" },
				"south": { "uv": [ 0, 0, 16, 16 ], "texture": "#texture1" },
				"west": { "uv": [ 0, 0, 16, 16 ], "texture": "#texture1" },
				"east": { "uv": [ 0, 0, 16, 16 ], "texture": "#texture1" }
			}
		},
		{
			"__comment": "Box1",
			"from": [ 9, 7, -1.5 ],
			"to": [ 13, 11, 2.5 ],
			"faces": {
				"down": { "uv": [ 0, 0, 16, 16 ], "texture": "#texture1" },
				"up": { "uv": [ 0, 0, 16, 16 ], "texture": "#texture1" },
				"north": { "uv": [ 0, 0, 16, 16 ], "texture": "#texture1" },
				"south": { "uv": [ 0, 0, 16, 16 ], "texture": "#texture1" },
				"west": { "uv": [ 0, 0, 16, 16 ], "texture": "#texture1" },
				"east": { "uv": [ 0, 0, 16, 16 ], "texture": "#texture1" }
			}
		},
		{
			"__comment": "Box1",
			"from": [ 9, 7, 10.5 ],
			"to": [ 13, 11, 14.5 ],
			"faces": {
				"down": { "uv": [ 0, 0, 16, 16 ], "texture": "#texture1" },
				"up": { "uv": [ 0, 0, 16, 16 ], "texture": "#texture1" },
				"north": { "uv": [ 0, 0, 16, 16 ], "texture": "#texture1" },
				"south": { "uv": [ 0, 0, 16, 16 ], "texture": "#texture1" },
				"west": { "uv": [ 0, 0, 16, 16 ], "texture": "#texture1" },
				"east": { "uv": [ 0, 0, 16, 16 ], "texture": "#texture1" }
			}
		},
		{
			"__comment": "Box1",
			"from": [ 13, 9, -1.5 ],
			"to": [ 17, 11, 2.5 ],
			"faces": {
				"down": { "uv": [ 0, 0, 16, 16 ], "texture": "#texture3" },
				"up": { "uv": [ 0, 0, 16, 16 ], "texture": "#texture3" },
				"north": { "uv": [ 0, 0, 16, 8 ], "texture": "#texture3" },
				"south": { "uv": [ 0, 0, 16, 8 ], "texture": "#texture3" },
				"west": { "uv": [ 0, 0, 16, 8 ], "texture": "#texture3" },
				"east": { "uv": [ 0, 0, 16, 8 ], "texture": "#texture3" }
			}
		},
		{
			"__comment": "Box1",
			"from": [ 9, 9, -5.5 ],
			"to": [ 13, 11, -1.5 ],
			"faces": {
				"down": { "uv": [ 0, 0, 16, 16 ], "texture": "#texture3" },
				"up": { "uv": [ 0, 0, 16, 16 ], "texture": "#texture3" },
				"north": { "uv": [ 0, 0, 16, 8 ], "texture": "#texture3" },
				"south": { "uv": [ 0, 0, 16, 8 ], "texture": "#texture3" },
				"west": { "uv": [ 0, 0, 16, 8 ], "texture": "#texture3" },
				"east": { "uv": [ 0, 0, 16, 8 ], "texture": "#texture3" }
			}
		},
		{
			"__comment": "Box1",
			"from": [ 1, 7, -5.5 ],
			"to": [ 5, 11, -1.5 ],
			"faces": {
				"down": { "uv": [ 0, 0, 16, 16 ], "texture": "#texture1" },
				"up": { "uv": [ 0, 0, 16, 16 ], "texture": "#texture1" },
				"north": { "uv": [ 0, 0, 16, 16 ], "texture": "#texture1" },
				"south": { "uv": [ 0, 0, 16, 16 ], "texture": "#texture1" },
				"west": { "uv": [ 0, 0, 16, 16 ], "texture": "#texture1" },
				"east": { "uv": [ 0, 0, 16, 16 ], "texture": "#texture1" }
			}
		},
		{
			"__comment": "Box1",
			"from": [ -7, 7, -1.5 ],
			"to": [ -3, 9, 2.5 ],
			"faces": {
				"down": { "uv": [ 0, 0, 16, 16 ], "texture": "#texture5" },
				"up": { "uv": [ 0, 0, 16, 16 ], "texture": "#texture5" },
				"north": { "uv": [ 0, 0, 16, 8 ], "texture": "#texture5" },
				"south": { "uv": [ 0, 0, 16, 8 ], "texture": "#texture5" },
				"west": { "uv": [ 0, 0, 16, 8 ], "texture": "#texture5" },
				"east": { "uv": [ 0, 0, 16, 8 ], "texture": "#texture5" }
			}
		},
		{
			"__comment": "Box1",
			"from": [ 1, 7, 6.5 ],
			"to": [ 5, 11, 10.5 ],
			"faces": {
				"down": { "uv": [ 0, 0, 16, 16 ], "texture": "#texture1" },
				"up": { "uv": [ 0, 0, 16, 16 ], "texture": "#texture1" },
				"north": { "uv": [ 0, 0, 16, 16 ], "texture": "#texture1" },
				"south": { "uv": [ 0, 0, 16, 16 ], "texture": "#texture1" },
				"west": { "uv": [ 0, 0, 16, 16 ], "texture": "#texture1" },
				"east": { "uv": [ 0, 0, 16, 16 ], "texture": "#texture1" }
			}
		},
		{
			"__comment": "Box1",
			"from": [ 5, 7, 10.5 ],
			"to": [ 9, 11, 14.5 ],
			"faces": {
				"down": { "uv": [ 0, 0, 16, 16 ], "texture": "#texture1" },
				"up": { "uv": [ 0, 0, 16, 16 ], "texture": "#texture1" },
				"north": { "uv": [ 0, 0, 16, 16 ], "texture": "#texture1" },
				"south": { "uv": [ 0, 0, 16, 16 ], "texture": "#texture1" },
				"west": { "uv": [ 0, 0, 16, 16 ], "texture": "#texture1" },
				"east": { "uv": [ 0, 0, 16, 16 ], "texture": "#texture1" }
			}
		},
		{
			"__comment": "Box1",
			"from": [ 5, 7, 6.5 ],
			"to": [ 9, 11, 10.5 ],
			"faces": {
				"down": { "uv": [ 0, 0, 16, 16 ], "texture": "#texture1" },
				"up": { "uv": [ 0, 0, 16, 16 ], "texture": "#texture1" },
				"north": { "uv": [ 0, 0, 16, 16 ], "texture": "#texture1" },
				"south": { "uv": [ 0, 0, 16, 16 ], "texture": "#texture1" },
				"west": { "uv": [ 0, 0, 16, 16 ], "texture": "#texture1" },
				"east": { "uv": [ 0, 0, 16, 16 ], "texture": "#texture1" }
			}
		},
		{
			"__comment": "Box1",
			"from": [ 9, 7, 6.5 ],
			"to": [ 13, 11, 10.5 ],
			"faces": {
				"down": { "uv": [ 0, 0, 16, 16 ], "texture": "#texture1" },
				"up": { "uv": [ 0, 0, 16, 16 ], "texture": "#texture1" },
				"north": { "uv": [ 0, 0, 16, 16 ], "texture": "#texture1" },
				"south": { "uv": [ 0, 0, 16, 16 ], "texture": "#texture1" },
				"west": { "uv": [ 0, 0, 16, 16 ], "texture": "#texture1" },
				"east": { "uv": [ 0, 0, 16, 16 ], "texture": "#texture1" }
			}
		},
		{
			"__comment": "Box1",
			"from": [ 9, 7, 2.5 ],
			"to": [ 13, 11, 6.5 ],
			"faces": {
				"down": { "uv": [ 0, 0, 16, 16 ], "texture": "#texture1" },
				"up": { "uv": [ 0, 0, 16, 16 ], "texture": "#texture1" },
				"north": { "uv": [ 0, 0, 16, 16 ], "texture": "#texture1" },
				"south": { "uv": [ 0, 0, 16, 16 ], "texture": "#texture1" },
				"west": { "uv": [ 0, 0, 16, 16 ], "texture": "#texture1" },
				"east": { "uv": [ 0, 0, 16, 16 ], "texture": "#texture1" }
			}
		},
		{
			"__comment": "Box1",
			"from": [ 5, 7, 2.5 ],
			"to": [ 9, 11, 6.5 ],
			"faces": {
				"down": { "uv": [ 0, 0, 16, 16 ], "texture": "#texture1" },
				"up": { "uv": [ 0, 0, 16, 16 ], "texture": "#texture1" },
				"north": { "uv": [ 0, 0, 16, 16 ], "texture": "#texture1" },
				"south": { "uv": [ 0, 0, 16, 16 ], "texture": "#texture1" },
				"west": { "uv": [ 0, 0, 16, 16 ], "texture": "#texture1" },
				"east": { "uv": [ 0, 0, 16, 16 ], "texture": "#texture1" }
			}
		},
		{
			"__comment": "Box1",
			"from": [ 5, 7, -1.5 ],
			"to": [ 9, 11, 2.5 ],
			"faces": {
				"down": { "uv": [ 0, 0, 16, 16 ], "texture": "#texture1" },
				"up": { "uv": [ 0, 0, 16, 16 ], "texture": "#texture1" },
				"north": { "uv": [ 0, 0, 16, 16 ], "texture": "#texture1" },
				"south": { "uv": [ 0, 0, 16, 16 ], "texture": "#texture1" },
				"west": { "uv": [ 0, 0, 16, 16 ], "texture": "#texture1" },
				"east": { "uv": [ 0, 0, 16, 16 ], "texture": "#texture1" }
			}
		},
		{
			"__comment": "Box1",
			"from": [ 5, 7, -5.5 ],
			"to": [ 9, 11, -1.5 ],
			"faces": {
				"down": { "uv": [ 0, 0, 16, 16 ], "texture": "#texture1" },
				"up": { "uv": [ 0, 0, 16, 16 ], "texture": "#texture1" },
				"north": { "uv": [ 0, 0, 16, 16 ], "texture": "#texture1" },
				"south": { "uv": [ 0, 0, 16, 16 ], "texture": "#texture1" },
				"west": { "uv": [ 0, 0, 16, 16 ], "texture": "#texture1" },
				"east": { "uv": [ 0, 0, 16, 16 ], "texture": "#texture1" }
			}
		},
		{
			"__comment": "Box1",
			"from": [ 1, 7, -1.5 ],
			"to": [ 5, 11, 2.5 ],
			"faces": {
				"down": { "uv": [ 0, 0, 16, 16 ], "texture": "#texture1" },
				"up": { "uv": [ 0, 0, 16, 16 ], "texture": "#texture1" },
				"north": { "uv": [ 0, 0, 16, 16 ], "texture": "#texture1" },
				"south": { "uv": [ 0, 0, 16, 16 ], "texture": "#texture1" },
				"west": { "uv": [ 0, 0, 16, 16 ], "texture": "#texture1" },
				"east": { "uv": [ 0, 0, 16, 16 ], "texture": "#texture1" }
			}
		},
		{
			"__comment": "Box1",
			"from": [ 1, 7, 2.5 ],
			"to": [ 5, 11, 6.5 ],
			"faces": {
				"down": { "uv": [ 0, 0, 16, 16 ], "texture": "#texture1" },
				"up": { "uv": [ 0, 0, 16, 16 ], "texture": "#texture1" },
				"north": { "uv": [ 0, 0, 16, 16 ], "texture": "#texture1" },
				"south": { "uv": [ 0, 0, 16, 16 ], "texture": "#texture1" },
				"west": { "uv": [ 0, 0, 16, 16 ], "texture": "#texture1" },
				"east": { "uv": [ 0, 0, 16, 16 ], "texture": "#texture1" }
			}
		},
		{
			"__comment": "Box1",
			"from": [ -11, 7, 10.5 ],
			"to": [ -7, 11, 14.5 ],
			"faces": {
				"down": { "uv": [ 0, 0, 16, 16 ], "texture": "#texture1" },
				"up": { "uv": [ 0, 0, 16, 16 ], "texture": "#texture1" },
				"north": { "uv": [ 0, 0, 16, 16 ], "texture": "#texture1" },
				"south": { "uv": [ 0, 0, 16, 16 ], "texture": "#texture1" },
				"west": { "uv": [ 0, 0, 16, 16 ], "texture": "#texture1" },
				"east": { "uv": [ 0, 0, 16, 16 ], "texture": "#texture1" }
			}
		},
		{
			"__comment": "Box1",
			"from": [ 17, 7, 2.5 ],
			"to": [ 21, 11, 6.5 ],
			"faces": {
				"down": { "uv": [ 0, 0, 16, 16 ], "texture": "#texture2" },
				"up": { "uv": [ 0, 0, 16, 16 ], "texture": "#texture2" },
				"north": { "uv": [ 0, 0, 16, 16 ], "texture": "#texture2" },
				"south": { "uv": [ 0, 0, 16, 16 ], "texture": "#texture2" },
				"west": { "uv": [ 0, 0, 16, 16 ], "texture": "#texture2" },
				"east": { "uv": [ 0, 0, 16, 16 ], "texture": "#texture2" }
			}
		},
		{
			"__comment": "Box1",
			"from": [ 5, 7, -9.5 ],
			"to": [ 9, 11, -5.5 ],
			"faces": {
				"down": { "uv": [ 0, 0, 16, 16 ], "texture": "#texture2" },
				"up": { "uv": [ 0, 0, 16, 16 ], "texture": "#texture2" },
				"north": { "uv": [ 0, 0, 16, 16 ], "texture": "#texture2" },
				"south": { "uv": [ 0, 0, 16, 16 ], "texture": "#texture2" },
				"west": { "uv": [ 0, 0, 16, 16 ], "texture": "#texture2" },
				"east": { "uv": [ 0, 0, 16, 16 ], "texture": "#texture2" }
			}
		}
	],
	"display": {
		"thirdperson_lefthand": {
			"rotation":  [ 90, -90, 0 ],
			"translation":  [ 0, 0, 18.086 ],
			"scale":  [ 4, 4, 4 ]
		}
	}
}