{
	"__comment": "Designed by Steven - https://cubik.studio",
	"textures": {
		"particle": "blocks/e_particle",
		"texture": "block/dark_oak_planks"
	},
	"elements": [ 	 
		{
			"__comment": "Box1",
			"from": [ -16, 0, -16 ],
			"to": [ 0, 8, 0 ],
			"faces": {
				"down": { "uv": [ 0, 0, 16, 16 ], "texture": "#texture" },
				"up": { "uv": [ 0, 0, 16, 16 ], "texture": "#texture" },
				"north": { "uv": [ 0, 8, 16, 16 ], "texture": "#texture" },
				"south": { "uv": [ 0, 8, 16, 16 ], "texture": "#texture" },
				"west": { "uv": [ 0, 8, 16, 16 ], "texture": "#texture" },
				"east": { "uv": [ 0, 8, 16, 16 ], "texture": "#texture" }
			}
		},
		{
			"__comment": "Box1",
			"from": [ 0, 0, 0 ],
			"to": [ 16, 8, 16 ],
			"faces": {
				"down": { "uv": [ 0, 0, 16, 16 ], "texture": "#texture" },
				"up": { "uv": [ 0, 0, 16, 16 ], "texture": "#texture" },
				"north": { "uv": [ 0, 8, 16, 16 ], "texture": "#texture" },
				"south": { "uv": [ 0, 8, 16, 16 ], "texture": "#texture" },
				"west": { "uv": [ 0, 8, 16, 16 ], "texture": "#texture" },
				"east": { "uv": [ 0, 8, 16, 16 ], "texture": "#texture" }
			}
		},
		{
			"__comment": "Box1",
			"from": [ 16, 0, 16 ],
			"to": [ 32, 8, 32 ],
			"faces": {
				"down": { "uv": [ 0, 0, 16, 16 ], "texture": "#texture" },
				"up": { "uv": [ 0, 0, 16, 16 ], "texture": "#texture" },
				"north": { "uv": [ 0, 8, 16, 16 ], "texture": "#texture" },
				"south": { "uv": [ 0, 8, 16, 16 ], "texture": "#texture" },
				"west": { "uv": [ 0, 8, 16, 16 ], "texture": "#texture" },
				"east": { "uv": [ 0, 8, 16, 16 ], "texture": "#texture" }
			}
		}
	],
	"display": {
		"head": {
			"scale":  [ 1.6, 1.6, 1.6 ],
			"translation":  [ 0, -31, 0 ]
		}
	}
}