{
	"__comment": "Crafted by Agentdid127. :D",
	"textures": {
		"texture": "block/quartz_block_bottom",
		"texture1": "block/terracotta",
		"texture2": "block/brown_concrete"
	},
	"elements": [ 	 
		{
			"__comment": "Box2",
			"from": [ 0, 0, 0 ],
			"to": [ 16, 1, 16 ],
			"faces": {
				"down": { "uv": [ 0, 0, 16, 16 ], "texture": "#texture" },
				"up": { "uv": [ 0, 0, 16, 16 ], "texture": "#texture" },
				"north": { "uv": [ 0, 15, 16, 16 ], "texture": "#texture" },
				"south": { "uv": [ 0, 15, 16, 16 ], "texture": "#texture" },
				"west": { "uv": [ 0, 15, 16, 16 ], "texture": "#texture" },
				"east": { "uv": [ 0, 15, 16, 16 ], "texture": "#texture" }
			}
		},
		{
			"__comment": "Box2",
			"from": [ 0, 1, 0 ],
			"to": [ 1, 2, 16 ],
			"faces": {
				"down": { "uv": [ 0, 0, 1, 16 ], "texture": "#texture" },
				"up": { "uv": [ 0, 0, 1, 16 ], "texture": "#texture" },
				"north": { "uv": [ 15, 14, 16, 15 ], "texture": "#texture" },
				"south": { "uv": [ 0, 14, 1, 15 ], "texture": "#texture" },
				"west": { "uv": [ 0, 14, 16, 15 ], "texture": "#texture" },
				"east": { "uv": [ 0, 14, 16, 15 ], "texture": "#texture" }
			}
		},
		{
			"__comment": "Box2",
			"from": [ 15, 1, 0 ],
			"to": [ 16, 2, 16 ],
			"faces": {
				"down": { "uv": [ 15, 0, 16, 16 ], "texture": "#texture" },
				"up": { "uv": [ 15, 0, 16, 16 ], "texture": "#texture" },
				"north": { "uv": [ 0, 14, 1, 15 ], "texture": "#texture" },
				"south": { "uv": [ 15, 14, 16, 15 ], "texture": "#texture" },
				"west": { "uv": [ 0, 14, 16, 15 ], "texture": "#texture" },
				"east": { "uv": [ 0, 14, 16, 15 ], "texture": "#texture" }
			}
		},
		{
			"__comment": "Box2",
			"from": [ 0, 1, 15 ],
			"to": [ 16, 2, 16 ],
			"faces": {
				"down": { "uv": [ 0.000000954, 0, 16, 1 ], "texture": "#texture" },
				"up": { "uv": [ 0.000000954, 15, 16, 16 ], "texture": "#texture" },
				"north": { "uv": [ 0, 14, 16, 15 ], "texture": "#texture" },
				"south": { "uv": [ 0.000000954, 14, 16, 15 ], "texture": "#texture" },
				"west": { "uv": [ 15, 14, 16, 15 ], "texture": "#texture" },
				"east": { "uv": [ 0, 14, 1, 15 ], "texture": "#texture" }
			}
		},
		{
			"__comment": "Box2",
			"from": [ -0.0001, 1, 0 ],
			"to": [ 15.9999, 2, 1 ],
			"faces": {
				"down": { "uv": [ 0, 15.00003, 15.99989, 16 ], "texture": "#texture" },
				"up": { "uv": [ 0, 0, 15.99989, 0.9999714 ], "texture": "#texture" },
				"north": { "uv": [ 0.000110626, 14, 16, 15 ], "texture": "#texture" },
				"south": { "uv": [ 0, 14, 15.99989, 15 ], "texture": "#texture" },
				"west": { "uv": [ 0, 14, 0.9999714, 15 ], "texture": "#texture" },
				"east": { "uv": [ 15.00003, 14, 16, 15 ], "texture": "#texture" }
			}
		},
		{
			"__comment": "Box7",
			"from": [ 1.5, 1, 2 ],
			"to": [ 5, 2, 5.5 ],
			"faces": {
				"down": { "uv": [ 1.5, 10.5, 5, 14 ], "texture": "#texture1" },
				"up": { "uv": [ 1.5, 2, 5, 5.5 ], "texture": "#texture1" },
				"north": { "uv": [ 11, 14, 14.5, 15 ], "texture": "#texture1" },
				"south": { "uv": [ 1.5, 14, 5, 15 ], "texture": "#texture1" },
				"west": { "uv": [ 2, 14, 5.5, 15 ], "texture": "#texture1" },
				"east": { "uv": [ 10.5, 14, 14, 15 ], "texture": "#texture1" }
			}
		},
		{
			"__comment": "Box7",
			"from": [ 10, 1, 2 ],
			"to": [ 13.5, 2, 5.5 ],
			"faces": {
				"down": { "uv": [ 1.5, 10.5, 5, 14 ], "texture": "#texture1" },
				"up": { "uv": [ 1.5, 2, 5, 5.5 ], "texture": "#texture1" },
				"north": { "uv": [ 11, 14, 14.5, 15 ], "texture": "#texture1" },
				"south": { "uv": [ 1.5, 14, 5, 15 ], "texture": "#texture1" },
				"west": { "uv": [ 2, 14, 5.5, 15 ], "texture": "#texture1" },
				"east": { "uv": [ 10.5, 14, 14, 15 ], "texture": "#texture1" }
			}
		},
		{
			"__comment": "Box7",
			"from": [ 10, 1, 9 ],
			"to": [ 13.5, 2, 12.5 ],
			"faces": {
				"down": { "uv": [ 1.5, 10.5, 5, 14 ], "texture": "#texture1" },
				"up": { "uv": [ 1.5, 2, 5, 5.5 ], "texture": "#texture1" },
				"north": { "uv": [ 11, 14, 14.5, 15 ], "texture": "#texture1" },
				"south": { "uv": [ 1.5, 14, 5, 15 ], "texture": "#texture1" },
				"west": { "uv": [ 2, 14, 5.5, 15 ], "texture": "#texture1" },
				"east": { "uv": [ 10.5, 14, 14, 15 ], "texture": "#texture1" }
			}
		},
		{
			"__comment": "Box7",
			"from": [ 1.5, 1, 9 ],
			"to": [ 5, 2, 12.5 ],
			"faces": {
				"down": { "uv": [ 1.5, 10.5, 5, 14 ], "texture": "#texture1" },
				"up": { "uv": [ 1.5, 2, 5, 5.5 ], "texture": "#texture1" },
				"north": { "uv": [ 11, 14, 14.5, 15 ], "texture": "#texture1" },
				"south": { "uv": [ 1.5, 14, 5, 15 ], "texture": "#texture1" },
				"west": { "uv": [ 2, 14, 5.5, 15 ], "texture": "#texture1" },
				"east": { "uv": [ 10.5, 14, 14, 15 ], "texture": "#texture1" }
			}
		},
		{
			"__comment": "Box7",
			"from": [ 10.5, 2, 2.5 ],
			"to": [ 13, 3, 5 ],
			"faces": {
				"down": { "uv": [ 1.5, 10.5, 5, 14 ], "texture": "#texture2" },
				"up": { "uv": [ 1.5, 2, 5, 5.5 ], "texture": "#texture2" },
				"north": { "uv": [ 11, 14, 14.5, 15 ], "texture": "#texture2" },
				"south": { "uv": [ 1.5, 14, 5, 15 ], "texture": "#texture2" },
				"west": { "uv": [ 2, 14, 5.5, 15 ], "texture": "#texture2" },
				"east": { "uv": [ 10.5, 14, 14, 15 ], "texture": "#texture2" }
			}
		},
		{
			"__comment": "Box7",
			"from": [ 10.5, 2, 9.5 ],
			"to": [ 13, 3, 12 ],
			"faces": {
				"down": { "uv": [ 1.5, 10.5, 5, 14 ], "texture": "#texture2" },
				"up": { "uv": [ 1.5, 2, 5, 5.5 ], "texture": "#texture2" },
				"north": { "uv": [ 11, 14, 14.5, 15 ], "texture": "#texture2" },
				"south": { "uv": [ 1.5, 14, 5, 15 ], "texture": "#texture2" },
				"west": { "uv": [ 2, 14, 5.5, 15 ], "texture": "#texture2" },
				"east": { "uv": [ 10.5, 14, 14, 15 ], "texture": "#texture2" }
			}
		},
		{
			"__comment": "Box7",
			"from": [ 2, 2, 9.5 ],
			"to": [ 4.5, 3, 12 ],
			"faces": {
				"down": { "uv": [ 1.5, 10.5, 5, 14 ], "texture": "#texture2" },
				"up": { "uv": [ 1.5, 2, 5, 5.5 ], "texture": "#texture2" },
				"north": { "uv": [ 11, 14, 14.5, 15 ], "texture": "#texture2" },
				"south": { "uv": [ 1.5, 14, 5, 15 ], "texture": "#texture2" },
				"west": { "uv": [ 2, 14, 5.5, 15 ], "texture": "#texture2" },
				"east": { "uv": [ 10.5, 14, 14, 15 ], "texture": "#texture2" }
			}
		},
		{
			"__comment": "Box7",
			"from": [ 2, 2, 2.5 ],
			"to": [ 4.5, 3, 5 ],
			"faces": {
				"down": { "uv": [ 1.5, 10.5, 5, 14 ], "texture": "#texture2" },
				"up": { "uv": [ 1.5, 2, 5, 5.5 ], "texture": "#texture2" },
				"north": { "uv": [ 11, 14, 14.5, 15 ], "texture": "#texture2" },
				"south": { "uv": [ 1.5, 14, 5, 15 ], "texture": "#texture2" },
				"west": { "uv": [ 2, 14, 5.5, 15 ], "texture": "#texture2" },
				"east": { "uv": [ 10.5, 14, 14, 15 ], "texture": "#texture2" }
			}
		},
		{
			"__comment": "Box7",
			"from": [ 1.5, 3, 9 ],
			"to": [ 5, 4, 12.5 ],
			"faces": {
				"down": { "uv": [ 1.5, 10.5, 5, 14 ], "texture": "#texture1" },
				"up": { "uv": [ 1.5, 2, 5, 5.5 ], "texture": "#texture1" },
				"north": { "uv": [ 11, 14, 14.5, 15 ], "texture": "#texture1" },
				"south": { "uv": [ 1.5, 14, 5, 15 ], "texture": "#texture1" },
				"west": { "uv": [ 2, 14, 5.5, 15 ], "texture": "#texture1" },
				"east": { "uv": [ 10.5, 14, 14, 15 ], "texture": "#texture1" }
			}
		},
		{
			"__comment": "Box7",
			"from": [ 10, 3, 9 ],
			"to": [ 13.5, 4, 12.5 ],
			"faces": {
				"down": { "uv": [ 1.5, 10.5, 5, 14 ], "texture": "#texture1" },
				"up": { "uv": [ 1.5, 2, 5, 5.5 ], "texture": "#texture1" },
				"north": { "uv": [ 11, 14, 14.5, 15 ], "texture": "#texture1" },
				"south": { "uv": [ 1.5, 14, 5, 15 ], "texture": "#texture1" },
				"west": { "uv": [ 2, 14, 5.5, 15 ], "texture": "#texture1" },
				"east": { "uv": [ 10.5, 14, 14, 15 ], "texture": "#texture1" }
			}
		},
		{
			"__comment": "Box7",
			"from": [ 10, 3, 2 ],
			"to": [ 13.5, 4, 5.5 ],
			"faces": {
				"down": { "uv": [ 1.5, 10.5, 5, 14 ], "texture": "#texture1" },
				"up": { "uv": [ 1.5, 2, 5, 5.5 ], "texture": "#texture1" },
				"north": { "uv": [ 11, 14, 14.5, 15 ], "texture": "#texture1" },
				"south": { "uv": [ 1.5, 14, 5, 15 ], "texture": "#texture1" },
				"west": { "uv": [ 2, 14, 5.5, 15 ], "texture": "#texture1" },
				"east": { "uv": [ 10.5, 14, 14, 15 ], "texture": "#texture1" }
			}
		},
		{
			"__comment": "Box7",
			"from": [ 1.5, 3, 2 ],
			"to": [ 5, 4, 5.5 ],
			"faces": {
				"down": { "uv": [ 1.5, 10.5, 5, 14 ], "texture": "#texture1" },
				"up": { "uv": [ 1.5, 2, 5, 5.5 ], "texture": "#texture1" },
				"north": { "uv": [ 11, 14, 14.5, 15 ], "texture": "#texture1" },
				"south": { "uv": [ 1.5, 14, 5, 15 ], "texture": "#texture1" },
				"west": { "uv": [ 2, 14, 5.5, 15 ], "texture": "#texture1" },
				"east": { "uv": [ 10.5, 14, 14, 15 ], "texture": "#texture1" }
			}
		}
	],
	"display": {
		"thirdperson_righthand": {
			"rotation":  [ 75, 45, 0 ],
			"translation":  [ 1, 4, 4 ],
			"scale":  [ 0.5, 0.5, 0.5 ]
		},
		"thirdperson_lefthand": {
			"rotation":  [ 75, 45, 0 ],
			"translation":  [ 1, 4, 4 ],
			"scale":  [ 0.5, 0.5, 0.5 ]
		},
		"firstperson_righthand": {
			"rotation":  [ 0, 45, 0 ],
			"translation":  [ 0, 6.2608, 0 ],
			"scale":  [ 0.4, 0.4, 0.4 ]
		},
		"firstperson_lefthand": {
			"rotation":  [ 0, 45, 0 ],
			"translation":  [ 0, 6.2608, 0 ],
			"scale":  [ 0.4, 0.4, 0.4 ]
		},
		"gui": {
			"rotation":  [ 30, 225, 0 ],
			"translation":  [ 0, 2.7826, 0 ],
			"scale":  [ 0.625, 0.625, 0.625 ]
		},
		"head": {
			"translation":  [ 0, 13.913, 0 ]
		},
		"ground": {
			"translation":  [ 0, 2, 0 ],
			"scale":  [ 0.5, 0.5, 0.5 ]
		},
		"fixed": {
			"rotation":  [ -90, 0, 0 ],
			"translation":  [ 0, 0, -6.956 ]
		}
	}
}