{
    "parent": "item/generated",
    "textures": {
        "layer0": "item/feather"
    },
	"overrides": [
		{"predicate": {"custom_model_data":1000001}, "model": "dhs/signs/billboards/chevrole"},
		{"predicate": {"custom_model_data":1000002}, "model": "dhs/signs/billboards/hollywood-canteen"},
		{"predicate": {"custom_model_data":1000003}, "model": "dhs/signs/billboards/hollywood-land"},
		{"predicate": {"custom_model_data":1000004}, "model": "dhs/signs/billboards/big-red-cars"},
		{"predicate": {"custom_model_data":1000005}, "model": "dhs/signs/billboards/signs/billboards/auto-hound"},
		{"predicate": {"custom_model_data":1000006}, "model": "dhs/signs/billboards/american-tourister"},
		{"predicate": {"custom_model_data":1000007}, "model": "dhs/signs/billboards/maroon-studios"},
		{"predicate": {"custom_model_data":1000008}, "model": "dhs/signs/billboards/chevrole-suburban"},
		{"predicate": {"custom_model_data":1000009}, "model": "dhs/signs/billboards/cuties-mandarins"},
		{"predicate": {"custom_model_data":1000010}, "model": "dhs/signs/billboards/paradisepier"},
		{"predicate": {"custom_model_data":1000011}, "model": "dhs/signs/billboards/fantasmic"},
		
		{"predicate": {"custom_model_data":1000012}, "model": "dhs/signs/signs/crossroad"},
		{"predicate": {"custom_model_data":1000013}, "model": "dhs/signs/signs/crossroad-night"},
		{"predicate": {"custom_model_data":1000014}, "model": "dhs/signs/signs/hb-mickey"},
		{"predicate": {"custom_model_data":1000015}, "model": "dhs/signs/signs/plutos-toy-place"},
		{"predicate": {"custom_model_data":1000016}, "model": "dhs/signs/signs/disney-and-co"},
		{"predicate": {"custom_model_data":1000017}, "model": "dhs/signs/signs/tot"},
		
		{"predicate": {"custom_model_data":1000018}, "model": "dhs/real/scissorlift-top"},
		{"predicate": {"custom_model_data":1000019}, "model": "dhs/real/scissorlift-mid"},
		{"predicate": {"custom_model_data":1000020}, "model": "dhs/real/scissorlift-bottom"},
		
		{"predicate": {"custom_model_data":1000021}, "model": "dhs/shows/jbjb/s1"},
		{"predicate": {"custom_model_data":1000022}, "model": "dhs/shows/jbjb/s2"},
		{"predicate": {"custom_model_data":1000023}, "model": "dhs/shows/jbjb/s3"},
		{"predicate": {"custom_model_data":1000024}, "model": "dhs/shows/jbjb/s4"},
		{"predicate": {"custom_model_data":1000025}, "model": "dhs/shows/jbjb/s5"},
		{"predicate": {"custom_model_data":1000026}, "model": "dhs/shows/jbjb/s6"},
		{"predicate": {"custom_model_data":1000027}, "model": "dhs/shows/jbjb/s7"},
		{"predicate": {"custom_model_data":1000028}, "model": "dhs/shows/jbjb/s8"},
		{"predicate": {"custom_model_data":1000029}, "model": "dhs/shows/jbjb/s9"},
		{"predicate": {"custom_model_data":1000030}, "model": "dhs/shows/jbjb/s10"},
		{"predicate": {"custom_model_data":1000031}, "model": "dhs/shows/jbjb/s11"},
		{"predicate": {"custom_model_data":1000032}, "model": "dhs/shows/jbjb/s12"},
		{"predicate": {"custom_model_data":1000033}, "model": "dhs/shows/jbjb/s13"},
		{"predicate": {"custom_model_data":1000034}, "model": "dhs/shows/jbjb/s14"},
		{"predicate": {"custom_model_data":1000035}, "model": "dhs/shows/jbjb/s15"},
		{"predicate": {"custom_model_data":1000036}, "model": "dhs/shows/jbjb/s16"},
		{"predicate": {"custom_model_data":1000037}, "model": "dhs/shows/jbjb/s17"},
		{"predicate": {"custom_model_data":1000038}, "model": "dhs/shows/jbjb/s18"},
		{"predicate": {"custom_model_data":1000039}, "model": "dhs/shows/jbjb/s19"},
		{"predicate": {"custom_model_data":1000040}, "model": "dhs/shows/jbjb/s20"},
		{"predicate": {"custom_model_data":1000041}, "model": "dhs/shows/jbjb/s21"},
		{"predicate": {"custom_model_data":1000042}, "model": "dhs/shows/jbjb/s22"},
		{"predicate": {"custom_model_data":1000043}, "model": "dhs/shows/jbjb/s23"},
		{"predicate": {"custom_model_data":1000044}, "model": "dhs/shows/jbjb/s24"},
		{"predicate": {"custom_model_data":1000045}, "model": "dhs/shows/jbjb/s25"},
		{"predicate": {"custom_model_data":1000046}, "model": "dhs/shows/jbjb/s26"},
		{"predicate": {"custom_model_data":1000047}, "model": "dhs/shows/jbjb/s27"},
		{"predicate": {"custom_model_data":1000048}, "model": "dhs/shows/jbjb/s28"},
		{"predicate": {"custom_model_data":1000049}, "model": "dhs/shows/jbjb/s29"},
		{"predicate": {"custom_model_data":1000050}, "model": "dhs/shows/jbjb/s30"},
		{"predicate": {"custom_model_data":1000051}, "model": "dhs/shows/jbjb/s31"},
		{"predicate": {"custom_model_data":1000052}, "model": "dhs/shows/jbjb/s32"},
		{"predicate": {"custom_model_data":1000053}, "model": "dhs/shows/jbjb/s33"},
		{"predicate": {"custom_model_data":1000054}, "model": "dhs/shows/jbjb/s34"},
		{"predicate": {"custom_model_data":1000055}, "model": "dhs/shows/jbjb/s35"},
		
		{"predicate": {"custom_model_data":1000056}, "model": "dhs/shows/jbjb/snowglobe"},
		{"predicate": {"custom_model_data":1000057}, "model": "dhs/shows/jbjb/ball"},
		{"predicate": {"custom_model_data":1000058}, "model": "dhs/shows/jbjb/ginger"},
		{"predicate": {"custom_model_data":1000059}, "model": "dhs/shows/jbjb/ball-green"},
		{"predicate": {"custom_model_data":1000060}, "model": "dhs/shows/jbjb/ball-yellow"},
		{"predicate": {"custom_model_data":1000061}, "model": "dhs/shows/jbjb/oogie"},
		
		{"predicate": {"custom_model_data":1000062}, "model": "dhs/shows/swagffa/sw-screen-build-top"},
		{"predicate": {"custom_model_data":1000063}, "model": "dhs/shows/swagffa/bb8body"},
		{"predicate": {"custom_model_data":1000064}, "model": "dhs/shows/swagffa/bb8head"},
		{"predicate": {"custom_model_data":1000065}, "model": "dhs/shows/swagffa/sw-screen-build-back"},
		
		{"predicate": {"custom_model_data":1000066}, "model": "dhs/shows/swagffa/s1"},
		{"predicate": {"custom_model_data":1000067}, "model": "dhs/shows/swagffa/s2"},
		{"predicate": {"custom_model_data":1000068}, "model": "dhs/shows/swagffa/s3"},
		{"predicate": {"custom_model_data":1000069}, "model": "dhs/shows/swagffa/s4"},
		{"predicate": {"custom_model_data":1000070}, "model": "dhs/shows/swagffa/s5"},
		{"predicate": {"custom_model_data":1000071}, "model": "dhs/shows/swagffa/s6"},
		{"predicate": {"custom_model_data":1000072}, "model": "dhs/shows/swagffa/s7"},
		
		{"predicate": {"custom_model_data":1000073}, "model": "dhs/shows/swagffa/stage1"},
		{"predicate": {"custom_model_data":1000074}, "model": "dhs/shows/swagffa/stage2"},
		{"predicate": {"custom_model_data":1000075}, "model": "dhs/shows/swagffa/stage3"},
		
		{"predicate": {"custom_model_data":1000076}, "model": "dhs/shows/sw-screens/sw-screen-hollywoodscreen"},
		{"predicate": {"custom_model_data":1000077}, "model": "dhs/shows/sw-screens/sw-screen-off"},
		{"predicate": {"custom_model_data":1000078}, "model": "dhs/shows/sw-screens/sw-screen-halloween"},
		{"predicate": {"custom_model_data":1000079}, "model": "dhs/shows/sw-screens/sw-screen-christmas"},
		{"predicate": {"custom_model_data":1000080}, "model": "dhs/shows/sw-screens/sw-screen-hollywoodscreen-jbjb"},
		
		{"predicate": {"custom_model_data":1000081}, "model": "dhs/signs/signs/primetimecafe"},
		{"predicate": {"custom_model_data":1000082}, "model": "dhs/signs/signs/mmrr"},
		{"predicate": {"custom_model_data":1000083}, "model": "dhs/signs/signs/launchbay"},
		{"predicate": {"custom_model_data":1000084}, "model": "dhs/signs/signs/disneyjr"},
		{"predicate": {"custom_model_data":1000085}, "model": "dhs/signs/signs/head-to-toe"},
		
		{"predicate": {"custom_model_data":2000001}, "model": "dhs/rides/tot/vehicle"},
		{"predicate": {"custom_model_data":2000002}, "model": "dhs/rides/tot/door"},
		{"predicate": {"custom_model_data":2000003}, "model": "dhs/rides/alien/ass-cart-green"},
		{"predicate": {"custom_model_data":2000004}, "model": "dhs/rides/alien/ass-cart-orange"},
		{"predicate": {"custom_model_data":2000005}, "model": "dhs/rides/alien/ass-cart-purple"},
		{"predicate": {"custom_model_data":2000006}, "model": "dhs/rides/alien/ass-front-blue"},
		{"predicate": {"custom_model_data":2000007}, "model": "dhs/rides/alien/ass-front-red"},
		{"predicate": {"custom_model_data":2000008}, "model": "dhs/rides/alien/ass-front-yellow"},
		{"predicate": {"custom_model_data":2000009}, "model": "dhs/rides/rrc/rrc"},
		{"predicate": {"custom_model_data":2000010}, "model": "dhs/rides/rrc/rrc-back"},
		{"predicate": {"custom_model_data":2000011}, "model": "dhs/rides/rrc/rrc-front"},
		{"predicate": {"custom_model_data":2000012}, "model": "dhs/rides/sdd/sdd"},
		{"predicate": {"custom_model_data":2000013}, "model": "dhs/rides/sdd/sdd-back"},
		{"predicate": {"custom_model_data":2000014}, "model": "dhs/rides/sdd/sdd-front"}
		
		
	],
    "display": {
        "head": {
            "rotation": [ 0, 0, 45 ],
            "translation": [ -1, 13, 7],
            "scale":[ 1, 1, 1]
        }
    }
}
