{
    "parent": "item/generated",
    "textures": {
        "layer0": "item/paper"
    },
  "overrides": [
	{"predicate": {"custom_model_data":1000001}, "model": "merch/phones/iphone"},
	{"predicate": {"custom_model_data":2000001}, "model": "merch/icons/dhs"},
	{"predicate": {"custom_model_data":2000002}, "model": "merch/icons/ush"},
	{"predicate": {"custom_model_data":2000003}, "model": "merch/icons/dhs/btb"},
	{"predicate": {"custom_model_data":2000004}, "model": "merch/icons/dhs/jedi"},
	{"predicate": {"custom_model_data":2000005}, "model": "merch/icons/dhs/mmrr"},
	{"predicate": {"custom_model_data":2000006}, "model": "merch/icons/dhs/rrc"},
	{"predicate": {"custom_model_data":2000007}, "model": "merch/icons/dhs/tot"},
	
	{"predicate": {"custom_model_data":3000001}, "model": "merch/cosmetics/santahat"},
	{"predicate": {"custom_model_data":3000002}, "model": "merch/cosmetics/earhats/alien"},
	{"predicate": {"custom_model_data":3000003}, "model": "merch/cosmetics/earhats/bb8"},
	{"predicate": {"custom_model_data":3000004}, "model": "merch/cosmetics/earhats/block-colour-lightandmater"},
	{"predicate": {"custom_model_data":3000005}, "model": "merch/cosmetics/earhats/block-colour-mikeandsully"},
	{"predicate": {"custom_model_data":3000006}, "model": "merch/cosmetics/earhats/block-colour-sadnessandjoy"},
	{"predicate": {"custom_model_data":3000007}, "model": "merch/cosmetics/earhats/classic-donald"},
	{"predicate": {"custom_model_data":3000008}, "model": "merch/cosmetics/earhats/classic-goofy"},
	{"predicate": {"custom_model_data":3000009}, "model": "merch/cosmetics/earhats/classic-mickey"},
	{"predicate": {"custom_model_data":3000010}, "model": "merch/cosmetics/earhats/classic-minnie"},
	{"predicate": {"custom_model_data":3000011}, "model": "merch/cosmetics/earhats/classic-pluto"},
	{"predicate": {"custom_model_data":3000012}, "model": "merch/cosmetics/earhats/colour-aqua"},
	{"predicate": {"custom_model_data":3000013}, "model": "merch/cosmetics/earhats/colour-blue"},
	{"predicate": {"custom_model_data":3000014}, "model": "merch/cosmetics/earhats/colour-lime"},
	{"predicate": {"custom_model_data":3000015}, "model": "merch/cosmetics/earhats/colour-pink"},
	{"predicate": {"custom_model_data":3000016}, "model": "merch/cosmetics/earhats/colour-purple"},
	{"predicate": {"custom_model_data":3000017}, "model": "merch/cosmetics/earhats/colour-red"},
	{"predicate": {"custom_model_data":3000018}, "model": "merch/cosmetics/earhats/ginger"},
	{"predicate": {"custom_model_data":3000019}, "model": "merch/cosmetics/earhats/kermit"},
	{"predicate": {"custom_model_data":3000020}, "model": "merch/cosmetics/earhats/mickey"},
	{"predicate": {"custom_model_data":3000021}, "model": "merch/cosmetics/earhats/pride"},
	{"predicate": {"custom_model_data":3000022}, "model": "merch/cosmetics/earhats/r2d2"},
	{"predicate": {"custom_model_data":3000023}, "model": "merch/cosmetics/earhats/russel"},
	{"predicate": {"custom_model_data":3000024}, "model": "merch/cosmetics/earhats/test"},
	{"predicate": {"custom_model_data":3000025}, "model": "merch/cosmetics/earhats/tot"},
	
	{"predicate": {"custom_model_data":4000001}, "model": "merch/videos/bouncyball"},
	{"predicate": {"custom_model_data":4000002}, "model": "merch/videos/sandwich"},
	{"predicate": {"custom_model_data":4000003}, "model": "merch/videos/sliders"}
	
  ]
}
