{
	"__comment": "Designed by StevenShow with Cubik Studio - https://cubik.studio",
	"textures": {
		"particle": "blocks/e_particle",
		"texture": "block/anvil",
		"texture1": "block/gray_concrete",
		"texture2": "block/black_wool"
	},
	"elements": [ 	 
		{
			"__comment": "Box1",
			"from": [ -6.5, -9, 0 ],
			"to": [ -5.5, 3.5, 16 ],
			"faces": {
				"down": { "uv": [ 9.5, 0, 10.5, 16 ], "texture": "#texture" },
				"up": { "uv": [ 9.5, 0, 10.5, 16 ], "texture": "#texture" },
				"north": { "uv": [ 5.5, 12.5, 6.5, 16 ], "texture": "#texture" },
				"south": { "uv": [ 9.5, 12.5, 10.5, 16 ], "texture": "#texture" },
				"west": { "uv": [ 0, 12.5, 16, 16 ], "texture": "#texture" },
				"east": { "uv": [ 0, 12.5, 16, 16 ], "texture": "#texture" }
			}
		}
	],
	"display": {
		"head": {
			"rotation":  [ 0, -90, 0 ],
			"translation":  [ -11.82, -4.173, -7.652 ],
			"scale":  [ 2.5, 2.5, 2.5 ]
		}
	}
}