{
	"__comment": "Designed by StevenShow with Cubik Studio - https://cubik.studio",
	"textures": {
		"particle": "blocks/e_particle",
		"texture": "block/anvil",
		"texture1": "block/gray_concrete",
		"texture2": "block/black_wool"
	},
	"elements": [ 	 
		{
			"__comment": "Box2",
			"from": [ -6, -9, 16 ],
			"to": [ -5, 5, 29 ],
			"faces": {
				"down": { "uv": [ 10, 3, 11, 16 ], "texture": "#texture" },
				"up": { "uv": [ 10, 0, 11, 13 ], "texture": "#texture" },
				"north": { "uv": [ 5, 11, 6, 16 ], "texture": "#texture" },
				"south": { "uv": [ 10, 11, 11, 16 ], "texture": "#texture" },
				"west": { "uv": [ 0, 11, 13, 16 ], "texture": "#texture" },
				"east": { "uv": [ 3, 11, 16, 16 ], "texture": "#texture" }
			}
		},
		{
			"__comment": "Box2",
			"from": [ -6, -9, -13 ],
			"to": [ -5, 5, 0 ],
			"faces": {
				"down": { "uv": [ 10, 0, 11, 13 ], "texture": "#texture" },
				"up": { "uv": [ 10, 3, 11, 16 ], "texture": "#texture" },
				"north": { "uv": [ 5, 11, 6, 16 ], "texture": "#texture" },
				"south": { "uv": [ 10, 11, 11, 16 ], "texture": "#texture" },
				"west": { "uv": [ 3, 11, 16, 16 ], "texture": "#texture" },
				"east": { "uv": [ 0, 11, 13, 16 ], "texture": "#texture" }
			}
		},
		{
			"__comment": "Box4",
			"from": [ -3, -8, 28 ],
			"to": [ 22.5, 5, 29 ],
			"faces": {
				"down": { "uv": [ 0, 3, 16, 4 ], "texture": "#texture" },
				"up": { "uv": [ 0, 12, 16, 13 ], "texture": "#texture" },
				"north": { "uv": [ 0, 11, 16, 16 ], "texture": "#texture" },
				"south": { "uv": [ 0, 11, 16, 16 ], "texture": "#texture" },
				"west": { "uv": [ 12, 11, 13, 16 ], "texture": "#texture" },
				"east": { "uv": [ 3, 11, 4, 16 ], "texture": "#texture" }
			}
		},
		{
			"__comment": "Box4",
			"from": [ -3, 17, 28 ],
			"to": [ 22.5, 21, 29 ],
			"faces": {
				"down": { "uv": [ 0, 3, 16, 4 ], "texture": "#texture" },
				"up": { "uv": [ 0, 12, 16, 13 ], "texture": "#texture" },
				"north": { "uv": [ 0, 11, 16, 15 ], "texture": "#texture" },
				"south": { "uv": [ 0, 11, 16, 15 ], "texture": "#texture" },
				"west": { "uv": [ 12, 11, 13, 15 ], "texture": "#texture" },
				"east": { "uv": [ 3, 11, 4, 15 ], "texture": "#texture" }
			}
		},
		{
			"__comment": "Box6",
			"from": [ 24.5, -9, -10.5 ],
			"to": [ 25.5, 21, 27 ],
			"faces": {
				"down": { "uv": [ 8.5, 0, 9.5, 16 ], "texture": "#texture" },
				"up": { "uv": [ 8.5, 0, 9.5, 16 ], "texture": "#texture" },
				"north": { "uv": [ 6.5, 0, 7.5, 16 ], "texture": "#texture" },
				"south": { "uv": [ 8.5, 0, 9.5, 16 ], "texture": "#texture" },
				"west": { "uv": [ 0, 0, 16, 16 ], "texture": "#texture" },
				"east": { "uv": [ 0, 0, 16, 16 ], "texture": "#texture" }
			}
		},
		{
			"__comment": "Box8",
			"from": [ -7, -9, 16 ],
			"to": [ -6, 5, 18 ],
			"faces": {
				"down": { "uv": [ 9, 14, 10, 16 ], "texture": "#texture" },
				"up": { "uv": [ 9, 0, 10, 2 ], "texture": "#texture" },
				"north": { "uv": [ 6, 11, 7, 16 ], "texture": "#texture" },
				"south": { "uv": [ 9, 11, 10, 16 ], "texture": "#texture" },
				"west": { "uv": [ 0, 11, 2, 16 ], "texture": "#texture" },
				"east": { "uv": [ 14, 11, 16, 16 ], "texture": "#texture" }
			}
		},
		{
			"__comment": "Box8",
			"from": [ -7, -9, 27 ],
			"to": [ -6, 5, 29 ],
			"faces": {
				"down": { "uv": [ 9, 3, 10, 5 ], "texture": "#texture" },
				"up": { "uv": [ 9, 11, 10, 13 ], "texture": "#texture" },
				"north": { "uv": [ 6, 11, 7, 16 ], "texture": "#texture" },
				"south": { "uv": [ 9, 11, 10, 16 ], "texture": "#texture" },
				"west": { "uv": [ 11, 11, 13, 16 ], "texture": "#texture" },
				"east": { "uv": [ 3, 11, 5, 16 ], "texture": "#texture" }
			}
		},
		{
			"__comment": "Box8",
			"from": [ -7, -9, -2 ],
			"to": [ -6, 5, 0 ],
			"faces": {
				"down": { "uv": [ 9, 0, 10, 2 ], "texture": "#texture" },
				"up": { "uv": [ 9, 14, 10, 16 ], "texture": "#texture" },
				"north": { "uv": [ 6, 11, 7, 16 ], "texture": "#texture" },
				"south": { "uv": [ 9, 11, 10, 16 ], "texture": "#texture" },
				"west": { "uv": [ 14, 11, 16, 16 ], "texture": "#texture" },
				"east": { "uv": [ 0, 11, 2, 16 ], "texture": "#texture" }
			}
		},
		{
			"__comment": "Box8",
			"from": [ -7, -9, -13 ],
			"to": [ -6, 5, -11 ],
			"faces": {
				"down": { "uv": [ 9, 11, 10, 13 ], "texture": "#texture" },
				"up": { "uv": [ 9, 3, 10, 5 ], "texture": "#texture" },
				"north": { "uv": [ 6, 11, 7, 16 ], "texture": "#texture" },
				"south": { "uv": [ 9, 11, 10, 16 ], "texture": "#texture" },
				"west": { "uv": [ 3, 11, 5, 16 ], "texture": "#texture" },
				"east": { "uv": [ 11, 11, 13, 16 ], "texture": "#texture" }
			}
		},
		{
			"__comment": "Box12",
			"from": [ -6.5, -4.5, 17.5 ],
			"to": [ -5.5, -3.5, 29 ],
			"rotation": { "origin": [ -6.5, -4.5, 17.5 ], "axis": "x", "angle": 22.5 },
			"faces": {
				"down": { "uv": [ 9.5, 3, 10.5, 14.5 ], "texture": "#texture" },
				"up": { "uv": [ 9.5, 1.5, 10.5, 13 ], "texture": "#texture" },
				"north": { "uv": [ 5.5, 3.5, 6.5, 4.5 ], "texture": "#texture" },
				"south": { "uv": [ 9.5, 3.5, 10.5, 4.5 ], "texture": "#texture" },
				"west": { "uv": [ 1.5, 3.5, 13, 4.5 ], "texture": "#texture" },
				"east": { "uv": [ 3, 3.5, 14.5, 4.5 ], "texture": "#texture" }
			}
		},
		{
			"__comment": "Box12",
			"from": [ -6.5, 3.353, 14.2472 ],
			"to": [ -5.5, 4.353, 25.7472 ],
			"rotation": { "origin": [ -6.5, -4.5, 17.5 ], "axis": "x", "angle": 22.5 },
			"faces": {
				"down": { "uv": [ 9.5, 2.999983, 10.5, 14.49998 ], "texture": "#texture" },
				"up": { "uv": [ 9.5, 1.500017, 10.5, 13.00002 ], "texture": "#texture" },
				"north": { "uv": [ 5.5, 10.99998, 6.5, 11.99998 ], "texture": "#texture" },
				"south": { "uv": [ 9.5, 10.99998, 10.5, 11.99998 ], "texture": "#texture" },
				"west": { "uv": [ 1.500017, 10.99998, 13.00002, 11.99998 ], "texture": "#texture" },
				"east": { "uv": [ 2.999983, 10.99998, 14.49998, 11.99998 ], "texture": "#texture" }
			}
		},
		{
			"__comment": "Box12",
			"from": [ -6.5, 1.0433, 15.2039 ],
			"to": [ -5.5, 2.0433, 26.7039 ],
			"rotation": { "origin": [ -6.5, -4.5, 17.5 ], "axis": "x", "angle": 22.5 },
			"faces": {
				"down": { "uv": [ 9.5, 2.999992, 10.5, 14.49999 ], "texture": "#texture" },
				"up": { "uv": [ 9.5, 1.50001, 10.5, 13.00001 ], "texture": "#texture" },
				"north": { "uv": [ 5.5, 13.49998, 6.5, 14.49998 ], "texture": "#texture" },
				"south": { "uv": [ 9.5, 13.49998, 10.5, 14.49998 ], "texture": "#texture" },
				"west": { "uv": [ 1.50001, 13.49998, 13.00001, 14.49998 ], "texture": "#texture" },
				"east": { "uv": [ 2.999991, 13.49998, 14.49999, 14.49998 ], "texture": "#texture" }
			}
		},
		{
			"__comment": "Box12",
			"from": [ -6.5, -1.7284, 16.352 ],
			"to": [ -5.5, -0.7284, 27.852 ],
			"rotation": { "origin": [ -6.5, -4.5, 17.5 ], "axis": "x", "angle": 22.5 },
			"faces": {
				"down": { "uv": [ 9.5, 2.999969, 10.5, 14.49997 ], "texture": "#texture" },
				"up": { "uv": [ 9.5, 1.500031, 10.5, 13.00003 ], "texture": "#texture" },
				"north": { "uv": [ 5.5, 0.5000544, 6.5, 1.500054 ], "texture": "#texture" },
				"south": { "uv": [ 9.5, 0.5000544, 10.5, 1.500054 ], "texture": "#texture" },
				"west": { "uv": [ 1.500031, 0.5000544, 13.00003, 1.500054 ], "texture": "#texture" },
				"east": { "uv": [ 2.999969, 0.5000544, 14.49997, 1.500054 ], "texture": "#texture" }
			}
		},
		{
			"__comment": "Box12",
			"from": [ -6.5, -4.5, -12 ],
			"to": [ -5.5, -3.5, -0.5 ],
			"rotation": { "origin": [ -6.5, -4.5, -12 ], "axis": "x", "angle": 22.5 },
			"faces": {
				"down": { "uv": [ 9.5, 0.5, 10.5, 12 ], "texture": "#texture" },
				"up": { "uv": [ 9.5, 4, 10.5, 15.5 ], "texture": "#texture" },
				"north": { "uv": [ 5.5, 3.5, 6.5, 4.5 ], "texture": "#texture" },
				"south": { "uv": [ 9.5, 3.5, 10.5, 4.5 ], "texture": "#texture" },
				"west": { "uv": [ 4, 3.5, 15.5, 4.5 ], "texture": "#texture" },
				"east": { "uv": [ 0.5, 3.5, 12, 4.5 ], "texture": "#texture" }
			}
		},
		{
			"__comment": "Box12",
			"from": [ -6.5, 4, -12 ],
			"to": [ -5.5, 5, -0.5 ],
			"rotation": { "origin": [ -6.5, 4, -12 ], "axis": "x", "angle": 22.5 },
			"faces": {
				"down": { "uv": [ 9.5, 0.5, 10.5, 12 ], "texture": "#texture" },
				"up": { "uv": [ 9.5, 4, 10.5, 15.5 ], "texture": "#texture" },
				"north": { "uv": [ 5.5, 11, 6.5, 12 ], "texture": "#texture" },
				"south": { "uv": [ 9.5, 11, 10.5, 12 ], "texture": "#texture" },
				"west": { "uv": [ 4, 11, 15.5, 12 ], "texture": "#texture" },
				"east": { "uv": [ 0.5, 11, 12, 12 ], "texture": "#texture" }
			}
		},
		{
			"__comment": "Box12",
			"from": [ -6.5, 1.5, -12 ],
			"to": [ -5.5, 2.5, -0.5 ],
			"rotation": { "origin": [ -6.5, 1.5, -12 ], "axis": "x", "angle": 22.5 },
			"faces": {
				"down": { "uv": [ 9.5, 0.5, 10.5, 12 ], "texture": "#texture" },
				"up": { "uv": [ 9.5, 4, 10.5, 15.5 ], "texture": "#texture" },
				"north": { "uv": [ 5.5, 13.5, 6.5, 14.5 ], "texture": "#texture" },
				"south": { "uv": [ 9.5, 13.5, 10.5, 14.5 ], "texture": "#texture" },
				"west": { "uv": [ 4, 13.5, 15.5, 14.5 ], "texture": "#texture" },
				"east": { "uv": [ 0.5, 13.5, 12, 14.5 ], "texture": "#texture" }
			}
		},
		{
			"__comment": "Box12",
			"from": [ -6.5, -1.5, -12 ],
			"to": [ -5.5, -0.5, -0.5 ],
			"rotation": { "origin": [ -6.5, -1.5, -12 ], "axis": "x", "angle": 22.5 },
			"faces": {
				"down": { "uv": [ 9.5, 0.5, 10.5, 12 ], "texture": "#texture" },
				"up": { "uv": [ 9.5, 4, 10.5, 15.5 ], "texture": "#texture" },
				"north": { "uv": [ 5.5, 0.5, 6.5, 1.5 ], "texture": "#texture" },
				"south": { "uv": [ 9.5, 0.5, 10.5, 1.5 ], "texture": "#texture" },
				"west": { "uv": [ 4, 0.5, 15.5, 1.5 ], "texture": "#texture" },
				"east": { "uv": [ 0.5, 0.5, 12, 1.5 ], "texture": "#texture" }
			}
		},
		{
			"__comment": "Box20",
			"from": [ -8, 4.5, 16 ],
			"to": [ -5, 5.5, 29 ],
			"faces": {
				"down": { "uv": [ 8, 3, 11, 16 ], "texture": "#texture" },
				"up": { "uv": [ 8, 0, 11, 13 ], "texture": "#texture" },
				"north": { "uv": [ 5, 10.5, 8, 11.5 ], "texture": "#texture" },
				"south": { "uv": [ 8, 10.5, 11, 11.5 ], "texture": "#texture" },
				"west": { "uv": [ 0, 10.5, 13, 11.5 ], "texture": "#texture" },
				"east": { "uv": [ 3, 10.5, 16, 11.5 ], "texture": "#texture" }
			}
		},
		{
			"__comment": "Box20",
			"from": [ -8, 4.5, -13 ],
			"to": [ -5, 5.5, 0 ],
			"faces": {
				"down": { "uv": [ 8, 0, 11, 13 ], "texture": "#texture" },
				"up": { "uv": [ 8, 3, 11, 16 ], "texture": "#texture" },
				"north": { "uv": [ 5, 10.5, 8, 11.5 ], "texture": "#texture" },
				"south": { "uv": [ 8, 10.5, 11, 11.5 ], "texture": "#texture" },
				"west": { "uv": [ 3, 10.5, 16, 11.5 ], "texture": "#texture" },
				"east": { "uv": [ 0, 10.5, 13, 11.5 ], "texture": "#texture" }
			}
		},
		{
			"__comment": "Box22",
			"from": [ 22.5, -9, 27 ],
			"to": [ 24.5, 21, 29 ],
			"faces": {
				"down": { "uv": [ 6.5, 3, 8.5, 5 ], "texture": "#texture" },
				"up": { "uv": [ 6.5, 11, 8.5, 13 ], "texture": "#texture" },
				"north": { "uv": [ 7.5, 0, 9.5, 16 ], "texture": "#texture" },
				"south": { "uv": [ 6.5, 0, 8.5, 16 ], "texture": "#texture" },
				"west": { "uv": [ 11, 0, 13, 16 ], "texture": "#texture" },
				"east": { "uv": [ 3, 0, 5, 16 ], "texture": "#texture" }
			}
		},
		{
			"__comment": "Box32",
			"from": [ -6, 21, -13 ],
			"to": [ 25.5, 22, 29 ],
			"faces": {
				"down": { "uv": [ 0, 0, 16, 16 ], "texture": "#texture" },
				"up": { "uv": [ 0, 0, 16, 16 ], "texture": "#texture" },
				"north": { "uv": [ 0, 10, 16, 11 ], "texture": "#texture" },
				"south": { "uv": [ 0, 10, 16, 11 ], "texture": "#texture" },
				"west": { "uv": [ 0, 10, 16, 11 ], "texture": "#texture" },
				"east": { "uv": [ 0, 10, 16, 11 ], "texture": "#texture" }
			}
		},
		{
			"__comment": "Box22",
			"from": [ -5, -9, 27 ],
			"to": [ -3, 21, 29 ],
			"faces": {
				"down": { "uv": [ 11, 3, 13, 5 ], "texture": "#texture" },
				"up": { "uv": [ 11, 11, 13, 13 ], "texture": "#texture" },
				"north": { "uv": [ 3, 0, 5, 16 ], "texture": "#texture" },
				"south": { "uv": [ 11, 0, 13, 16 ], "texture": "#texture" },
				"west": { "uv": [ 11, 0, 13, 16 ], "texture": "#texture" },
				"east": { "uv": [ 3, 0, 5, 16 ], "texture": "#texture" }
			}
		},
		{
			"__comment": "Box4",
			"from": [ -3, -8, -13 ],
			"to": [ 22.5, 6, -12 ],
			"faces": {
				"down": { "uv": [ 0, 12, 16, 13 ], "texture": "#texture" },
				"up": { "uv": [ 0, 3, 16, 4 ], "texture": "#texture" },
				"north": { "uv": [ 0, 10, 16, 16 ], "texture": "#texture" },
				"south": { "uv": [ 0, 10, 16, 16 ], "texture": "#texture" },
				"west": { "uv": [ 3, 10, 4, 16 ], "texture": "#texture" },
				"east": { "uv": [ 12, 10, 13, 16 ], "texture": "#texture" }
			}
		},
		{
			"__comment": "Box22",
			"from": [ 22.5, -9, -13 ],
			"to": [ 24.5, 21, -11 ],
			"faces": {
				"down": { "uv": [ 6.5, 11, 8.5, 13 ], "texture": "#texture" },
				"up": { "uv": [ 6.5, 3, 8.5, 5 ], "texture": "#texture" },
				"north": { "uv": [ 7.5, 0, 9.5, 16 ], "texture": "#texture" },
				"south": { "uv": [ 6.5, 0, 8.5, 16 ], "texture": "#texture" },
				"west": { "uv": [ 3, 0, 5, 16 ], "texture": "#texture" },
				"east": { "uv": [ 11, 0, 13, 16 ], "texture": "#texture" }
			}
		},
		{
			"__comment": "Box22",
			"from": [ -5, -9, -13 ],
			"to": [ -3, 21, -11 ],
			"faces": {
				"down": { "uv": [ 11, 11, 13, 13 ], "texture": "#texture" },
				"up": { "uv": [ 11, 3, 13, 5 ], "texture": "#texture" },
				"north": { "uv": [ 3, 0, 5, 16 ], "texture": "#texture" },
				"south": { "uv": [ 11, 0, 13, 16 ], "texture": "#texture" },
				"west": { "uv": [ 3, 0, 5, 16 ], "texture": "#texture" },
				"east": { "uv": [ 11, 0, 13, 16 ], "texture": "#texture" }
			}
		},
		{
			"__comment": "Box4",
			"from": [ -3, 17, -13 ],
			"to": [ 22.5, 21, -12 ],
			"faces": {
				"down": { "uv": [ 0, 12, 16, 13 ], "texture": "#texture" },
				"up": { "uv": [ 0, 3, 16, 4 ], "texture": "#texture" },
				"north": { "uv": [ 0, 11, 16, 15 ], "texture": "#texture" },
				"south": { "uv": [ 0, 11, 16, 15 ], "texture": "#texture" },
				"west": { "uv": [ 3, 11, 4, 15 ], "texture": "#texture" },
				"east": { "uv": [ 12, 11, 13, 15 ], "texture": "#texture" }
			}
		},
		{
			"__comment": "Box38",
			"from": [ 23, -9, 7 ],
			"to": [ 24, 24, 8 ],
			"rotation": { "origin": [ 23, -9, 7 ], "axis": "x", "angle": 22.5 },
			"faces": {
				"down": { "uv": [ 7, 8, 8, 9 ], "texture": "#texture" },
				"up": { "uv": [ 7, 7, 8, 8 ], "texture": "#texture" },
				"north": { "uv": [ 8, 0, 9, 16 ], "texture": "#texture" },
				"south": { "uv": [ 7, 0, 8, 16 ], "texture": "#texture" },
				"west": { "uv": [ 7, 0, 8, 16 ], "texture": "#texture" },
				"east": { "uv": [ 8, 0, 9, 16 ], "texture": "#texture" }
			}
		},
		{
			"__comment": "Box38",
			"from": [ 23, -9, 7 ],
			"to": [ 24, 24, 8 ],
			"rotation": { "origin": [ 23, -9, 7 ], "axis": "x", "angle": -22.5 },
			"faces": {
				"down": { "uv": [ 7, 8, 8, 9 ], "texture": "#texture" },
				"up": { "uv": [ 7, 7, 8, 8 ], "texture": "#texture" },
				"north": { "uv": [ 8, 0, 9, 16 ], "texture": "#texture" },
				"south": { "uv": [ 7, 0, 8, 16 ], "texture": "#texture" },
				"west": { "uv": [ 7, 0, 8, 16 ], "texture": "#texture" },
				"east": { "uv": [ 8, 0, 9, 16 ], "texture": "#texture" }
			}
		},
		{
			"__comment": "Box38",
			"from": [ 23, -9, 7 ],
			"to": [ 24, 21.5, 8 ],
			"faces": {
				"down": { "uv": [ 7, 8, 8, 9 ], "texture": "#texture" },
				"up": { "uv": [ 7, 7, 8, 8 ], "texture": "#texture" },
				"north": { "uv": [ 8, 0, 9, 16 ], "texture": "#texture" },
				"south": { "uv": [ 7, 0, 8, 16 ], "texture": "#texture" },
				"west": { "uv": [ 7, 0, 8, 16 ], "texture": "#texture" },
				"east": { "uv": [ 8, 0, 9, 16 ], "texture": "#texture" }
			}
		},
		{
			"__comment": "Box41",
			"from": [ 15, -5.5, -11 ],
			"to": [ 23.5, -2.5, 27 ],
			"faces": {
				"down": { "uv": [ 15, 0, 16, 16 ], "texture": "#texture" },
				"up": { "uv": [ 15, 0, 16, 16 ], "texture": "#texture" },
				"north": { "uv": [ 0, 2.5, 1, 5.5 ], "texture": "#texture" },
				"south": { "uv": [ 15, 2.5, 16, 5.5 ], "texture": "#texture" },
				"west": { "uv": [ 0, 2.5, 16, 5.5 ], "texture": "#texture" },
				"east": { "uv": [ 0, 2.5, 16, 5.5 ], "texture": "#texture" }
			}
		},
		{
			"__comment": "Box41",
			"from": [ -5.5, -9, -13 ],
			"to": [ 24.5, -8, 29 ],
			"faces": {
				"down": { "uv": [ 0, 0, 16, 16 ], "texture": "#texture" },
				"up": { "uv": [ 0, 0, 16, 16 ], "texture": "#texture" },
				"north": { "uv": [ 0, 8, 16, 9 ], "texture": "#texture" },
				"south": { "uv": [ 0, 8, 16, 9 ], "texture": "#texture" },
				"west": { "uv": [ 0, 8, 16, 9 ], "texture": "#texture" },
				"east": { "uv": [ 0, 8, 16, 9 ], "texture": "#texture" }
			}
		},
		{
			"__comment": "Box41",
			"from": [ 6.5, -7, -11 ],
			"to": [ 18, -4, 27 ],
			"faces": {
				"down": { "uv": [ 6.5, 0, 16, 16 ], "texture": "#texture" },
				"up": { "uv": [ 6.5, 0, 16, 16 ], "texture": "#texture" },
				"north": { "uv": [ 0, 4, 9.5, 7 ], "texture": "#texture" },
				"south": { "uv": [ 6.5, 4, 16, 7 ], "texture": "#texture" },
				"west": { "uv": [ 0, 4, 16, 7 ], "texture": "#texture" },
				"east": { "uv": [ 0, 4, 16, 7 ], "texture": "#texture" }
			}
		},
		{
			"__comment": "Box4",
			"from": [ -3, 6, 28 ],
			"to": [ 22.5, 7, 29 ],
			"faces": {
				"down": { "uv": [ 0, 3, 16, 4 ], "texture": "#texture" },
				"up": { "uv": [ 0, 12, 16, 13 ], "texture": "#texture" },
				"north": { "uv": [ 0, 9, 16, 10 ], "texture": "#texture" },
				"south": { "uv": [ 0, 9, 16, 10 ], "texture": "#texture" },
				"west": { "uv": [ 12, 9, 13, 10 ], "texture": "#texture" },
				"east": { "uv": [ 3, 9, 4, 10 ], "texture": "#texture" }
			}
		},
		{
			"__comment": "Box4",
			"from": [ -3, 8, 28 ],
			"to": [ 22.5, 9, 29 ],
			"faces": {
				"down": { "uv": [ 0, 3, 16, 4 ], "texture": "#texture" },
				"up": { "uv": [ 0, 12, 16, 13 ], "texture": "#texture" },
				"north": { "uv": [ 0, 7, 16, 8 ], "texture": "#texture" },
				"south": { "uv": [ 0, 7, 16, 8 ], "texture": "#texture" },
				"west": { "uv": [ 12, 7, 13, 8 ], "texture": "#texture" },
				"east": { "uv": [ 3, 7, 4, 8 ], "texture": "#texture" }
			}
		},
		{
			"__comment": "Box4",
			"from": [ -3, 12, 28 ],
			"to": [ 22.5, 13, 29 ],
			"faces": {
				"down": { "uv": [ 0, 3, 16, 4 ], "texture": "#texture" },
				"up": { "uv": [ 0, 12, 16, 13 ], "texture": "#texture" },
				"north": { "uv": [ 0, 3, 16, 4 ], "texture": "#texture" },
				"south": { "uv": [ 0, 3, 16, 4 ], "texture": "#texture" },
				"west": { "uv": [ 12, 3, 13, 4 ], "texture": "#texture" },
				"east": { "uv": [ 3, 3, 4, 4 ], "texture": "#texture" }
			}
		},
		{
			"__comment": "Box4",
			"from": [ -3, 10, 28 ],
			"to": [ 22.5, 11, 29 ],
			"faces": {
				"down": { "uv": [ 0, 3, 16, 4 ], "texture": "#texture" },
				"up": { "uv": [ 0, 12, 16, 13 ], "texture": "#texture" },
				"north": { "uv": [ 0, 5, 16, 6 ], "texture": "#texture" },
				"south": { "uv": [ 0, 5, 16, 6 ], "texture": "#texture" },
				"west": { "uv": [ 12, 5, 13, 6 ], "texture": "#texture" },
				"east": { "uv": [ 3, 5, 4, 6 ], "texture": "#texture" }
			}
		},
		{
			"__comment": "Box4",
			"from": [ -3, 16, 28 ],
			"to": [ 22.5, 17, 29 ],
			"faces": {
				"down": { "uv": [ 0, 3, 16, 4 ], "texture": "#texture" },
				"up": { "uv": [ 0, 12, 16, 13 ], "texture": "#texture" },
				"north": { "uv": [ 0, 15, 16, 16 ], "texture": "#texture" },
				"south": { "uv": [ 0, 15, 16, 16 ], "texture": "#texture" },
				"west": { "uv": [ 12, 15, 13, 16 ], "texture": "#texture" },
				"east": { "uv": [ 3, 15, 4, 16 ], "texture": "#texture" }
			}
		},
		{
			"__comment": "Box4",
			"from": [ -3, 14, 28 ],
			"to": [ 22.5, 15, 29 ],
			"faces": {
				"down": { "uv": [ 0, 3, 16, 4 ], "texture": "#texture" },
				"up": { "uv": [ 0, 12, 16, 13 ], "texture": "#texture" },
				"north": { "uv": [ 0, 1, 16, 2 ], "texture": "#texture" },
				"south": { "uv": [ 0, 1, 16, 2 ], "texture": "#texture" },
				"west": { "uv": [ 12, 1, 13, 2 ], "texture": "#texture" },
				"east": { "uv": [ 3, 1, 4, 2 ], "texture": "#texture" }
			}
		},
		{
			"__comment": "Box4",
			"from": [ -0.5, 5, 27 ],
			"to": [ 0.5, 16.5, 28 ],
			"faces": {
				"down": { "uv": [ 0, 4, 0.5, 5 ], "texture": "#texture" },
				"up": { "uv": [ 0, 11, 0.5, 12 ], "texture": "#texture" },
				"north": { "uv": [ 15.5, 0, 16, 11 ], "texture": "#texture" },
				"south": { "uv": [ 0, 0, 0.5, 11 ], "texture": "#texture" },
				"west": { "uv": [ 11, 0, 12, 11 ], "texture": "#texture" },
				"east": { "uv": [ 4, 0, 5, 11 ], "texture": "#texture" }
			}
		},
		{
			"__comment": "Box4",
			"from": [ 1.5, 5, 27 ],
			"to": [ 2.5, 16.5, 28 ],
			"faces": {
				"down": { "uv": [ 1.499999, 4, 2.499999, 5 ], "texture": "#texture" },
				"up": { "uv": [ 1.499999, 11, 2.499999, 12 ], "texture": "#texture" },
				"north": { "uv": [ 13.5, 0, 14.5, 11.00001 ], "texture": "#texture" },
				"south": { "uv": [ 1.499999, 0, 2.499999, 11.00001 ], "texture": "#texture" },
				"west": { "uv": [ 11, 0, 12, 11.00001 ], "texture": "#texture" },
				"east": { "uv": [ 4, 0, 5, 11.00001 ], "texture": "#texture" }
			}
		},
		{
			"__comment": "Box4",
			"from": [ 5.5, 5, 27 ],
			"to": [ 6.5, 16.5, 28 ],
			"faces": {
				"down": { "uv": [ 5.499993, 4, 6.499993, 5 ], "texture": "#texture" },
				"up": { "uv": [ 5.499993, 11, 6.499993, 12 ], "texture": "#texture" },
				"north": { "uv": [ 9.500007, 0, 10.50001, 11.00002 ], "texture": "#texture" },
				"south": { "uv": [ 5.499993, 0, 6.499993, 11.00002 ], "texture": "#texture" },
				"west": { "uv": [ 11, 0, 12, 11.00002 ], "texture": "#texture" },
				"east": { "uv": [ 4, 0, 5, 11.00002 ], "texture": "#texture" }
			}
		},
		{
			"__comment": "Box4",
			"from": [ 3.5, 5, 27 ],
			"to": [ 4.5, 16.5, 28 ],
			"faces": {
				"down": { "uv": [ 3.499996, 4, 4.499996, 5 ], "texture": "#texture" },
				"up": { "uv": [ 3.499996, 11, 4.499996, 12 ], "texture": "#texture" },
				"north": { "uv": [ 11.5, 0, 12.5, 11.00002 ], "texture": "#texture" },
				"south": { "uv": [ 3.499996, 0, 4.499996, 11.00002 ], "texture": "#texture" },
				"west": { "uv": [ 11, 0, 12, 11.00002 ], "texture": "#texture" },
				"east": { "uv": [ 4, 0, 5, 11.00002 ], "texture": "#texture" }
			}
		},
		{
			"__comment": "Box4",
			"from": [ 9.5, 5, 27 ],
			"to": [ 10.5, 16.5, 28 ],
			"faces": {
				"down": { "uv": [ 9.499991, 4, 10.49999, 5 ], "texture": "#texture" },
				"up": { "uv": [ 9.499991, 11, 10.49999, 12 ], "texture": "#texture" },
				"north": { "uv": [ 5.500009, 0, 6.500009, 11.00004 ], "texture": "#texture" },
				"south": { "uv": [ 9.499991, 0, 10.49999, 11.00004 ], "texture": "#texture" },
				"west": { "uv": [ 11, 0, 12, 11.00004 ], "texture": "#texture" },
				"east": { "uv": [ 4, 0, 5, 11.00004 ], "texture": "#texture" }
			}
		},
		{
			"__comment": "Box4",
			"from": [ 7.5, 5, 27 ],
			"to": [ 8.5, 16.5, 28 ],
			"faces": {
				"down": { "uv": [ 7.499994, 4, 8.499994, 5 ], "texture": "#texture" },
				"up": { "uv": [ 7.499994, 11, 8.499994, 12 ], "texture": "#texture" },
				"north": { "uv": [ 7.500006, 0, 8.500006, 11.00003 ], "texture": "#texture" },
				"south": { "uv": [ 7.499994, 0, 8.499994, 11.00003 ], "texture": "#texture" },
				"west": { "uv": [ 11, 0, 12, 11.00003 ], "texture": "#texture" },
				"east": { "uv": [ 4, 0, 5, 11.00003 ], "texture": "#texture" }
			}
		},
		{
			"__comment": "Box4",
			"from": [ 11.5, 5, 27 ],
			"to": [ 12.5, 16.5, 28 ],
			"faces": {
				"down": { "uv": [ 11.5, 4.000002, 12.5, 5.000002 ], "texture": "#texture" },
				"up": { "uv": [ 11.5, 11, 12.5, 12 ], "texture": "#texture" },
				"north": { "uv": [ 3.499999, 0, 4.499999, 11 ], "texture": "#texture" },
				"south": { "uv": [ 11.5, 0, 12.5, 11 ], "texture": "#texture" },
				"west": { "uv": [ 11, 0, 12, 11 ], "texture": "#texture" },
				"east": { "uv": [ 4.000002, 0, 5.000002, 11 ], "texture": "#texture" }
			}
		},
		{
			"__comment": "Box4",
			"from": [ 13.5, 5, 27 ],
			"to": [ 14.5, 16.5, 28 ],
			"faces": {
				"down": { "uv": [ 13.5, 4.000002, 14.5, 5.000002 ], "texture": "#texture" },
				"up": { "uv": [ 13.5, 11, 14.5, 12 ], "texture": "#texture" },
				"north": { "uv": [ 1.5, 0, 2.5, 11.00002 ], "texture": "#texture" },
				"south": { "uv": [ 13.5, 0, 14.5, 11.00002 ], "texture": "#texture" },
				"west": { "uv": [ 11, 0, 12, 11.00002 ], "texture": "#texture" },
				"east": { "uv": [ 4.000002, 0, 5.000002, 11.00002 ], "texture": "#texture" }
			}
		},
		{
			"__comment": "Box4",
			"from": [ 17.5, 5, 27 ],
			"to": [ 18.5, 16.5, 28 ],
			"faces": {
				"down": { "uv": [ 1.499992, 4.000002, 2.499992, 5.000002 ], "texture": "#texture" },
				"up": { "uv": [ 1.499992, 11, 2.499992, 12 ], "texture": "#texture" },
				"north": { "uv": [ 13.50001, 0, 14.50001, 11.00003 ], "texture": "#texture" },
				"south": { "uv": [ 1.499992, 0, 2.499992, 11.00003 ], "texture": "#texture" },
				"west": { "uv": [ 11, 0, 12, 11.00003 ], "texture": "#texture" },
				"east": { "uv": [ 4.000002, 0, 5.000002, 11.00003 ], "texture": "#texture" }
			}
		},
		{
			"__comment": "Box4",
			"from": [ 15.5, 5, 27 ],
			"to": [ 16.5, 16.5, 28 ],
			"faces": {
				"down": { "uv": [ 15.5, 4.000002, 16, 5.000002 ], "texture": "#texture" },
				"up": { "uv": [ 15.5, 11, 16, 12 ], "texture": "#texture" },
				"north": { "uv": [ 0, 0, 0.5000029, 11.00002 ], "texture": "#texture" },
				"south": { "uv": [ 15.5, 0, 16, 11.00002 ], "texture": "#texture" },
				"west": { "uv": [ 11, 0, 12, 11.00002 ], "texture": "#texture" },
				"east": { "uv": [ 4.000002, 0, 5.000002, 11.00002 ], "texture": "#texture" }
			}
		},
		{
			"__comment": "Box4",
			"from": [ 19.5, 5, 27 ],
			"to": [ 20.5, 16.5, 28 ],
			"faces": {
				"down": { "uv": [ 3.499996, 4.000002, 4.499996, 5.000002 ], "texture": "#texture" },
				"up": { "uv": [ 3.499996, 11, 4.499996, 12 ], "texture": "#texture" },
				"north": { "uv": [ 11.5, 0, 12.5, 11.00003 ], "texture": "#texture" },
				"south": { "uv": [ 3.499996, 0, 4.499996, 11.00003 ], "texture": "#texture" },
				"west": { "uv": [ 11, 0, 12, 11.00003 ], "texture": "#texture" },
				"east": { "uv": [ 4.000002, 0, 5.000002, 11.00003 ], "texture": "#texture" }
			}
		},
		{
			"__comment": "Box4",
			"from": [ -3, 6, -14 ],
			"to": [ 22.5, 7, -13 ],
			"faces": {
				"down": { "uv": [ 0, 13, 16, 14 ], "texture": "#texture" },
				"up": { "uv": [ 0, 2, 16, 3 ], "texture": "#texture" },
				"north": { "uv": [ 0, 9, 16, 10 ], "texture": "#texture" },
				"south": { "uv": [ 0, 9, 16, 10 ], "texture": "#texture" },
				"west": { "uv": [ 2, 9, 3, 10 ], "texture": "#texture" },
				"east": { "uv": [ 13, 9, 14, 10 ], "texture": "#texture" }
			}
		},
		{
			"__comment": "Box4",
			"from": [ -3, 8, -14 ],
			"to": [ 22.5, 9, -13 ],
			"faces": {
				"down": { "uv": [ 0, 13, 16, 14 ], "texture": "#texture" },
				"up": { "uv": [ 0, 2, 16, 3 ], "texture": "#texture" },
				"north": { "uv": [ 0, 7, 16, 8 ], "texture": "#texture" },
				"south": { "uv": [ 0, 7, 16, 8 ], "texture": "#texture" },
				"west": { "uv": [ 2, 7, 3, 8 ], "texture": "#texture" },
				"east": { "uv": [ 13, 7, 14, 8 ], "texture": "#texture" }
			}
		},
		{
			"__comment": "Box4",
			"from": [ -3, 12, -14 ],
			"to": [ 22.5, 13, -13 ],
			"faces": {
				"down": { "uv": [ 0, 13, 16, 14 ], "texture": "#texture" },
				"up": { "uv": [ 0, 2, 16, 3 ], "texture": "#texture" },
				"north": { "uv": [ 0, 3, 16, 4 ], "texture": "#texture" },
				"south": { "uv": [ 0, 3, 16, 4 ], "texture": "#texture" },
				"west": { "uv": [ 2, 3, 3, 4 ], "texture": "#texture" },
				"east": { "uv": [ 13, 3, 14, 4 ], "texture": "#texture" }
			}
		},
		{
			"__comment": "Box4",
			"from": [ -3, 10, -14 ],
			"to": [ 22.5, 11, -13 ],
			"faces": {
				"down": { "uv": [ 0, 13, 16, 14 ], "texture": "#texture" },
				"up": { "uv": [ 0, 2, 16, 3 ], "texture": "#texture" },
				"north": { "uv": [ 0, 5, 16, 6 ], "texture": "#texture" },
				"south": { "uv": [ 0, 5, 16, 6 ], "texture": "#texture" },
				"west": { "uv": [ 2, 5, 3, 6 ], "texture": "#texture" },
				"east": { "uv": [ 13, 5, 14, 6 ], "texture": "#texture" }
			}
		},
		{
			"__comment": "Box4",
			"from": [ -3, 16, -14 ],
			"to": [ 22.5, 17, -13 ],
			"faces": {
				"down": { "uv": [ 0, 13, 16, 14 ], "texture": "#texture" },
				"up": { "uv": [ 0, 2, 16, 3 ], "texture": "#texture" },
				"north": { "uv": [ 0, 15, 16, 16 ], "texture": "#texture" },
				"south": { "uv": [ 0, 15, 16, 16 ], "texture": "#texture" },
				"west": { "uv": [ 2, 15, 3, 16 ], "texture": "#texture" },
				"east": { "uv": [ 13, 15, 14, 16 ], "texture": "#texture" }
			}
		},
		{
			"__comment": "Box4",
			"from": [ -3, 14, -14 ],
			"to": [ 22.5, 15, -13 ],
			"faces": {
				"down": { "uv": [ 0, 13, 16, 14 ], "texture": "#texture" },
				"up": { "uv": [ 0, 2, 16, 3 ], "texture": "#texture" },
				"north": { "uv": [ 0, 1, 16, 2 ], "texture": "#texture" },
				"south": { "uv": [ 0, 1, 16, 2 ], "texture": "#texture" },
				"west": { "uv": [ 2, 1, 3, 2 ], "texture": "#texture" },
				"east": { "uv": [ 13, 1, 14, 2 ], "texture": "#texture" }
			}
		},
		{
			"__comment": "Box4",
			"from": [ -0.5, 6, -13 ],
			"to": [ 0.5, 16.5, -12 ],
			"faces": {
				"down": { "uv": [ 0, 12, 0.5, 13 ], "texture": "#texture" },
				"up": { "uv": [ 0, 3, 0.5, 4 ], "texture": "#texture" },
				"north": { "uv": [ 15.5, 0, 16, 10 ], "texture": "#texture" },
				"south": { "uv": [ 0, 0, 0.5, 10 ], "texture": "#texture" },
				"west": { "uv": [ 3, 0, 4, 10 ], "texture": "#texture" },
				"east": { "uv": [ 12, 0, 13, 10 ], "texture": "#texture" }
			}
		},
		{
			"__comment": "Box4",
			"from": [ 1.5, 6, -13 ],
			"to": [ 2.5, 16.5, -12 ],
			"faces": {
				"down": { "uv": [ 1.499999, 12, 2.499999, 13 ], "texture": "#texture" },
				"up": { "uv": [ 1.499999, 3, 2.499999, 4 ], "texture": "#texture" },
				"north": { "uv": [ 13.5, 0, 14.5, 10.00001 ], "texture": "#texture" },
				"south": { "uv": [ 1.499999, 0, 2.499999, 10.00001 ], "texture": "#texture" },
				"west": { "uv": [ 3, 0, 4, 10.00001 ], "texture": "#texture" },
				"east": { "uv": [ 12, 0, 13, 10.00001 ], "texture": "#texture" }
			}
		},
		{
			"__comment": "Box4",
			"from": [ 5.5, 6, -13 ],
			"to": [ 6.5, 16.5, -12 ],
			"faces": {
				"down": { "uv": [ 5.499992, 12, 6.499992, 13 ], "texture": "#texture" },
				"up": { "uv": [ 5.499992, 3, 6.499992, 4 ], "texture": "#texture" },
				"north": { "uv": [ 9.500008, 0, 10.50001, 10.00002 ], "texture": "#texture" },
				"south": { "uv": [ 5.499992, 0, 6.499992, 10.00002 ], "texture": "#texture" },
				"west": { "uv": [ 3, 0, 4, 10.00002 ], "texture": "#texture" },
				"east": { "uv": [ 12, 0, 13, 10.00002 ], "texture": "#texture" }
			}
		},
		{
			"__comment": "Box4",
			"from": [ 3.5, 6, -13 ],
			"to": [ 4.5, 16.5, -12 ],
			"faces": {
				"down": { "uv": [ 3.499996, 12, 4.499996, 13 ], "texture": "#texture" },
				"up": { "uv": [ 3.499996, 3, 4.499996, 4 ], "texture": "#texture" },
				"north": { "uv": [ 11.5, 0, 12.5, 10.00002 ], "texture": "#texture" },
				"south": { "uv": [ 3.499996, 0, 4.499996, 10.00002 ], "texture": "#texture" },
				"west": { "uv": [ 3, 0, 4, 10.00002 ], "texture": "#texture" },
				"east": { "uv": [ 12, 0, 13, 10.00002 ], "texture": "#texture" }
			}
		},
		{
			"__comment": "Box4",
			"from": [ 9.5, 6, -13 ],
			"to": [ 10.5, 16.5, -12 ],
			"faces": {
				"down": { "uv": [ 9.499992, 12, 10.49999, 13 ], "texture": "#texture" },
				"up": { "uv": [ 9.499992, 3, 10.49999, 4 ], "texture": "#texture" },
				"north": { "uv": [ 5.500008, 0, 6.500008, 10.00003 ], "texture": "#texture" },
				"south": { "uv": [ 9.499992, 0, 10.49999, 10.00003 ], "texture": "#texture" },
				"west": { "uv": [ 3, 0, 4, 10.00003 ], "texture": "#texture" },
				"east": { "uv": [ 12, 0, 13, 10.00003 ], "texture": "#texture" }
			}
		},
		{
			"__comment": "Box4",
			"from": [ 7.5, 6, -13 ],
			"to": [ 8.5, 16.5, -12 ],
			"faces": {
				"down": { "uv": [ 7.499994, 12, 8.499994, 13 ], "texture": "#texture" },
				"up": { "uv": [ 7.499994, 3, 8.499994, 4 ], "texture": "#texture" },
				"north": { "uv": [ 7.500006, 0, 8.500006, 10.00002 ], "texture": "#texture" },
				"south": { "uv": [ 7.499994, 0, 8.499994, 10.00002 ], "texture": "#texture" },
				"west": { "uv": [ 3, 0, 4, 10.00002 ], "texture": "#texture" },
				"east": { "uv": [ 12, 0, 13, 10.00002 ], "texture": "#texture" }
			}
		},
		{
			"__comment": "Box4",
			"from": [ 11.5, 6, -13 ],
			"to": [ 12.5, 16.5, -12 ],
			"faces": {
				"down": { "uv": [ 11.5, 12, 12.5, 13 ], "texture": "#texture" },
				"up": { "uv": [ 11.5, 2.999998, 12.5, 3.999998 ], "texture": "#texture" },
				"north": { "uv": [ 3.5, 0, 4.5, 10 ], "texture": "#texture" },
				"south": { "uv": [ 11.5, 0, 12.5, 10 ], "texture": "#texture" },
				"west": { "uv": [ 2.999998, 0, 3.999998, 10 ], "texture": "#texture" },
				"east": { "uv": [ 12, 0, 13, 10 ], "texture": "#texture" }
			}
		},
		{
			"__comment": "Box4",
			"from": [ 13.5, 6, -13 ],
			"to": [ 14.5, 16.5, -12 ],
			"faces": {
				"down": { "uv": [ 13.5, 12, 14.5, 13 ], "texture": "#texture" },
				"up": { "uv": [ 13.5, 2.999998, 14.5, 3.999998 ], "texture": "#texture" },
				"north": { "uv": [ 1.5, 0, 2.5, 10.00002 ], "texture": "#texture" },
				"south": { "uv": [ 13.5, 0, 14.5, 10.00002 ], "texture": "#texture" },
				"west": { "uv": [ 2.999998, 0, 3.999998, 10.00002 ], "texture": "#texture" },
				"east": { "uv": [ 12, 0, 13, 10.00002 ], "texture": "#texture" }
			}
		},
		{
			"__comment": "Box4",
			"from": [ 17.5, 6, -13 ],
			"to": [ 18.5, 16.5, -12 ],
			"faces": {
				"down": { "uv": [ 1.499992, 12, 2.499992, 13 ], "texture": "#texture" },
				"up": { "uv": [ 1.499992, 2.999998, 2.499992, 3.999998 ], "texture": "#texture" },
				"north": { "uv": [ 13.50001, 0, 14.50001, 10.00003 ], "texture": "#texture" },
				"south": { "uv": [ 1.499992, 0, 2.499992, 10.00003 ], "texture": "#texture" },
				"west": { "uv": [ 2.999998, 0, 3.999998, 10.00003 ], "texture": "#texture" },
				"east": { "uv": [ 12, 0, 13, 10.00003 ], "texture": "#texture" }
			}
		},
		{
			"__comment": "Box4",
			"from": [ 15.5, 6, -13 ],
			"to": [ 16.5, 16.5, -12 ],
			"faces": {
				"down": { "uv": [ 15.5, 12, 16, 13 ], "texture": "#texture" },
				"up": { "uv": [ 15.5, 2.999998, 16, 3.999998 ], "texture": "#texture" },
				"north": { "uv": [ 0, 0, 0.5000038, 10.00002 ], "texture": "#texture" },
				"south": { "uv": [ 15.5, 0, 16, 10.00002 ], "texture": "#texture" },
				"west": { "uv": [ 2.999998, 0, 3.999998, 10.00002 ], "texture": "#texture" },
				"east": { "uv": [ 12, 0, 13, 10.00002 ], "texture": "#texture" }
			}
		},
		{
			"__comment": "Box4",
			"from": [ 19.5, 6, -13 ],
			"to": [ 20.5, 16.5, -12 ],
			"faces": {
				"down": { "uv": [ 3.499996, 12, 4.499996, 13 ], "texture": "#texture" },
				"up": { "uv": [ 3.499996, 2.999998, 4.499996, 3.999998 ], "texture": "#texture" },
				"north": { "uv": [ 11.5, 0, 12.5, 10.00003 ], "texture": "#texture" },
				"south": { "uv": [ 3.499996, 0, 4.499996, 10.00003 ], "texture": "#texture" },
				"west": { "uv": [ 2.999998, 0, 3.999998, 10.00003 ], "texture": "#texture" },
				"east": { "uv": [ 12, 0, 13, 10.00003 ], "texture": "#texture" }
			}
		},
		{
			"__comment": "Box92",
			"from": [ -1.5, -7.5, -10.5 ],
			"to": [ 6.5, -5, -2 ],
			"faces": {
				"down": { "uv": [ 0, 2, 6.5, 10.5 ], "texture": "#texture" },
				"up": { "uv": [ 0, 5.5, 6.5, 14 ], "texture": "#texture" },
				"north": { "uv": [ 9.5, 5, 16, 7.5 ], "texture": "#texture" },
				"south": { "uv": [ 0, 5, 6.5, 7.5 ], "texture": "#texture" },
				"west": { "uv": [ 5.5, 5, 14, 7.5 ], "texture": "#texture" },
				"east": { "uv": [ 2, 5, 10.5, 7.5 ], "texture": "#texture" }
			}
		},
		{
			"__comment": "Box92",
			"from": [ -1.5, -7.5, -0.5 ],
			"to": [ 6.5, -5, 8 ],
			"faces": {
				"down": { "uv": [ 0, 8, 6.5, 16 ], "texture": "#texture" },
				"up": { "uv": [ 0, 0, 6.5, 8 ], "texture": "#texture" },
				"north": { "uv": [ 9.5, 5, 16, 7.5 ], "texture": "#texture" },
				"south": { "uv": [ 0, 5, 6.5, 7.5 ], "texture": "#texture" },
				"west": { "uv": [ 0, 5, 8, 7.5 ], "texture": "#texture" },
				"east": { "uv": [ 8, 5, 16, 7.5 ], "texture": "#texture" }
			}
		},
		{
			"__comment": "Box92",
			"from": [ 7, -4, -0.5 ],
			"to": [ 15, -1.5, 8 ],
			"faces": {
				"down": { "uv": [ 7, 8, 15, 16 ], "texture": "#texture" },
				"up": { "uv": [ 7, 0, 15, 8 ], "texture": "#texture" },
				"north": { "uv": [ 1, 1.5, 9, 4 ], "texture": "#texture" },
				"south": { "uv": [ 7, 1.5, 15, 4 ], "texture": "#texture" },
				"west": { "uv": [ 0, 1.5, 8, 4 ], "texture": "#texture" },
				"east": { "uv": [ 8, 1.5, 16, 4 ], "texture": "#texture" }
			}
		},
		{
			"__comment": "Box92",
			"from": [ 7, -4, -10.5 ],
			"to": [ 15, -1.5, -2 ],
			"faces": {
				"down": { "uv": [ 7, 2, 15, 10.5 ], "texture": "#texture" },
				"up": { "uv": [ 7, 5.5, 15, 14 ], "texture": "#texture" },
				"north": { "uv": [ 1, 1.5, 9, 4 ], "texture": "#texture" },
				"south": { "uv": [ 7, 1.5, 15, 4 ], "texture": "#texture" },
				"west": { "uv": [ 5.5, 1.5, 14, 4 ], "texture": "#texture" },
				"east": { "uv": [ 2, 1.5, 10.5, 4 ], "texture": "#texture" }
			}
		},
		{
			"__comment": "Box92",
			"from": [ 16, -2.5, -0.5 ],
			"to": [ 23, 0, 8 ],
			"faces": {
				"down": { "uv": [ 0, 8, 7, 16 ], "texture": "#texture" },
				"up": { "uv": [ 0, 0, 7, 8 ], "texture": "#texture" },
				"north": { "uv": [ 9, 0, 16, 2.5 ], "texture": "#texture" },
				"south": { "uv": [ 0, 0, 7, 2.5 ], "texture": "#texture" },
				"west": { "uv": [ 0, 0, 8, 2.5 ], "texture": "#texture" },
				"east": { "uv": [ 8, 0, 16, 2.5 ], "texture": "#texture" }
			}
		},
		{
			"__comment": "Box92",
			"from": [ 16, -2.5, -10.5 ],
			"to": [ 23, 0, -2 ],
			"faces": {
				"down": { "uv": [ 0, 2, 7, 10.5 ], "texture": "#texture" },
				"up": { "uv": [ 0, 5.5, 7, 14 ], "texture": "#texture" },
				"north": { "uv": [ 9, 0, 16, 2.5 ], "texture": "#texture" },
				"south": { "uv": [ 0, 0, 7, 2.5 ], "texture": "#texture" },
				"west": { "uv": [ 5.5, 0, 14, 2.5 ], "texture": "#texture" },
				"east": { "uv": [ 2, 0, 10.5, 2.5 ], "texture": "#texture" }
			}
		},
		{
			"__comment": "Box92",
			"from": [ 16, -2.5, 16.5 ],
			"to": [ 23, 0, 25 ],
			"faces": {
				"down": { "uv": [ 0, 7, 7, 15.5 ], "texture": "#texture" },
				"up": { "uv": [ 0, 0.5, 7, 9 ], "texture": "#texture" },
				"north": { "uv": [ 9, 0, 16, 2.5 ], "texture": "#texture" },
				"south": { "uv": [ 0, 0, 7, 2.5 ], "texture": "#texture" },
				"west": { "uv": [ 0.5, 0, 9, 2.5 ], "texture": "#texture" },
				"east": { "uv": [ 7, 0, 15.5, 2.5 ], "texture": "#texture" }
			}
		},
		{
			"__comment": "Box92",
			"from": [ 7, -4, 16.5 ],
			"to": [ 15, -1.5, 25 ],
			"faces": {
				"down": { "uv": [ 7, 7, 15, 15.5 ], "texture": "#texture" },
				"up": { "uv": [ 7, 0.5, 15, 9 ], "texture": "#texture" },
				"north": { "uv": [ 1, 1.5, 9, 4 ], "texture": "#texture" },
				"south": { "uv": [ 7, 1.5, 15, 4 ], "texture": "#texture" },
				"west": { "uv": [ 0.5, 1.5, 9, 4 ], "texture": "#texture" },
				"east": { "uv": [ 7, 1.5, 15.5, 4 ], "texture": "#texture" }
			}
		},
		{
			"__comment": "Box92",
			"from": [ -1.5, -7.5, 16.5 ],
			"to": [ 6.5, -5, 25 ],
			"faces": {
				"down": { "uv": [ 0, 7, 6.5, 15.5 ], "texture": "#texture" },
				"up": { "uv": [ 0, 0.5, 6.5, 9 ], "texture": "#texture" },
				"north": { "uv": [ 9.5, 5, 16, 7.5 ], "texture": "#texture" },
				"south": { "uv": [ 0, 5, 6.5, 7.5 ], "texture": "#texture" },
				"west": { "uv": [ 0.5, 5, 9, 7.5 ], "texture": "#texture" },
				"east": { "uv": [ 7, 5, 15.5, 7.5 ], "texture": "#texture" }
			}
		},
		{
			"__comment": "Box92",
			"from": [ 21.5, 0, 16.5 ],
			"to": [ 23, 10, 25 ],
			"faces": {
				"down": { "uv": [ 5.5, 7, 7, 15.5 ], "texture": "#texture" },
				"up": { "uv": [ 5.5, 0.5, 7, 9 ], "texture": "#texture" },
				"north": { "uv": [ 9, 6, 10.5, 16 ], "texture": "#texture" },
				"south": { "uv": [ 5.5, 6, 7, 16 ], "texture": "#texture" },
				"west": { "uv": [ 0.5, 6, 9, 16 ], "texture": "#texture" },
				"east": { "uv": [ 7, 6, 15.5, 16 ], "texture": "#texture" }
			}
		},
		{
			"__comment": "Box92",
			"from": [ 12.5, -1.5, 16.5 ],
			"to": [ 15, 8.5, 25 ],
			"faces": {
				"down": { "uv": [ 12.5, 7, 15, 15.5 ], "texture": "#texture" },
				"up": { "uv": [ 12.5, 0.5, 15, 9 ], "texture": "#texture" },
				"north": { "uv": [ 1, 7.5, 3.5, 16 ], "texture": "#texture" },
				"south": { "uv": [ 12.5, 7.5, 15, 16 ], "texture": "#texture" },
				"west": { "uv": [ 0.5, 7.5, 9, 16 ], "texture": "#texture" },
				"east": { "uv": [ 7, 7.5, 15.5, 16 ], "texture": "#texture" }
			}
		},
		{
			"__comment": "Box92",
			"from": [ 4, -5, 16.5 ],
			"to": [ 6.5, 5, 25 ],
			"faces": {
				"down": { "uv": [ 4, 7, 6.5, 15.5 ], "texture": "#texture" },
				"up": { "uv": [ 4, 0.5, 6.5, 9 ], "texture": "#texture" },
				"north": { "uv": [ 9.5, 11, 12, 16 ], "texture": "#texture" },
				"south": { "uv": [ 4, 11, 6.5, 16 ], "texture": "#texture" },
				"west": { "uv": [ 0.5, 11, 9, 16 ], "texture": "#texture" },
				"east": { "uv": [ 7, 11, 15.5, 16 ], "texture": "#texture" }
			}
		},
		{
			"__comment": "Box92",
			"from": [ 21.5, 0, -0.5 ],
			"to": [ 23, 10, 8 ],
			"faces": {
				"down": { "uv": [ 5.5, 8, 7, 16 ], "texture": "#texture" },
				"up": { "uv": [ 5.5, 0, 7, 8 ], "texture": "#texture" },
				"north": { "uv": [ 9, 6, 10.5, 16 ], "texture": "#texture" },
				"south": { "uv": [ 5.5, 6, 7, 16 ], "texture": "#texture" },
				"west": { "uv": [ 0, 6, 8, 16 ], "texture": "#texture" },
				"east": { "uv": [ 8, 6, 16, 16 ], "texture": "#texture" }
			}
		},
		{
			"__comment": "Box92",
			"from": [ 21.5, 0, -10.5 ],
			"to": [ 23, 10, -2 ],
			"faces": {
				"down": { "uv": [ 5.5, 2, 7, 10.5 ], "texture": "#texture" },
				"up": { "uv": [ 5.5, 5.5, 7, 14 ], "texture": "#texture" },
				"north": { "uv": [ 9, 6, 10.5, 16 ], "texture": "#texture" },
				"south": { "uv": [ 5.5, 6, 7, 16 ], "texture": "#texture" },
				"west": { "uv": [ 5.5, 6, 14, 16 ], "texture": "#texture" },
				"east": { "uv": [ 2, 6, 10.5, 16 ], "texture": "#texture" }
			}
		},
		{
			"__comment": "Box92",
			"from": [ 12.5, -1.5, -10.5 ],
			"to": [ 15, 8.5, -2 ],
			"faces": {
				"down": { "uv": [ 12.5, 2, 15, 10.5 ], "texture": "#texture" },
				"up": { "uv": [ 12.5, 5.5, 15, 14 ], "texture": "#texture" },
				"north": { "uv": [ 1, 7.5, 3.5, 16 ], "texture": "#texture" },
				"south": { "uv": [ 12.5, 7.5, 15, 16 ], "texture": "#texture" },
				"west": { "uv": [ 5.5, 7.5, 14, 16 ], "texture": "#texture" },
				"east": { "uv": [ 2, 7.5, 10.5, 16 ], "texture": "#texture" }
			}
		},
		{
			"__comment": "Box92",
			"from": [ 12.5, -1.5, -0.5 ],
			"to": [ 15, 8.5, 8 ],
			"faces": {
				"down": { "uv": [ 12.5, 8, 15, 16 ], "texture": "#texture" },
				"up": { "uv": [ 12.5, 0, 15, 8 ], "texture": "#texture" },
				"north": { "uv": [ 1, 7.5, 3.5, 16 ], "texture": "#texture" },
				"south": { "uv": [ 12.5, 7.5, 15, 16 ], "texture": "#texture" },
				"west": { "uv": [ 0, 7.5, 8, 16 ], "texture": "#texture" },
				"east": { "uv": [ 8, 7.5, 16, 16 ], "texture": "#texture" }
			}
		},
		{
			"__comment": "Box92",
			"from": [ 4, -5, -0.5 ],
			"to": [ 6.5, 5, 8 ],
			"faces": {
				"down": { "uv": [ 4, 8, 6.5, 16 ], "texture": "#texture" },
				"up": { "uv": [ 4, 0, 6.5, 8 ], "texture": "#texture" },
				"north": { "uv": [ 9.5, 11, 12, 16 ], "texture": "#texture" },
				"south": { "uv": [ 4, 11, 6.5, 16 ], "texture": "#texture" },
				"west": { "uv": [ 0, 11, 8, 16 ], "texture": "#texture" },
				"east": { "uv": [ 8, 11, 16, 16 ], "texture": "#texture" }
			}
		},
		{
			"__comment": "Box92",
			"from": [ 4, -5, -10.5 ],
			"to": [ 6.5, 5, -2 ],
			"faces": {
				"down": { "uv": [ 4, 2, 6.5, 10.5 ], "texture": "#texture" },
				"up": { "uv": [ 4, 5.5, 6.5, 14 ], "texture": "#texture" },
				"north": { "uv": [ 9.5, 11, 12, 16 ], "texture": "#texture" },
				"south": { "uv": [ 4, 11, 6.5, 16 ], "texture": "#texture" },
				"west": { "uv": [ 5.5, 11, 14, 16 ], "texture": "#texture" },
				"east": { "uv": [ 2, 11, 10.5, 16 ], "texture": "#texture" }
			}
		}
	],
	"display": {
		"head": {
			"rotation":  [ 0, -90, 0 ],
			"translation":  [ -11.82, -4.173, -7.652 ],
			"scale":  [ 2.5, 2.5, 2.5 ]
		}
	}
}