{
	"__comment": "Designed by Steven - https://cubik.studio",
	"textures": {
		"particle": "blocks/particle",
		"texture": "cosmetics/santahat"
	},
	"elements": [ 	 
		{
			"__comment": "Voxels-FFFFFF",
			"from": [ 2, 0, 4 ],
			"to": [ 4, 2, 12 ],
			"faces": {
				"down": { "uv": [ 4.96, 0.96, 7.04, 3.04 ], "texture": "#texture" },
				"up": { "uv": [ 4.96, 0.96, 7.04, 3.04 ], "texture": "#texture" },
				"north": { "uv": [ 4.96, 0.96, 7.04, 3.04 ], "texture": "#texture" },
				"south": { "uv": [ 4.96, 0.96, 7.04, 3.04 ], "texture": "#texture" },
				"west": { "uv": [ 4.96, 0.96, 7.04, 3.04 ], "texture": "#texture" },
				"east": { "uv": [ 4.96, 0.96, 7.04, 3.04 ], "texture": "#texture" }
			}
		},
		{
			"__comment": "Voxels-FFFFFF",
			"from": [ 2, 2, 6 ],
			"to": [ 3, 3, 10 ],
			"faces": {
				"down": { "uv": [ 4.96, 0.96, 7.04, 3.04 ], "texture": "#texture" },
				"up": { "uv": [ 4.96, 0.96, 7.04, 3.04 ], "texture": "#texture" },
				"north": { "uv": [ 4.96, 0.96, 7.04, 3.04 ], "texture": "#texture" },
				"south": { "uv": [ 4.96, 0.96, 7.04, 3.04 ], "texture": "#texture" },
				"west": { "uv": [ 4.96, 0.96, 7.04, 3.04 ], "texture": "#texture" },
				"east": { "uv": [ 4.96, 0.96, 7.04, 3.04 ], "texture": "#texture" }
			}
		},
		{
			"__comment": "Voxels-FFFFFF",
			"from": [ 3, 0, 3 ],
			"to": [ 13, 2, 4 ],
			"faces": {
				"down": { "uv": [ 4.96, 0.96, 7.04, 3.04 ], "texture": "#texture" },
				"up": { "uv": [ 4.96, 0.96, 7.04, 3.04 ], "texture": "#texture" },
				"north": { "uv": [ 4.96, 0.96, 7.04, 3.04 ], "texture": "#texture" },
				"south": { "uv": [ 4.96, 0.96, 7.04, 3.04 ], "texture": "#texture" },
				"west": { "uv": [ 4.96, 0.96, 7.04, 3.04 ], "texture": "#texture" },
				"east": { "uv": [ 4.96, 0.96, 7.04, 3.04 ], "texture": "#texture" }
			}
		},
		{
			"__comment": "Voxels-FFFFFF",
			"from": [ 3, 0, 12 ],
			"to": [ 13, 2, 13 ],
			"faces": {
				"down": { "uv": [ 4.96, 0.96, 7.04, 3.04 ], "texture": "#texture" },
				"up": { "uv": [ 4.96, 0.96, 7.04, 3.04 ], "texture": "#texture" },
				"north": { "uv": [ 4.96, 0.96, 7.04, 3.04 ], "texture": "#texture" },
				"south": { "uv": [ 4.96, 0.96, 7.04, 3.04 ], "texture": "#texture" },
				"west": { "uv": [ 4.96, 0.96, 7.04, 3.04 ], "texture": "#texture" },
				"east": { "uv": [ 4.96, 0.96, 7.04, 3.04 ], "texture": "#texture" }
			}
		},
		{
			"__comment": "Voxels-BE2734",
			"from": [ 3, 2, 4 ],
			"to": [ 13, 3, 12 ],
			"faces": {
				"down": { "uv": [ 8.96, 0.96, 11.04, 3.04 ], "texture": "#texture" },
				"up": { "uv": [ 8.96, 0.96, 11.04, 3.04 ], "texture": "#texture" },
				"north": { "uv": [ 8.96, 0.96, 11.04, 3.04 ], "texture": "#texture" },
				"south": { "uv": [ 8.96, 0.96, 11.04, 3.04 ], "texture": "#texture" },
				"west": { "uv": [ 8.96, 0.96, 11.04, 3.04 ], "texture": "#texture" },
				"east": { "uv": [ 8.96, 0.96, 11.04, 3.04 ], "texture": "#texture" }
			}
		},
		{
			"__comment": "Voxels-BE2734",
			"from": [ 3, 3, 5 ],
			"to": [ 5, 4, 11 ],
			"faces": {
				"down": { "uv": [ 8.96, 0.96, 11.04, 3.04 ], "texture": "#texture" },
				"up": { "uv": [ 8.96, 0.96, 11.04, 3.04 ], "texture": "#texture" },
				"north": { "uv": [ 8.96, 0.96, 11.04, 3.04 ], "texture": "#texture" },
				"south": { "uv": [ 8.96, 0.96, 11.04, 3.04 ], "texture": "#texture" },
				"west": { "uv": [ 8.96, 0.96, 11.04, 3.04 ], "texture": "#texture" },
				"east": { "uv": [ 8.96, 0.96, 11.04, 3.04 ], "texture": "#texture" }
			}
		},
		{
			"__comment": "Voxels-BE2734",
			"from": [ 3, 4, 7 ],
			"to": [ 5, 5, 9 ],
			"faces": {
				"down": { "uv": [ 8.96, 0.96, 11.04, 3.04 ], "texture": "#texture" },
				"up": { "uv": [ 8.96, 0.96, 11.04, 3.04 ], "texture": "#texture" },
				"north": { "uv": [ 8.96, 0.96, 11.04, 3.04 ], "texture": "#texture" },
				"south": { "uv": [ 8.96, 0.96, 11.04, 3.04 ], "texture": "#texture" },
				"west": { "uv": [ 8.96, 0.96, 11.04, 3.04 ], "texture": "#texture" },
				"east": { "uv": [ 8.96, 0.96, 11.04, 3.04 ], "texture": "#texture" }
			}
		},
		{
			"__comment": "Voxels-FFFFFF",
			"from": [ 4, 0, 2 ],
			"to": [ 12, 2, 3 ],
			"faces": {
				"down": { "uv": [ 4.96, 0.96, 7.04, 3.04 ], "texture": "#texture" },
				"up": { "uv": [ 4.96, 0.96, 7.04, 3.04 ], "texture": "#texture" },
				"north": { "uv": [ 4.96, 0.96, 7.04, 3.04 ], "texture": "#texture" },
				"south": { "uv": [ 4.96, 0.96, 7.04, 3.04 ], "texture": "#texture" },
				"west": { "uv": [ 4.96, 0.96, 7.04, 3.04 ], "texture": "#texture" },
				"east": { "uv": [ 4.96, 0.96, 7.04, 3.04 ], "texture": "#texture" }
			}
		},
		{
			"__comment": "Voxels-FFFFFF",
			"from": [ 4, 0, 13 ],
			"to": [ 12, 2, 14 ],
			"faces": {
				"down": { "uv": [ 4.96, 0.96, 7.04, 3.04 ], "texture": "#texture" },
				"up": { "uv": [ 4.96, 0.96, 7.04, 3.04 ], "texture": "#texture" },
				"north": { "uv": [ 4.96, 0.96, 7.04, 3.04 ], "texture": "#texture" },
				"south": { "uv": [ 4.96, 0.96, 7.04, 3.04 ], "texture": "#texture" },
				"west": { "uv": [ 4.96, 0.96, 7.04, 3.04 ], "texture": "#texture" },
				"east": { "uv": [ 4.96, 0.96, 7.04, 3.04 ], "texture": "#texture" }
			}
		},
		{
			"__comment": "Voxels-BE2734",
			"from": [ 4, 1, 4 ],
			"to": [ 13, 2, 12 ],
			"faces": {
				"down": { "uv": [ 8.96, 0.96, 11.04, 3.04 ], "texture": "#texture" },
				"up": { "uv": [ 8.96, 0.96, 11.04, 3.04 ], "texture": "#texture" },
				"north": { "uv": [ 8.96, 0.96, 11.04, 3.04 ], "texture": "#texture" },
				"south": { "uv": [ 8.96, 0.96, 11.04, 3.04 ], "texture": "#texture" },
				"west": { "uv": [ 8.96, 0.96, 11.04, 3.04 ], "texture": "#texture" },
				"east": { "uv": [ 8.96, 0.96, 11.04, 3.04 ], "texture": "#texture" }
			}
		},
		{
			"__comment": "Voxels-BE2734",
			"from": [ 4, 2, 3 ],
			"to": [ 12, 3, 4 ],
			"faces": {
				"down": { "uv": [ 8.96, 0.96, 11.04, 3.04 ], "texture": "#texture" },
				"up": { "uv": [ 8.96, 0.96, 11.04, 3.04 ], "texture": "#texture" },
				"north": { "uv": [ 8.96, 0.96, 11.04, 3.04 ], "texture": "#texture" },
				"south": { "uv": [ 8.96, 0.96, 11.04, 3.04 ], "texture": "#texture" },
				"west": { "uv": [ 8.96, 0.96, 11.04, 3.04 ], "texture": "#texture" },
				"east": { "uv": [ 8.96, 0.96, 11.04, 3.04 ], "texture": "#texture" }
			}
		},
		{
			"__comment": "Voxels-BE2734",
			"from": [ 4, 2, 12 ],
			"to": [ 12, 3, 13 ],
			"faces": {
				"down": { "uv": [ 8.96, 0.96, 11.04, 3.04 ], "texture": "#texture" },
				"up": { "uv": [ 8.96, 0.96, 11.04, 3.04 ], "texture": "#texture" },
				"north": { "uv": [ 8.96, 0.96, 11.04, 3.04 ], "texture": "#texture" },
				"south": { "uv": [ 8.96, 0.96, 11.04, 3.04 ], "texture": "#texture" },
				"west": { "uv": [ 8.96, 0.96, 11.04, 3.04 ], "texture": "#texture" },
				"east": { "uv": [ 8.96, 0.96, 11.04, 3.04 ], "texture": "#texture" }
			}
		},
		{
			"__comment": "Voxels-BE2734",
			"from": [ 4, 3, 4 ],
			"to": [ 12, 4, 5 ],
			"faces": {
				"down": { "uv": [ 8.96, 0.96, 11.04, 3.04 ], "texture": "#texture" },
				"up": { "uv": [ 8.96, 0.96, 11.04, 3.04 ], "texture": "#texture" },
				"north": { "uv": [ 8.96, 0.96, 11.04, 3.04 ], "texture": "#texture" },
				"south": { "uv": [ 8.96, 0.96, 11.04, 3.04 ], "texture": "#texture" },
				"west": { "uv": [ 8.96, 0.96, 11.04, 3.04 ], "texture": "#texture" },
				"east": { "uv": [ 8.96, 0.96, 11.04, 3.04 ], "texture": "#texture" }
			}
		},
		{
			"__comment": "Voxels-BE2734",
			"from": [ 4, 3, 11 ],
			"to": [ 12, 4, 12 ],
			"faces": {
				"down": { "uv": [ 8.96, 0.96, 11.04, 3.04 ], "texture": "#texture" },
				"up": { "uv": [ 8.96, 0.96, 11.04, 3.04 ], "texture": "#texture" },
				"north": { "uv": [ 8.96, 0.96, 11.04, 3.04 ], "texture": "#texture" },
				"south": { "uv": [ 8.96, 0.96, 11.04, 3.04 ], "texture": "#texture" },
				"west": { "uv": [ 8.96, 0.96, 11.04, 3.04 ], "texture": "#texture" },
				"east": { "uv": [ 8.96, 0.96, 11.04, 3.04 ], "texture": "#texture" }
			}
		},
		{
			"__comment": "Voxels-BE2734",
			"from": [ 4, 4, 5 ],
			"to": [ 7, 5, 6 ],
			"faces": {
				"down": { "uv": [ 8.96, 0.96, 11.04, 3.04 ], "texture": "#texture" },
				"up": { "uv": [ 8.96, 0.96, 11.04, 3.04 ], "texture": "#texture" },
				"north": { "uv": [ 8.96, 0.96, 11.04, 3.04 ], "texture": "#texture" },
				"south": { "uv": [ 8.96, 0.96, 11.04, 3.04 ], "texture": "#texture" },
				"west": { "uv": [ 8.96, 0.96, 11.04, 3.04 ], "texture": "#texture" },
				"east": { "uv": [ 8.96, 0.96, 11.04, 3.04 ], "texture": "#texture" }
			}
		},
		{
			"__comment": "Voxels-BE2734",
			"from": [ 4, 4, 6 ],
			"to": [ 6, 6, 7 ],
			"faces": {
				"down": { "uv": [ 8.96, 0.96, 11.04, 3.04 ], "texture": "#texture" },
				"up": { "uv": [ 8.96, 0.96, 11.04, 3.04 ], "texture": "#texture" },
				"north": { "uv": [ 8.96, 0.96, 11.04, 3.04 ], "texture": "#texture" },
				"south": { "uv": [ 8.96, 0.96, 11.04, 3.04 ], "texture": "#texture" },
				"west": { "uv": [ 8.96, 0.96, 11.04, 3.04 ], "texture": "#texture" },
				"east": { "uv": [ 8.96, 0.96, 11.04, 3.04 ], "texture": "#texture" }
			}
		},
		{
			"__comment": "Voxels-BE2734",
			"from": [ 4, 4, 9 ],
			"to": [ 6, 6, 10 ],
			"faces": {
				"down": { "uv": [ 8.96, 0.96, 11.04, 3.04 ], "texture": "#texture" },
				"up": { "uv": [ 8.96, 0.96, 11.04, 3.04 ], "texture": "#texture" },
				"north": { "uv": [ 8.96, 0.96, 11.04, 3.04 ], "texture": "#texture" },
				"south": { "uv": [ 8.96, 0.96, 11.04, 3.04 ], "texture": "#texture" },
				"west": { "uv": [ 8.96, 0.96, 11.04, 3.04 ], "texture": "#texture" },
				"east": { "uv": [ 8.96, 0.96, 11.04, 3.04 ], "texture": "#texture" }
			}
		},
		{
			"__comment": "Voxels-BE2734",
			"from": [ 4, 4, 10 ],
			"to": [ 7, 5, 11 ],
			"faces": {
				"down": { "uv": [ 8.96, 0.96, 11.04, 3.04 ], "texture": "#texture" },
				"up": { "uv": [ 8.96, 0.96, 11.04, 3.04 ], "texture": "#texture" },
				"north": { "uv": [ 8.96, 0.96, 11.04, 3.04 ], "texture": "#texture" },
				"south": { "uv": [ 8.96, 0.96, 11.04, 3.04 ], "texture": "#texture" },
				"west": { "uv": [ 8.96, 0.96, 11.04, 3.04 ], "texture": "#texture" },
				"east": { "uv": [ 8.96, 0.96, 11.04, 3.04 ], "texture": "#texture" }
			}
		},
		{
			"__comment": "Voxels-BE2734",
			"from": [ 4, 5, 7 ],
			"to": [ 6, 6, 9 ],
			"faces": {
				"down": { "uv": [ 8.96, 0.96, 11.04, 3.04 ], "texture": "#texture" },
				"up": { "uv": [ 8.96, 0.96, 11.04, 3.04 ], "texture": "#texture" },
				"north": { "uv": [ 8.96, 0.96, 11.04, 3.04 ], "texture": "#texture" },
				"south": { "uv": [ 8.96, 0.96, 11.04, 3.04 ], "texture": "#texture" },
				"west": { "uv": [ 8.96, 0.96, 11.04, 3.04 ], "texture": "#texture" },
				"east": { "uv": [ 8.96, 0.96, 11.04, 3.04 ], "texture": "#texture" }
			}
		},
		{
			"__comment": "Voxels-BE2734",
			"from": [ 5, 3, 3 ],
			"to": [ 11, 4, 4 ],
			"faces": {
				"down": { "uv": [ 8.96, 0.96, 11.04, 3.04 ], "texture": "#texture" },
				"up": { "uv": [ 8.96, 0.96, 11.04, 3.04 ], "texture": "#texture" },
				"north": { "uv": [ 8.96, 0.96, 11.04, 3.04 ], "texture": "#texture" },
				"south": { "uv": [ 8.96, 0.96, 11.04, 3.04 ], "texture": "#texture" },
				"west": { "uv": [ 8.96, 0.96, 11.04, 3.04 ], "texture": "#texture" },
				"east": { "uv": [ 8.96, 0.96, 11.04, 3.04 ], "texture": "#texture" }
			}
		},
		{
			"__comment": "Voxels-BE2734",
			"from": [ 5, 3, 12 ],
			"to": [ 11, 4, 13 ],
			"faces": {
				"down": { "uv": [ 8.96, 0.96, 11.04, 3.04 ], "texture": "#texture" },
				"up": { "uv": [ 8.96, 0.96, 11.04, 3.04 ], "texture": "#texture" },
				"north": { "uv": [ 8.96, 0.96, 11.04, 3.04 ], "texture": "#texture" },
				"south": { "uv": [ 8.96, 0.96, 11.04, 3.04 ], "texture": "#texture" },
				"west": { "uv": [ 8.96, 0.96, 11.04, 3.04 ], "texture": "#texture" },
				"east": { "uv": [ 8.96, 0.96, 11.04, 3.04 ], "texture": "#texture" }
			}
		},
		{
			"__comment": "Voxels-BE2734",
			"from": [ 5, 4, 4 ],
			"to": [ 11, 5, 5 ],
			"faces": {
				"down": { "uv": [ 8.96, 0.96, 11.04, 3.04 ], "texture": "#texture" },
				"up": { "uv": [ 8.96, 0.96, 11.04, 3.04 ], "texture": "#texture" },
				"north": { "uv": [ 8.96, 0.96, 11.04, 3.04 ], "texture": "#texture" },
				"south": { "uv": [ 8.96, 0.96, 11.04, 3.04 ], "texture": "#texture" },
				"west": { "uv": [ 8.96, 0.96, 11.04, 3.04 ], "texture": "#texture" },
				"east": { "uv": [ 8.96, 0.96, 11.04, 3.04 ], "texture": "#texture" }
			}
		},
		{
			"__comment": "Voxels-BE2734",
			"from": [ 5, 4, 11 ],
			"to": [ 11, 5, 12 ],
			"faces": {
				"down": { "uv": [ 8.96, 0.96, 11.04, 3.04 ], "texture": "#texture" },
				"up": { "uv": [ 8.96, 0.96, 11.04, 3.04 ], "texture": "#texture" },
				"north": { "uv": [ 8.96, 0.96, 11.04, 3.04 ], "texture": "#texture" },
				"south": { "uv": [ 8.96, 0.96, 11.04, 3.04 ], "texture": "#texture" },
				"west": { "uv": [ 8.96, 0.96, 11.04, 3.04 ], "texture": "#texture" },
				"east": { "uv": [ 8.96, 0.96, 11.04, 3.04 ], "texture": "#texture" }
			}
		},
		{
			"__comment": "Voxels-BE2734",
			"from": [ 5, 5, 5 ],
			"to": [ 11, 6, 6 ],
			"faces": {
				"down": { "uv": [ 8.96, 0.96, 11.04, 3.04 ], "texture": "#texture" },
				"up": { "uv": [ 8.96, 0.96, 11.04, 3.04 ], "texture": "#texture" },
				"north": { "uv": [ 8.96, 0.96, 11.04, 3.04 ], "texture": "#texture" },
				"south": { "uv": [ 8.96, 0.96, 11.04, 3.04 ], "texture": "#texture" },
				"west": { "uv": [ 8.96, 0.96, 11.04, 3.04 ], "texture": "#texture" },
				"east": { "uv": [ 8.96, 0.96, 11.04, 3.04 ], "texture": "#texture" }
			}
		},
		{
			"__comment": "Voxels-BE2734",
			"from": [ 5, 5, 10 ],
			"to": [ 11, 6, 11 ],
			"faces": {
				"down": { "uv": [ 8.96, 0.96, 11.04, 3.04 ], "texture": "#texture" },
				"up": { "uv": [ 8.96, 0.96, 11.04, 3.04 ], "texture": "#texture" },
				"north": { "uv": [ 8.96, 0.96, 11.04, 3.04 ], "texture": "#texture" },
				"south": { "uv": [ 8.96, 0.96, 11.04, 3.04 ], "texture": "#texture" },
				"west": { "uv": [ 8.96, 0.96, 11.04, 3.04 ], "texture": "#texture" },
				"east": { "uv": [ 8.96, 0.96, 11.04, 3.04 ], "texture": "#texture" }
			}
		},
		{
			"__comment": "Voxels-BE2734",
			"from": [ 5, 6, 6 ],
			"to": [ 11, 7, 10 ],
			"faces": {
				"down": { "uv": [ 8.96, 0.96, 11.04, 3.04 ], "texture": "#texture" },
				"up": { "uv": [ 8.96, 0.96, 11.04, 3.04 ], "texture": "#texture" },
				"north": { "uv": [ 8.96, 0.96, 11.04, 3.04 ], "texture": "#texture" },
				"south": { "uv": [ 8.96, 0.96, 11.04, 3.04 ], "texture": "#texture" },
				"west": { "uv": [ 8.96, 0.96, 11.04, 3.04 ], "texture": "#texture" },
				"east": { "uv": [ 8.96, 0.96, 11.04, 3.04 ], "texture": "#texture" }
			}
		},
		{
			"__comment": "Voxels-FFFFFF",
			"from": [ 6, 2, 2 ],
			"to": [ 10, 3, 3 ],
			"faces": {
				"down": { "uv": [ 4.96, 0.96, 7.04, 3.04 ], "texture": "#texture" },
				"up": { "uv": [ 4.96, 0.96, 7.04, 3.04 ], "texture": "#texture" },
				"north": { "uv": [ 4.96, 0.96, 7.04, 3.04 ], "texture": "#texture" },
				"south": { "uv": [ 4.96, 0.96, 7.04, 3.04 ], "texture": "#texture" },
				"west": { "uv": [ 4.96, 0.96, 7.04, 3.04 ], "texture": "#texture" },
				"east": { "uv": [ 4.96, 0.96, 7.04, 3.04 ], "texture": "#texture" }
			}
		},
		{
			"__comment": "Voxels-FFFFFF",
			"from": [ 6, 2, 13 ],
			"to": [ 10, 3, 14 ],
			"faces": {
				"down": { "uv": [ 4.96, 0.96, 7.04, 3.04 ], "texture": "#texture" },
				"up": { "uv": [ 4.96, 0.96, 7.04, 3.04 ], "texture": "#texture" },
				"north": { "uv": [ 4.96, 0.96, 7.04, 3.04 ], "texture": "#texture" },
				"south": { "uv": [ 4.96, 0.96, 7.04, 3.04 ], "texture": "#texture" },
				"west": { "uv": [ 4.96, 0.96, 7.04, 3.04 ], "texture": "#texture" },
				"east": { "uv": [ 4.96, 0.96, 7.04, 3.04 ], "texture": "#texture" }
			}
		},
		{
			"__comment": "Voxels-BE2734",
			"from": [ 6, 5, 4 ],
			"to": [ 10, 6, 5 ],
			"faces": {
				"down": { "uv": [ 8.96, 0.96, 11.04, 3.04 ], "texture": "#texture" },
				"up": { "uv": [ 8.96, 0.96, 11.04, 3.04 ], "texture": "#texture" },
				"north": { "uv": [ 8.96, 0.96, 11.04, 3.04 ], "texture": "#texture" },
				"south": { "uv": [ 8.96, 0.96, 11.04, 3.04 ], "texture": "#texture" },
				"west": { "uv": [ 8.96, 0.96, 11.04, 3.04 ], "texture": "#texture" },
				"east": { "uv": [ 8.96, 0.96, 11.04, 3.04 ], "texture": "#texture" }
			}
		},
		{
			"__comment": "Voxels-BE2734",
			"from": [ 6, 5, 8 ],
			"to": [ 12, 6, 10 ],
			"faces": {
				"down": { "uv": [ 8.96, 0.96, 11.04, 3.04 ], "texture": "#texture" },
				"up": { "uv": [ 8.96, 0.96, 11.04, 3.04 ], "texture": "#texture" },
				"north": { "uv": [ 8.96, 0.96, 11.04, 3.04 ], "texture": "#texture" },
				"south": { "uv": [ 8.96, 0.96, 11.04, 3.04 ], "texture": "#texture" },
				"west": { "uv": [ 8.96, 0.96, 11.04, 3.04 ], "texture": "#texture" },
				"east": { "uv": [ 8.96, 0.96, 11.04, 3.04 ], "texture": "#texture" }
			}
		},
		{
			"__comment": "Voxels-BE2734",
			"from": [ 6, 5, 11 ],
			"to": [ 10, 6, 12 ],
			"faces": {
				"down": { "uv": [ 8.96, 0.96, 11.04, 3.04 ], "texture": "#texture" },
				"up": { "uv": [ 8.96, 0.96, 11.04, 3.04 ], "texture": "#texture" },
				"north": { "uv": [ 8.96, 0.96, 11.04, 3.04 ], "texture": "#texture" },
				"south": { "uv": [ 8.96, 0.96, 11.04, 3.04 ], "texture": "#texture" },
				"west": { "uv": [ 8.96, 0.96, 11.04, 3.04 ], "texture": "#texture" },
				"east": { "uv": [ 8.96, 0.96, 11.04, 3.04 ], "texture": "#texture" }
			}
		},
		{
			"__comment": "Voxels-BE2734",
			"from": [ 6, 6, 5 ],
			"to": [ 10, 7, 6 ],
			"faces": {
				"down": { "uv": [ 8.96, 0.96, 11.04, 3.04 ], "texture": "#texture" },
				"up": { "uv": [ 8.96, 0.96, 11.04, 3.04 ], "texture": "#texture" },
				"north": { "uv": [ 8.96, 0.96, 11.04, 3.04 ], "texture": "#texture" },
				"south": { "uv": [ 8.96, 0.96, 11.04, 3.04 ], "texture": "#texture" },
				"west": { "uv": [ 8.96, 0.96, 11.04, 3.04 ], "texture": "#texture" },
				"east": { "uv": [ 8.96, 0.96, 11.04, 3.04 ], "texture": "#texture" }
			}
		},
		{
			"__comment": "Voxels-BE2734",
			"from": [ 6, 6, 10 ],
			"to": [ 10, 7, 11 ],
			"faces": {
				"down": { "uv": [ 8.96, 0.96, 11.04, 3.04 ], "texture": "#texture" },
				"up": { "uv": [ 8.96, 0.96, 11.04, 3.04 ], "texture": "#texture" },
				"north": { "uv": [ 8.96, 0.96, 11.04, 3.04 ], "texture": "#texture" },
				"south": { "uv": [ 8.96, 0.96, 11.04, 3.04 ], "texture": "#texture" },
				"west": { "uv": [ 8.96, 0.96, 11.04, 3.04 ], "texture": "#texture" },
				"east": { "uv": [ 8.96, 0.96, 11.04, 3.04 ], "texture": "#texture" }
			}
		},
		{
			"__comment": "Voxels-BE2734",
			"from": [ 6, 7, 6 ],
			"to": [ 10, 8, 10 ],
			"faces": {
				"down": { "uv": [ 8.96, 0.96, 11.04, 3.04 ], "texture": "#texture" },
				"up": { "uv": [ 8.96, 0.96, 11.04, 3.04 ], "texture": "#texture" },
				"north": { "uv": [ 8.96, 0.96, 11.04, 3.04 ], "texture": "#texture" },
				"south": { "uv": [ 8.96, 0.96, 11.04, 3.04 ], "texture": "#texture" },
				"west": { "uv": [ 8.96, 0.96, 11.04, 3.04 ], "texture": "#texture" },
				"east": { "uv": [ 8.96, 0.96, 11.04, 3.04 ], "texture": "#texture" }
			}
		},
		{
			"__comment": "Voxels-BE2734",
			"from": [ 6, 8, 7 ],
			"to": [ 10, 9, 10 ],
			"faces": {
				"down": { "uv": [ 8.96, 0.96, 11.04, 3.04 ], "texture": "#texture" },
				"up": { "uv": [ 8.96, 0.96, 11.04, 3.04 ], "texture": "#texture" },
				"north": { "uv": [ 8.96, 0.96, 11.04, 3.04 ], "texture": "#texture" },
				"south": { "uv": [ 8.96, 0.96, 11.04, 3.04 ], "texture": "#texture" },
				"west": { "uv": [ 8.96, 0.96, 11.04, 3.04 ], "texture": "#texture" },
				"east": { "uv": [ 8.96, 0.96, 11.04, 3.04 ], "texture": "#texture" }
			}
		},
		{
			"__comment": "Voxels-BE2734",
			"from": [ 7, 4, 3 ],
			"to": [ 9, 5, 4 ],
			"faces": {
				"down": { "uv": [ 8.96, 0.96, 11.04, 3.04 ], "texture": "#texture" },
				"up": { "uv": [ 8.96, 0.96, 11.04, 3.04 ], "texture": "#texture" },
				"north": { "uv": [ 8.96, 0.96, 11.04, 3.04 ], "texture": "#texture" },
				"south": { "uv": [ 8.96, 0.96, 11.04, 3.04 ], "texture": "#texture" },
				"west": { "uv": [ 8.96, 0.96, 11.04, 3.04 ], "texture": "#texture" },
				"east": { "uv": [ 8.96, 0.96, 11.04, 3.04 ], "texture": "#texture" }
			}
		},
		{
			"__comment": "Voxels-BE2734",
			"from": [ 7, 4, 12 ],
			"to": [ 9, 5, 13 ],
			"faces": {
				"down": { "uv": [ 8.96, 0.96, 11.04, 3.04 ], "texture": "#texture" },
				"up": { "uv": [ 8.96, 0.96, 11.04, 3.04 ], "texture": "#texture" },
				"north": { "uv": [ 8.96, 0.96, 11.04, 3.04 ], "texture": "#texture" },
				"south": { "uv": [ 8.96, 0.96, 11.04, 3.04 ], "texture": "#texture" },
				"west": { "uv": [ 8.96, 0.96, 11.04, 3.04 ], "texture": "#texture" },
				"east": { "uv": [ 8.96, 0.96, 11.04, 3.04 ], "texture": "#texture" }
			}
		},
		{
			"__comment": "Voxels-BE2734",
			"from": [ 7, 7, 10 ],
			"to": [ 9, 9, 11 ],
			"faces": {
				"down": { "uv": [ 8.96, 0.96, 11.04, 3.04 ], "texture": "#texture" },
				"up": { "uv": [ 8.96, 0.96, 11.04, 3.04 ], "texture": "#texture" },
				"north": { "uv": [ 8.96, 0.96, 11.04, 3.04 ], "texture": "#texture" },
				"south": { "uv": [ 8.96, 0.96, 11.04, 3.04 ], "texture": "#texture" },
				"west": { "uv": [ 8.96, 0.96, 11.04, 3.04 ], "texture": "#texture" },
				"east": { "uv": [ 8.96, 0.96, 11.04, 3.04 ], "texture": "#texture" }
			}
		},
		{
			"__comment": "Voxels-BE2734",
			"from": [ 7, 8, 6 ],
			"to": [ 9, 9, 7 ],
			"faces": {
				"down": { "uv": [ 8.96, 0.96, 11.04, 3.04 ], "texture": "#texture" },
				"up": { "uv": [ 8.96, 0.96, 11.04, 3.04 ], "texture": "#texture" },
				"north": { "uv": [ 8.96, 0.96, 11.04, 3.04 ], "texture": "#texture" },
				"south": { "uv": [ 8.96, 0.96, 11.04, 3.04 ], "texture": "#texture" },
				"west": { "uv": [ 8.96, 0.96, 11.04, 3.04 ], "texture": "#texture" },
				"east": { "uv": [ 8.96, 0.96, 11.04, 3.04 ], "texture": "#texture" }
			}
		},
		{
			"__comment": "Voxels-BE2734",
			"from": [ 7, 9, 7 ],
			"to": [ 9, 10, 10 ],
			"faces": {
				"down": { "uv": [ 8.96, 0.96, 11.04, 3.04 ], "texture": "#texture" },
				"up": { "uv": [ 8.96, 0.96, 11.04, 3.04 ], "texture": "#texture" },
				"north": { "uv": [ 8.96, 0.96, 11.04, 3.04 ], "texture": "#texture" },
				"south": { "uv": [ 8.96, 0.96, 11.04, 3.04 ], "texture": "#texture" },
				"west": { "uv": [ 8.96, 0.96, 11.04, 3.04 ], "texture": "#texture" },
				"east": { "uv": [ 8.96, 0.96, 11.04, 3.04 ], "texture": "#texture" }
			}
		},
		{
			"__comment": "Voxels-FFFFFF",
			"from": [ 7, 9, 10 ],
			"to": [ 9, 11, 12 ],
			"faces": {
				"down": { "uv": [ 4.96, 0.96, 7.04, 3.04 ], "texture": "#texture" },
				"up": { "uv": [ 4.96, 0.96, 7.04, 3.04 ], "texture": "#texture" },
				"north": { "uv": [ 4.96, 0.96, 7.04, 3.04 ], "texture": "#texture" },
				"south": { "uv": [ 4.96, 0.96, 7.04, 3.04 ], "texture": "#texture" },
				"west": { "uv": [ 4.96, 0.96, 7.04, 3.04 ], "texture": "#texture" },
				"east": { "uv": [ 4.96, 0.96, 7.04, 3.04 ], "texture": "#texture" }
			}
		},
		{
			"__comment": "Voxels-BE2734",
			"from": [ 7, 10, 9 ],
			"to": [ 9, 11, 10 ],
			"faces": {
				"down": { "uv": [ 8.96, 0.96, 11.04, 3.04 ], "texture": "#texture" },
				"up": { "uv": [ 8.96, 0.96, 11.04, 3.04 ], "texture": "#texture" },
				"north": { "uv": [ 8.96, 0.96, 11.04, 3.04 ], "texture": "#texture" },
				"south": { "uv": [ 8.96, 0.96, 11.04, 3.04 ], "texture": "#texture" },
				"west": { "uv": [ 8.96, 0.96, 11.04, 3.04 ], "texture": "#texture" },
				"east": { "uv": [ 8.96, 0.96, 11.04, 3.04 ], "texture": "#texture" }
			}
		},
		{
			"__comment": "Voxels-BE2734",
			"from": [ 9, 4, 5 ],
			"to": [ 12, 5, 6 ],
			"faces": {
				"down": { "uv": [ 8.96, 0.96, 11.04, 3.04 ], "texture": "#texture" },
				"up": { "uv": [ 8.96, 0.96, 11.04, 3.04 ], "texture": "#texture" },
				"north": { "uv": [ 8.96, 0.96, 11.04, 3.04 ], "texture": "#texture" },
				"south": { "uv": [ 8.96, 0.96, 11.04, 3.04 ], "texture": "#texture" },
				"west": { "uv": [ 8.96, 0.96, 11.04, 3.04 ], "texture": "#texture" },
				"east": { "uv": [ 8.96, 0.96, 11.04, 3.04 ], "texture": "#texture" }
			}
		},
		{
			"__comment": "Voxels-BE2734",
			"from": [ 9, 4, 10 ],
			"to": [ 12, 5, 11 ],
			"faces": {
				"down": { "uv": [ 8.96, 0.96, 11.04, 3.04 ], "texture": "#texture" },
				"up": { "uv": [ 8.96, 0.96, 11.04, 3.04 ], "texture": "#texture" },
				"north": { "uv": [ 8.96, 0.96, 11.04, 3.04 ], "texture": "#texture" },
				"south": { "uv": [ 8.96, 0.96, 11.04, 3.04 ], "texture": "#texture" },
				"west": { "uv": [ 8.96, 0.96, 11.04, 3.04 ], "texture": "#texture" },
				"east": { "uv": [ 8.96, 0.96, 11.04, 3.04 ], "texture": "#texture" }
			}
		},
		{
			"__comment": "Voxels-BE2734",
			"from": [ 10, 4, 6 ],
			"to": [ 12, 6, 7 ],
			"faces": {
				"down": { "uv": [ 8.96, 0.96, 11.04, 3.04 ], "texture": "#texture" },
				"up": { "uv": [ 8.96, 0.96, 11.04, 3.04 ], "texture": "#texture" },
				"north": { "uv": [ 8.96, 0.96, 11.04, 3.04 ], "texture": "#texture" },
				"south": { "uv": [ 8.96, 0.96, 11.04, 3.04 ], "texture": "#texture" },
				"west": { "uv": [ 8.96, 0.96, 11.04, 3.04 ], "texture": "#texture" },
				"east": { "uv": [ 8.96, 0.96, 11.04, 3.04 ], "texture": "#texture" }
			}
		},
		{
			"__comment": "Voxels-BE2734",
			"from": [ 10, 4, 9 ],
			"to": [ 12, 5, 10 ],
			"faces": {
				"down": { "uv": [ 8.96, 0.96, 11.04, 3.04 ], "texture": "#texture" },
				"up": { "uv": [ 8.96, 0.96, 11.04, 3.04 ], "texture": "#texture" },
				"north": { "uv": [ 8.96, 0.96, 11.04, 3.04 ], "texture": "#texture" },
				"south": { "uv": [ 8.96, 0.96, 11.04, 3.04 ], "texture": "#texture" },
				"west": { "uv": [ 8.96, 0.96, 11.04, 3.04 ], "texture": "#texture" },
				"east": { "uv": [ 8.96, 0.96, 11.04, 3.04 ], "texture": "#texture" }
			}
		},
		{
			"__comment": "Voxels-BE2734",
			"from": [ 10, 5, 7 ],
			"to": [ 12, 6, 8 ],
			"faces": {
				"down": { "uv": [ 8.96, 0.96, 11.04, 3.04 ], "texture": "#texture" },
				"up": { "uv": [ 8.96, 0.96, 11.04, 3.04 ], "texture": "#texture" },
				"north": { "uv": [ 8.96, 0.96, 11.04, 3.04 ], "texture": "#texture" },
				"south": { "uv": [ 8.96, 0.96, 11.04, 3.04 ], "texture": "#texture" },
				"west": { "uv": [ 8.96, 0.96, 11.04, 3.04 ], "texture": "#texture" },
				"east": { "uv": [ 8.96, 0.96, 11.04, 3.04 ], "texture": "#texture" }
			}
		},
		{
			"__comment": "Voxels-BE2734",
			"from": [ 11, 3, 5 ],
			"to": [ 13, 4, 11 ],
			"faces": {
				"down": { "uv": [ 8.96, 0.96, 11.04, 3.04 ], "texture": "#texture" },
				"up": { "uv": [ 8.96, 0.96, 11.04, 3.04 ], "texture": "#texture" },
				"north": { "uv": [ 8.96, 0.96, 11.04, 3.04 ], "texture": "#texture" },
				"south": { "uv": [ 8.96, 0.96, 11.04, 3.04 ], "texture": "#texture" },
				"west": { "uv": [ 8.96, 0.96, 11.04, 3.04 ], "texture": "#texture" },
				"east": { "uv": [ 8.96, 0.96, 11.04, 3.04 ], "texture": "#texture" }
			}
		},
		{
			"__comment": "Voxels-BE2734",
			"from": [ 11, 4, 7 ],
			"to": [ 13, 5, 9 ],
			"faces": {
				"down": { "uv": [ 8.96, 0.96, 11.04, 3.04 ], "texture": "#texture" },
				"up": { "uv": [ 8.96, 0.96, 11.04, 3.04 ], "texture": "#texture" },
				"north": { "uv": [ 8.96, 0.96, 11.04, 3.04 ], "texture": "#texture" },
				"south": { "uv": [ 8.96, 0.96, 11.04, 3.04 ], "texture": "#texture" },
				"west": { "uv": [ 8.96, 0.96, 11.04, 3.04 ], "texture": "#texture" },
				"east": { "uv": [ 8.96, 0.96, 11.04, 3.04 ], "texture": "#texture" }
			}
		},
		{
			"__comment": "Voxels-FFFFFF",
			"from": [ 12, 0, 4 ],
			"to": [ 14, 1, 12 ],
			"faces": {
				"down": { "uv": [ 4.96, 0.96, 7.04, 3.04 ], "texture": "#texture" },
				"up": { "uv": [ 4.96, 0.96, 7.04, 3.04 ], "texture": "#texture" },
				"north": { "uv": [ 4.96, 0.96, 7.04, 3.04 ], "texture": "#texture" },
				"south": { "uv": [ 4.96, 0.96, 7.04, 3.04 ], "texture": "#texture" },
				"west": { "uv": [ 4.96, 0.96, 7.04, 3.04 ], "texture": "#texture" },
				"east": { "uv": [ 4.96, 0.96, 7.04, 3.04 ], "texture": "#texture" }
			}
		},
		{
			"__comment": "Voxels-FFFFFF",
			"from": [ 13, 1, 4 ],
			"to": [ 14, 2, 12 ],
			"faces": {
				"down": { "uv": [ 4.96, 0.96, 7.04, 3.04 ], "texture": "#texture" },
				"up": { "uv": [ 4.96, 0.96, 7.04, 3.04 ], "texture": "#texture" },
				"north": { "uv": [ 4.96, 0.96, 7.04, 3.04 ], "texture": "#texture" },
				"south": { "uv": [ 4.96, 0.96, 7.04, 3.04 ], "texture": "#texture" },
				"west": { "uv": [ 4.96, 0.96, 7.04, 3.04 ], "texture": "#texture" },
				"east": { "uv": [ 4.96, 0.96, 7.04, 3.04 ], "texture": "#texture" }
			}
		},
		{
			"__comment": "Voxels-FFFFFF",
			"from": [ 13, 2, 6 ],
			"to": [ 14, 3, 10 ],
			"faces": {
				"down": { "uv": [ 4.96, 0.96, 7.04, 3.04 ], "texture": "#texture" },
				"up": { "uv": [ 4.96, 0.96, 7.04, 3.04 ], "texture": "#texture" },
				"north": { "uv": [ 4.96, 0.96, 7.04, 3.04 ], "texture": "#texture" },
				"south": { "uv": [ 4.96, 0.96, 7.04, 3.04 ], "texture": "#texture" },
				"west": { "uv": [ 4.96, 0.96, 7.04, 3.04 ], "texture": "#texture" },
				"east": { "uv": [ 4.96, 0.96, 7.04, 3.04 ], "texture": "#texture" }
			}
		}
	],
	"display": {
		"thirdperson_righthand": {
			"rotation":  [ 34, 0, 0 ],
			"translation":  [ 0, 4.8695, 0 ],
			"scale":  [ 0.5913, 0.5913, 0.5913 ]
		},
		"thirdperson_lefthand": {
			"rotation":  [ 34, 0, 0 ],
			"translation":  [ 0, 4.8695, 0 ],
			"scale":  [ 0.5913, 0.5913, 0.5913 ]
		},
		"firstperson_righthand": {
			"translation":  [ 0, 3.4782, 0 ]
		},
		"firstperson_lefthand": {
			"translation":  [ 0, 3.4782, 0 ]
		},
		"gui": {
			"rotation":  [ 30, 225, 0 ],
			"scale":  [ 0.625, 0.625, 0.625 ]
		},
		"head": {
			"translation":  [ 0, 16, 0 ],
			"scale":  [ 1.5, 1.5, 1.5 ]
		}
	}
}