{
	"__comment": "Designed by Steven - https://cubik.studio",
	"textures": {
		"particle": "blocks/particle",
		"texture": "cosmetics/earhats/colour-lime"
	},
	"elements": [ 	 
		{
			"__comment": "Voxels-0F0F0F",
			"from": [ 2, 9, 3 ],
			"to": [ 6, 10, 4 ],
			"faces": {
				"down": { "uv": [ 8.96, 0.96, 11.04, 3.04 ], "texture": "#texture" },
				"up": { "uv": [ 8.96, 0.96, 11.04, 3.04 ], "texture": "#texture" },
				"north": { "uv": [ 8.96, 0.96, 11.04, 3.04 ], "texture": "#texture" },
				"south": { "uv": [ 8.96, 0.96, 11.04, 3.04 ], "texture": "#texture" },
				"west": { "uv": [ 8.96, 0.96, 11.04, 3.04 ], "texture": "#texture" },
				"east": { "uv": [ 8.96, 0.96, 11.04, 3.04 ], "texture": "#texture" }
			}
		},
		{
			"__comment": "Voxels-0F0F0F",
			"from": [ 2, 9, 4 ],
			"to": [ 4, 10, 6 ],
			"faces": {
				"down": { "uv": [ 8.96, 0.96, 11.04, 3.04 ], "texture": "#texture" },
				"up": { "uv": [ 8.96, 0.96, 11.04, 3.04 ], "texture": "#texture" },
				"north": { "uv": [ 8.96, 0.96, 11.04, 3.04 ], "texture": "#texture" },
				"south": { "uv": [ 8.96, 0.96, 11.04, 3.04 ], "texture": "#texture" },
				"west": { "uv": [ 8.96, 0.96, 11.04, 3.04 ], "texture": "#texture" },
				"east": { "uv": [ 8.96, 0.96, 11.04, 3.04 ], "texture": "#texture" }
			}
		},
		{
			"__comment": "Voxels-0F0F0F",
			"from": [ 2, 9, 6 ],
			"to": [ 3, 10, 13 ],
			"faces": {
				"down": { "uv": [ 8.96, 0.96, 11.04, 3.04 ], "texture": "#texture" },
				"up": { "uv": [ 8.96, 0.96, 11.04, 3.04 ], "texture": "#texture" },
				"north": { "uv": [ 8.96, 0.96, 11.04, 3.04 ], "texture": "#texture" },
				"south": { "uv": [ 8.96, 0.96, 11.04, 3.04 ], "texture": "#texture" },
				"west": { "uv": [ 8.96, 0.96, 11.04, 3.04 ], "texture": "#texture" },
				"east": { "uv": [ 8.96, 0.96, 11.04, 3.04 ], "texture": "#texture" }
			}
		},
		{
			"__comment": "Voxels-284B96",
			"from": [ 2, 10, 3 ],
			"to": [ 14, 11, 7 ],
			"faces": {
				"down": { "uv": [ 8.96, 4.96, 11.04, 7.04 ], "texture": "#texture" },
				"up": { "uv": [ 8.96, 4.96, 11.04, 7.04 ], "texture": "#texture" },
				"north": { "uv": [ 8.96, 4.96, 11.04, 7.04 ], "texture": "#texture" },
				"south": { "uv": [ 8.96, 4.96, 11.04, 7.04 ], "texture": "#texture" },
				"west": { "uv": [ 8.96, 4.96, 11.04, 7.04 ], "texture": "#texture" },
				"east": { "uv": [ 8.96, 4.96, 11.04, 7.04 ], "texture": "#texture" }
			}
		},
		{
			"__comment": "Voxels-C1151C",
			"from": [ 2, 10, 7 ],
			"to": [ 3, 11, 9 ],
			"faces": {
				"down": { "uv": [ 4.96, 4.96, 7.04, 7.04 ], "texture": "#texture" },
				"up": { "uv": [ 4.96, 4.96, 7.04, 7.04 ], "texture": "#texture" },
				"north": { "uv": [ 4.96, 4.96, 7.04, 7.04 ], "texture": "#texture" },
				"south": { "uv": [ 4.96, 4.96, 7.04, 7.04 ], "texture": "#texture" },
				"west": { "uv": [ 4.96, 4.96, 7.04, 7.04 ], "texture": "#texture" },
				"east": { "uv": [ 4.96, 4.96, 7.04, 7.04 ], "texture": "#texture" }
			}
		},
		{
			"__comment": "Voxels-284B96",
			"from": [ 2, 10, 9 ],
			"to": [ 14, 11, 13 ],
			"faces": {
				"down": { "uv": [ 8.96, 4.96, 11.04, 7.04 ], "texture": "#texture" },
				"up": { "uv": [ 8.96, 4.96, 11.04, 7.04 ], "texture": "#texture" },
				"north": { "uv": [ 8.96, 4.96, 11.04, 7.04 ], "texture": "#texture" },
				"south": { "uv": [ 8.96, 4.96, 11.04, 7.04 ], "texture": "#texture" },
				"west": { "uv": [ 8.96, 4.96, 11.04, 7.04 ], "texture": "#texture" },
				"east": { "uv": [ 8.96, 4.96, 11.04, 7.04 ], "texture": "#texture" }
			}
		},
		{
			"__comment": "Voxels-284B96",
			"from": [ 2, 11, 4 ],
			"to": [ 4, 12, 6 ],
			"faces": {
				"down": { "uv": [ 8.96, 4.96, 11.04, 7.04 ], "texture": "#texture" },
				"up": { "uv": [ 8.96, 4.96, 11.04, 7.04 ], "texture": "#texture" },
				"north": { "uv": [ 8.96, 4.96, 11.04, 7.04 ], "texture": "#texture" },
				"south": { "uv": [ 8.96, 4.96, 11.04, 7.04 ], "texture": "#texture" },
				"west": { "uv": [ 8.96, 4.96, 11.04, 7.04 ], "texture": "#texture" },
				"east": { "uv": [ 8.96, 4.96, 11.04, 7.04 ], "texture": "#texture" }
			}
		},
		{
			"__comment": "Voxels-C1151C",
			"from": [ 2, 11, 6 ],
			"to": [ 3, 13, 7 ],
			"faces": {
				"down": { "uv": [ 4.96, 4.96, 7.04, 7.04 ], "texture": "#texture" },
				"up": { "uv": [ 4.96, 4.96, 7.04, 7.04 ], "texture": "#texture" },
				"north": { "uv": [ 4.96, 4.96, 7.04, 7.04 ], "texture": "#texture" },
				"south": { "uv": [ 4.96, 4.96, 7.04, 7.04 ], "texture": "#texture" },
				"west": { "uv": [ 4.96, 4.96, 7.04, 7.04 ], "texture": "#texture" },
				"east": { "uv": [ 4.96, 4.96, 7.04, 7.04 ], "texture": "#texture" }
			}
		},
		{
			"__comment": "Voxels-0F0F0F",
			"from": [ 2, 11, 7 ],
			"to": [ 3, 12, 8 ],
			"faces": {
				"down": { "uv": [ 8.96, 0.96, 11.04, 3.04 ], "texture": "#texture" },
				"up": { "uv": [ 8.96, 0.96, 11.04, 3.04 ], "texture": "#texture" },
				"north": { "uv": [ 8.96, 0.96, 11.04, 3.04 ], "texture": "#texture" },
				"south": { "uv": [ 8.96, 0.96, 11.04, 3.04 ], "texture": "#texture" },
				"west": { "uv": [ 8.96, 0.96, 11.04, 3.04 ], "texture": "#texture" },
				"east": { "uv": [ 8.96, 0.96, 11.04, 3.04 ], "texture": "#texture" }
			}
		},
		{
			"__comment": "Voxels-E5E5E5",
			"from": [ 2, 11, 8 ],
			"to": [ 3, 12, 9 ],
			"faces": {
				"down": { "uv": [ 12.96, 4.96, 15.04, 7.04 ], "texture": "#texture" },
				"up": { "uv": [ 12.96, 4.96, 15.04, 7.04 ], "texture": "#texture" },
				"north": { "uv": [ 12.96, 4.96, 15.04, 7.04 ], "texture": "#texture" },
				"south": { "uv": [ 12.96, 4.96, 15.04, 7.04 ], "texture": "#texture" },
				"west": { "uv": [ 12.96, 4.96, 15.04, 7.04 ], "texture": "#texture" },
				"east": { "uv": [ 12.96, 4.96, 15.04, 7.04 ], "texture": "#texture" }
			}
		},
		{
			"__comment": "Voxels-C1151C",
			"from": [ 2, 11, 9 ],
			"to": [ 3, 13, 10 ],
			"faces": {
				"down": { "uv": [ 4.96, 4.96, 7.04, 7.04 ], "texture": "#texture" },
				"up": { "uv": [ 4.96, 4.96, 7.04, 7.04 ], "texture": "#texture" },
				"north": { "uv": [ 4.96, 4.96, 7.04, 7.04 ], "texture": "#texture" },
				"south": { "uv": [ 4.96, 4.96, 7.04, 7.04 ], "texture": "#texture" },
				"west": { "uv": [ 4.96, 4.96, 7.04, 7.04 ], "texture": "#texture" },
				"east": { "uv": [ 4.96, 4.96, 7.04, 7.04 ], "texture": "#texture" }
			}
		},
		{
			"__comment": "Voxels-284B96",
			"from": [ 2, 11, 10 ],
			"to": [ 4, 13, 11 ],
			"faces": {
				"down": { "uv": [ 8.96, 4.96, 11.04, 7.04 ], "texture": "#texture" },
				"up": { "uv": [ 8.96, 4.96, 11.04, 7.04 ], "texture": "#texture" },
				"north": { "uv": [ 8.96, 4.96, 11.04, 7.04 ], "texture": "#texture" },
				"south": { "uv": [ 8.96, 4.96, 11.04, 7.04 ], "texture": "#texture" },
				"west": { "uv": [ 8.96, 4.96, 11.04, 7.04 ], "texture": "#texture" },
				"east": { "uv": [ 8.96, 4.96, 11.04, 7.04 ], "texture": "#texture" }
			}
		},
		{
			"__comment": "Voxels-284B96",
			"from": [ 2, 11, 11 ],
			"to": [ 4, 12, 12 ],
			"faces": {
				"down": { "uv": [ 8.96, 4.96, 11.04, 7.04 ], "texture": "#texture" },
				"up": { "uv": [ 8.96, 4.96, 11.04, 7.04 ], "texture": "#texture" },
				"north": { "uv": [ 8.96, 4.96, 11.04, 7.04 ], "texture": "#texture" },
				"south": { "uv": [ 8.96, 4.96, 11.04, 7.04 ], "texture": "#texture" },
				"west": { "uv": [ 8.96, 4.96, 11.04, 7.04 ], "texture": "#texture" },
				"east": { "uv": [ 8.96, 4.96, 11.04, 7.04 ], "texture": "#texture" }
			}
		},
		{
			"__comment": "Voxels-284B96",
			"from": [ 2, 12, 5 ],
			"to": [ 5, 13, 6 ],
			"faces": {
				"down": { "uv": [ 8.96, 4.96, 11.04, 7.04 ], "texture": "#texture" },
				"up": { "uv": [ 8.96, 4.96, 11.04, 7.04 ], "texture": "#texture" },
				"north": { "uv": [ 8.96, 4.96, 11.04, 7.04 ], "texture": "#texture" },
				"south": { "uv": [ 8.96, 4.96, 11.04, 7.04 ], "texture": "#texture" },
				"west": { "uv": [ 8.96, 4.96, 11.04, 7.04 ], "texture": "#texture" },
				"east": { "uv": [ 8.96, 4.96, 11.04, 7.04 ], "texture": "#texture" }
			}
		},
		{
			"__comment": "Voxels-E5E5E5",
			"from": [ 2, 12, 7 ],
			"to": [ 3, 13, 8 ],
			"faces": {
				"down": { "uv": [ 12.96, 4.96, 15.04, 7.04 ], "texture": "#texture" },
				"up": { "uv": [ 12.96, 4.96, 15.04, 7.04 ], "texture": "#texture" },
				"north": { "uv": [ 12.96, 4.96, 15.04, 7.04 ], "texture": "#texture" },
				"south": { "uv": [ 12.96, 4.96, 15.04, 7.04 ], "texture": "#texture" },
				"west": { "uv": [ 12.96, 4.96, 15.04, 7.04 ], "texture": "#texture" },
				"east": { "uv": [ 12.96, 4.96, 15.04, 7.04 ], "texture": "#texture" }
			}
		},
		{
			"__comment": "Voxels-0F0F0F",
			"from": [ 2, 12, 8 ],
			"to": [ 3, 13, 9 ],
			"faces": {
				"down": { "uv": [ 8.96, 0.96, 11.04, 3.04 ], "texture": "#texture" },
				"up": { "uv": [ 8.96, 0.96, 11.04, 3.04 ], "texture": "#texture" },
				"north": { "uv": [ 8.96, 0.96, 11.04, 3.04 ], "texture": "#texture" },
				"south": { "uv": [ 8.96, 0.96, 11.04, 3.04 ], "texture": "#texture" },
				"west": { "uv": [ 8.96, 0.96, 11.04, 3.04 ], "texture": "#texture" },
				"east": { "uv": [ 8.96, 0.96, 11.04, 3.04 ], "texture": "#texture" }
			}
		},
		{
			"__comment": "Voxels-0F0F0F",
			"from": [ 3, 9, 2 ],
			"to": [ 13, 10, 3 ],
			"faces": {
				"down": { "uv": [ 8.96, 0.96, 11.04, 3.04 ], "texture": "#texture" },
				"up": { "uv": [ 8.96, 0.96, 11.04, 3.04 ], "texture": "#texture" },
				"north": { "uv": [ 8.96, 0.96, 11.04, 3.04 ], "texture": "#texture" },
				"south": { "uv": [ 8.96, 0.96, 11.04, 3.04 ], "texture": "#texture" },
				"west": { "uv": [ 8.96, 0.96, 11.04, 3.04 ], "texture": "#texture" },
				"east": { "uv": [ 8.96, 0.96, 11.04, 3.04 ], "texture": "#texture" }
			}
		},
		{
			"__comment": "Voxels-0F0F0F",
			"from": [ 3, 9, 10 ],
			"to": [ 4, 10, 14 ],
			"faces": {
				"down": { "uv": [ 8.96, 0.96, 11.04, 3.04 ], "texture": "#texture" },
				"up": { "uv": [ 8.96, 0.96, 11.04, 3.04 ], "texture": "#texture" },
				"north": { "uv": [ 8.96, 0.96, 11.04, 3.04 ], "texture": "#texture" },
				"south": { "uv": [ 8.96, 0.96, 11.04, 3.04 ], "texture": "#texture" },
				"west": { "uv": [ 8.96, 0.96, 11.04, 3.04 ], "texture": "#texture" },
				"east": { "uv": [ 8.96, 0.96, 11.04, 3.04 ], "texture": "#texture" }
			}
		},
		{
			"__comment": "Voxels-284B96",
			"from": [ 3, 10, 2 ],
			"to": [ 13, 11, 3 ],
			"faces": {
				"down": { "uv": [ 8.96, 4.96, 11.04, 7.04 ], "texture": "#texture" },
				"up": { "uv": [ 8.96, 4.96, 11.04, 7.04 ], "texture": "#texture" },
				"north": { "uv": [ 8.96, 4.96, 11.04, 7.04 ], "texture": "#texture" },
				"south": { "uv": [ 8.96, 4.96, 11.04, 7.04 ], "texture": "#texture" },
				"west": { "uv": [ 8.96, 4.96, 11.04, 7.04 ], "texture": "#texture" },
				"east": { "uv": [ 8.96, 4.96, 11.04, 7.04 ], "texture": "#texture" }
			}
		},
		{
			"__comment": "Voxels-284B96",
			"from": [ 3, 10, 7 ],
			"to": [ 14, 11, 9 ],
			"faces": {
				"down": { "uv": [ 8.96, 4.96, 11.04, 7.04 ], "texture": "#texture" },
				"up": { "uv": [ 8.96, 4.96, 11.04, 7.04 ], "texture": "#texture" },
				"north": { "uv": [ 8.96, 4.96, 11.04, 7.04 ], "texture": "#texture" },
				"south": { "uv": [ 8.96, 4.96, 11.04, 7.04 ], "texture": "#texture" },
				"west": { "uv": [ 8.96, 4.96, 11.04, 7.04 ], "texture": "#texture" },
				"east": { "uv": [ 8.96, 4.96, 11.04, 7.04 ], "texture": "#texture" }
			}
		},
		{
			"__comment": "Voxels-284B96",
			"from": [ 3, 10, 13 ],
			"to": [ 13, 11, 14 ],
			"faces": {
				"down": { "uv": [ 8.96, 4.96, 11.04, 7.04 ], "texture": "#texture" },
				"up": { "uv": [ 8.96, 4.96, 11.04, 7.04 ], "texture": "#texture" },
				"north": { "uv": [ 8.96, 4.96, 11.04, 7.04 ], "texture": "#texture" },
				"south": { "uv": [ 8.96, 4.96, 11.04, 7.04 ], "texture": "#texture" },
				"west": { "uv": [ 8.96, 4.96, 11.04, 7.04 ], "texture": "#texture" },
				"east": { "uv": [ 8.96, 4.96, 11.04, 7.04 ], "texture": "#texture" }
			}
		},
		{
			"__comment": "Voxels-284B96",
			"from": [ 3, 11, 3 ],
			"to": [ 6, 12, 4 ],
			"faces": {
				"down": { "uv": [ 8.96, 4.96, 11.04, 7.04 ], "texture": "#texture" },
				"up": { "uv": [ 8.96, 4.96, 11.04, 7.04 ], "texture": "#texture" },
				"north": { "uv": [ 8.96, 4.96, 11.04, 7.04 ], "texture": "#texture" },
				"south": { "uv": [ 8.96, 4.96, 11.04, 7.04 ], "texture": "#texture" },
				"west": { "uv": [ 8.96, 4.96, 11.04, 7.04 ], "texture": "#texture" },
				"east": { "uv": [ 8.96, 4.96, 11.04, 7.04 ], "texture": "#texture" }
			}
		},
		{
			"__comment": "Voxels-284B96",
			"from": [ 3, 11, 12 ],
			"to": [ 6, 12, 13 ],
			"faces": {
				"down": { "uv": [ 8.96, 4.96, 11.04, 7.04 ], "texture": "#texture" },
				"up": { "uv": [ 8.96, 4.96, 11.04, 7.04 ], "texture": "#texture" },
				"north": { "uv": [ 8.96, 4.96, 11.04, 7.04 ], "texture": "#texture" },
				"south": { "uv": [ 8.96, 4.96, 11.04, 7.04 ], "texture": "#texture" },
				"west": { "uv": [ 8.96, 4.96, 11.04, 7.04 ], "texture": "#texture" },
				"east": { "uv": [ 8.96, 4.96, 11.04, 7.04 ], "texture": "#texture" }
			}
		},
		{
			"__comment": "Voxels-284B96",
			"from": [ 3, 12, 4 ],
			"to": [ 6, 13, 5 ],
			"faces": {
				"down": { "uv": [ 8.96, 4.96, 11.04, 7.04 ], "texture": "#texture" },
				"up": { "uv": [ 8.96, 4.96, 11.04, 7.04 ], "texture": "#texture" },
				"north": { "uv": [ 8.96, 4.96, 11.04, 7.04 ], "texture": "#texture" },
				"south": { "uv": [ 8.96, 4.96, 11.04, 7.04 ], "texture": "#texture" },
				"west": { "uv": [ 8.96, 4.96, 11.04, 7.04 ], "texture": "#texture" },
				"east": { "uv": [ 8.96, 4.96, 11.04, 7.04 ], "texture": "#texture" }
			}
		},
		{
			"__comment": "Voxels-284B96",
			"from": [ 3, 12, 6 ],
			"to": [ 4, 14, 7 ],
			"faces": {
				"down": { "uv": [ 8.96, 4.96, 11.04, 7.04 ], "texture": "#texture" },
				"up": { "uv": [ 8.96, 4.96, 11.04, 7.04 ], "texture": "#texture" },
				"north": { "uv": [ 8.96, 4.96, 11.04, 7.04 ], "texture": "#texture" },
				"south": { "uv": [ 8.96, 4.96, 11.04, 7.04 ], "texture": "#texture" },
				"west": { "uv": [ 8.96, 4.96, 11.04, 7.04 ], "texture": "#texture" },
				"east": { "uv": [ 8.96, 4.96, 11.04, 7.04 ], "texture": "#texture" }
			}
		},
		{
			"__comment": "Voxels-284B96",
			"from": [ 3, 12, 7 ],
			"to": [ 4, 13, 10 ],
			"faces": {
				"down": { "uv": [ 8.96, 4.96, 11.04, 7.04 ], "texture": "#texture" },
				"up": { "uv": [ 8.96, 4.96, 11.04, 7.04 ], "texture": "#texture" },
				"north": { "uv": [ 8.96, 4.96, 11.04, 7.04 ], "texture": "#texture" },
				"south": { "uv": [ 8.96, 4.96, 11.04, 7.04 ], "texture": "#texture" },
				"west": { "uv": [ 8.96, 4.96, 11.04, 7.04 ], "texture": "#texture" },
				"east": { "uv": [ 8.96, 4.96, 11.04, 7.04 ], "texture": "#texture" }
			}
		},
		{
			"__comment": "Voxels-284B96",
			"from": [ 3, 12, 11 ],
			"to": [ 6, 13, 12 ],
			"faces": {
				"down": { "uv": [ 8.96, 4.96, 11.04, 7.04 ], "texture": "#texture" },
				"up": { "uv": [ 8.96, 4.96, 11.04, 7.04 ], "texture": "#texture" },
				"north": { "uv": [ 8.96, 4.96, 11.04, 7.04 ], "texture": "#texture" },
				"south": { "uv": [ 8.96, 4.96, 11.04, 7.04 ], "texture": "#texture" },
				"west": { "uv": [ 8.96, 4.96, 11.04, 7.04 ], "texture": "#texture" },
				"east": { "uv": [ 8.96, 4.96, 11.04, 7.04 ], "texture": "#texture" }
			}
		},
		{
			"__comment": "Voxels-284B96",
			"from": [ 3, 13, 5 ],
			"to": [ 7, 14, 6 ],
			"faces": {
				"down": { "uv": [ 8.96, 4.96, 11.04, 7.04 ], "texture": "#texture" },
				"up": { "uv": [ 8.96, 4.96, 11.04, 7.04 ], "texture": "#texture" },
				"north": { "uv": [ 8.96, 4.96, 11.04, 7.04 ], "texture": "#texture" },
				"south": { "uv": [ 8.96, 4.96, 11.04, 7.04 ], "texture": "#texture" },
				"west": { "uv": [ 8.96, 4.96, 11.04, 7.04 ], "texture": "#texture" },
				"east": { "uv": [ 8.96, 4.96, 11.04, 7.04 ], "texture": "#texture" }
			}
		},
		{
			"__comment": "Voxels-C1151C",
			"from": [ 3, 13, 7 ],
			"to": [ 4, 14, 9 ],
			"faces": {
				"down": { "uv": [ 4.96, 4.96, 7.04, 7.04 ], "texture": "#texture" },
				"up": { "uv": [ 4.96, 4.96, 7.04, 7.04 ], "texture": "#texture" },
				"north": { "uv": [ 4.96, 4.96, 7.04, 7.04 ], "texture": "#texture" },
				"south": { "uv": [ 4.96, 4.96, 7.04, 7.04 ], "texture": "#texture" },
				"west": { "uv": [ 4.96, 4.96, 7.04, 7.04 ], "texture": "#texture" },
				"east": { "uv": [ 4.96, 4.96, 7.04, 7.04 ], "texture": "#texture" }
			}
		},
		{
			"__comment": "Voxels-284B96",
			"from": [ 3, 13, 9 ],
			"to": [ 6, 14, 11 ],
			"faces": {
				"down": { "uv": [ 8.96, 4.96, 11.04, 7.04 ], "texture": "#texture" },
				"up": { "uv": [ 8.96, 4.96, 11.04, 7.04 ], "texture": "#texture" },
				"north": { "uv": [ 8.96, 4.96, 11.04, 7.04 ], "texture": "#texture" },
				"south": { "uv": [ 8.96, 4.96, 11.04, 7.04 ], "texture": "#texture" },
				"west": { "uv": [ 8.96, 4.96, 11.04, 7.04 ], "texture": "#texture" },
				"east": { "uv": [ 8.96, 4.96, 11.04, 7.04 ], "texture": "#texture" }
			}
		},
		{
			"__comment": "Voxels-0F0F0F",
			"from": [ 4, 9, 12 ],
			"to": [ 6, 10, 14 ],
			"faces": {
				"down": { "uv": [ 8.96, 0.96, 11.04, 3.04 ], "texture": "#texture" },
				"up": { "uv": [ 8.96, 0.96, 11.04, 3.04 ], "texture": "#texture" },
				"north": { "uv": [ 8.96, 0.96, 11.04, 3.04 ], "texture": "#texture" },
				"south": { "uv": [ 8.96, 0.96, 11.04, 3.04 ], "texture": "#texture" },
				"west": { "uv": [ 8.96, 0.96, 11.04, 3.04 ], "texture": "#texture" },
				"east": { "uv": [ 8.96, 0.96, 11.04, 3.04 ], "texture": "#texture" }
			}
		},
		{
			"__comment": "Voxels-284B96",
			"from": [ 4, 11, 2 ],
			"to": [ 12, 12, 3 ],
			"faces": {
				"down": { "uv": [ 8.96, 4.96, 11.04, 7.04 ], "texture": "#texture" },
				"up": { "uv": [ 8.96, 4.96, 11.04, 7.04 ], "texture": "#texture" },
				"north": { "uv": [ 8.96, 4.96, 11.04, 7.04 ], "texture": "#texture" },
				"south": { "uv": [ 8.96, 4.96, 11.04, 7.04 ], "texture": "#texture" },
				"west": { "uv": [ 8.96, 4.96, 11.04, 7.04 ], "texture": "#texture" },
				"east": { "uv": [ 8.96, 4.96, 11.04, 7.04 ], "texture": "#texture" }
			}
		},
		{
			"__comment": "Voxels-284B96",
			"from": [ 4, 11, 13 ],
			"to": [ 12, 12, 14 ],
			"faces": {
				"down": { "uv": [ 8.96, 4.96, 11.04, 7.04 ], "texture": "#texture" },
				"up": { "uv": [ 8.96, 4.96, 11.04, 7.04 ], "texture": "#texture" },
				"north": { "uv": [ 8.96, 4.96, 11.04, 7.04 ], "texture": "#texture" },
				"south": { "uv": [ 8.96, 4.96, 11.04, 7.04 ], "texture": "#texture" },
				"west": { "uv": [ 8.96, 4.96, 11.04, 7.04 ], "texture": "#texture" },
				"east": { "uv": [ 8.96, 4.96, 11.04, 7.04 ], "texture": "#texture" }
			}
		},
		{
			"__comment": "Voxels-284B96",
			"from": [ 4, 12, 3 ],
			"to": [ 12, 13, 4 ],
			"faces": {
				"down": { "uv": [ 8.96, 4.96, 11.04, 7.04 ], "texture": "#texture" },
				"up": { "uv": [ 8.96, 4.96, 11.04, 7.04 ], "texture": "#texture" },
				"north": { "uv": [ 8.96, 4.96, 11.04, 7.04 ], "texture": "#texture" },
				"south": { "uv": [ 8.96, 4.96, 11.04, 7.04 ], "texture": "#texture" },
				"west": { "uv": [ 8.96, 4.96, 11.04, 7.04 ], "texture": "#texture" },
				"east": { "uv": [ 8.96, 4.96, 11.04, 7.04 ], "texture": "#texture" }
			}
		},
		{
			"__comment": "Voxels-284B96",
			"from": [ 4, 12, 10 ],
			"to": [ 5, 13, 11 ],
			"faces": {
				"down": { "uv": [ 8.96, 4.96, 11.04, 7.04 ], "texture": "#texture" },
				"up": { "uv": [ 8.96, 4.96, 11.04, 7.04 ], "texture": "#texture" },
				"north": { "uv": [ 8.96, 4.96, 11.04, 7.04 ], "texture": "#texture" },
				"south": { "uv": [ 8.96, 4.96, 11.04, 7.04 ], "texture": "#texture" },
				"west": { "uv": [ 8.96, 4.96, 11.04, 7.04 ], "texture": "#texture" },
				"east": { "uv": [ 8.96, 4.96, 11.04, 7.04 ], "texture": "#texture" }
			}
		},
		{
			"__comment": "Voxels-284B96",
			"from": [ 4, 12, 12 ],
			"to": [ 12, 13, 13 ],
			"faces": {
				"down": { "uv": [ 8.96, 4.96, 11.04, 7.04 ], "texture": "#texture" },
				"up": { "uv": [ 8.96, 4.96, 11.04, 7.04 ], "texture": "#texture" },
				"north": { "uv": [ 8.96, 4.96, 11.04, 7.04 ], "texture": "#texture" },
				"south": { "uv": [ 8.96, 4.96, 11.04, 7.04 ], "texture": "#texture" },
				"west": { "uv": [ 8.96, 4.96, 11.04, 7.04 ], "texture": "#texture" },
				"east": { "uv": [ 8.96, 4.96, 11.04, 7.04 ], "texture": "#texture" }
			}
		},
		{
			"__comment": "Voxels-284B96",
			"from": [ 4, 13, 4 ],
			"to": [ 12, 14, 5 ],
			"faces": {
				"down": { "uv": [ 8.96, 4.96, 11.04, 7.04 ], "texture": "#texture" },
				"up": { "uv": [ 8.96, 4.96, 11.04, 7.04 ], "texture": "#texture" },
				"north": { "uv": [ 8.96, 4.96, 11.04, 7.04 ], "texture": "#texture" },
				"south": { "uv": [ 8.96, 4.96, 11.04, 7.04 ], "texture": "#texture" },
				"west": { "uv": [ 8.96, 4.96, 11.04, 7.04 ], "texture": "#texture" },
				"east": { "uv": [ 8.96, 4.96, 11.04, 7.04 ], "texture": "#texture" }
			}
		},
		{
			"__comment": "Voxels-284B96",
			"from": [ 4, 13, 6 ],
			"to": [ 6, 15, 7 ],
			"faces": {
				"down": { "uv": [ 8.96, 4.96, 11.04, 7.04 ], "texture": "#texture" },
				"up": { "uv": [ 8.96, 4.96, 11.04, 7.04 ], "texture": "#texture" },
				"north": { "uv": [ 8.96, 4.96, 11.04, 7.04 ], "texture": "#texture" },
				"south": { "uv": [ 8.96, 4.96, 11.04, 7.04 ], "texture": "#texture" },
				"west": { "uv": [ 8.96, 4.96, 11.04, 7.04 ], "texture": "#texture" },
				"east": { "uv": [ 8.96, 4.96, 11.04, 7.04 ], "texture": "#texture" }
			}
		},
		{
			"__comment": "Voxels-284B96",
			"from": [ 4, 13, 7 ],
			"to": [ 5, 15, 9 ],
			"faces": {
				"down": { "uv": [ 8.96, 4.96, 11.04, 7.04 ], "texture": "#texture" },
				"up": { "uv": [ 8.96, 4.96, 11.04, 7.04 ], "texture": "#texture" },
				"north": { "uv": [ 8.96, 4.96, 11.04, 7.04 ], "texture": "#texture" },
				"south": { "uv": [ 8.96, 4.96, 11.04, 7.04 ], "texture": "#texture" },
				"west": { "uv": [ 8.96, 4.96, 11.04, 7.04 ], "texture": "#texture" },
				"east": { "uv": [ 8.96, 4.96, 11.04, 7.04 ], "texture": "#texture" }
			}
		},
		{
			"__comment": "Voxels-284B96",
			"from": [ 4, 13, 11 ],
			"to": [ 12, 14, 12 ],
			"faces": {
				"down": { "uv": [ 8.96, 4.96, 11.04, 7.04 ], "texture": "#texture" },
				"up": { "uv": [ 8.96, 4.96, 11.04, 7.04 ], "texture": "#texture" },
				"north": { "uv": [ 8.96, 4.96, 11.04, 7.04 ], "texture": "#texture" },
				"south": { "uv": [ 8.96, 4.96, 11.04, 7.04 ], "texture": "#texture" },
				"west": { "uv": [ 8.96, 4.96, 11.04, 7.04 ], "texture": "#texture" },
				"east": { "uv": [ 8.96, 4.96, 11.04, 7.04 ], "texture": "#texture" }
			}
		},
		{
			"__comment": "Voxels-284B96",
			"from": [ 4, 14, 9 ],
			"to": [ 12, 15, 10 ],
			"faces": {
				"down": { "uv": [ 8.96, 4.96, 11.04, 7.04 ], "texture": "#texture" },
				"up": { "uv": [ 8.96, 4.96, 11.04, 7.04 ], "texture": "#texture" },
				"north": { "uv": [ 8.96, 4.96, 11.04, 7.04 ], "texture": "#texture" },
				"south": { "uv": [ 8.96, 4.96, 11.04, 7.04 ], "texture": "#texture" },
				"west": { "uv": [ 8.96, 4.96, 11.04, 7.04 ], "texture": "#texture" },
				"east": { "uv": [ 8.96, 4.96, 11.04, 7.04 ], "texture": "#texture" }
			}
		},
		{
			"__comment": "Voxels-284B96",
			"from": [ 5, 12, 2 ],
			"to": [ 11, 13, 3 ],
			"faces": {
				"down": { "uv": [ 8.96, 4.96, 11.04, 7.04 ], "texture": "#texture" },
				"up": { "uv": [ 8.96, 4.96, 11.04, 7.04 ], "texture": "#texture" },
				"north": { "uv": [ 8.96, 4.96, 11.04, 7.04 ], "texture": "#texture" },
				"south": { "uv": [ 8.96, 4.96, 11.04, 7.04 ], "texture": "#texture" },
				"west": { "uv": [ 8.96, 4.96, 11.04, 7.04 ], "texture": "#texture" },
				"east": { "uv": [ 8.96, 4.96, 11.04, 7.04 ], "texture": "#texture" }
			}
		},
		{
			"__comment": "Voxels-284B96",
			"from": [ 5, 12, 13 ],
			"to": [ 11, 13, 14 ],
			"faces": {
				"down": { "uv": [ 8.96, 4.96, 11.04, 7.04 ], "texture": "#texture" },
				"up": { "uv": [ 8.96, 4.96, 11.04, 7.04 ], "texture": "#texture" },
				"north": { "uv": [ 8.96, 4.96, 11.04, 7.04 ], "texture": "#texture" },
				"south": { "uv": [ 8.96, 4.96, 11.04, 7.04 ], "texture": "#texture" },
				"west": { "uv": [ 8.96, 4.96, 11.04, 7.04 ], "texture": "#texture" },
				"east": { "uv": [ 8.96, 4.96, 11.04, 7.04 ], "texture": "#texture" }
			}
		},
		{
			"__comment": "Voxels-284B96",
			"from": [ 5, 13, 3 ],
			"to": [ 11, 14, 4 ],
			"faces": {
				"down": { "uv": [ 8.96, 4.96, 11.04, 7.04 ], "texture": "#texture" },
				"up": { "uv": [ 8.96, 4.96, 11.04, 7.04 ], "texture": "#texture" },
				"north": { "uv": [ 8.96, 4.96, 11.04, 7.04 ], "texture": "#texture" },
				"south": { "uv": [ 8.96, 4.96, 11.04, 7.04 ], "texture": "#texture" },
				"west": { "uv": [ 8.96, 4.96, 11.04, 7.04 ], "texture": "#texture" },
				"east": { "uv": [ 8.96, 4.96, 11.04, 7.04 ], "texture": "#texture" }
			}
		},
		{
			"__comment": "Voxels-284B96",
			"from": [ 5, 13, 12 ],
			"to": [ 11, 14, 13 ],
			"faces": {
				"down": { "uv": [ 8.96, 4.96, 11.04, 7.04 ], "texture": "#texture" },
				"up": { "uv": [ 8.96, 4.96, 11.04, 7.04 ], "texture": "#texture" },
				"north": { "uv": [ 8.96, 4.96, 11.04, 7.04 ], "texture": "#texture" },
				"south": { "uv": [ 8.96, 4.96, 11.04, 7.04 ], "texture": "#texture" },
				"west": { "uv": [ 8.96, 4.96, 11.04, 7.04 ], "texture": "#texture" },
				"east": { "uv": [ 8.96, 4.96, 11.04, 7.04 ], "texture": "#texture" }
			}
		},
		{
			"__comment": "Voxels-284B96",
			"from": [ 5, 14, 5 ],
			"to": [ 11, 15, 6 ],
			"faces": {
				"down": { "uv": [ 8.96, 4.96, 11.04, 7.04 ], "texture": "#texture" },
				"up": { "uv": [ 8.96, 4.96, 11.04, 7.04 ], "texture": "#texture" },
				"north": { "uv": [ 8.96, 4.96, 11.04, 7.04 ], "texture": "#texture" },
				"south": { "uv": [ 8.96, 4.96, 11.04, 7.04 ], "texture": "#texture" },
				"west": { "uv": [ 8.96, 4.96, 11.04, 7.04 ], "texture": "#texture" },
				"east": { "uv": [ 8.96, 4.96, 11.04, 7.04 ], "texture": "#texture" }
			}
		},
		{
			"__comment": "Voxels-284B96",
			"from": [ 5, 14, 7 ],
			"to": [ 12, 15, 9 ],
			"faces": {
				"down": { "uv": [ 8.96, 4.96, 11.04, 7.04 ], "texture": "#texture" },
				"up": { "uv": [ 8.96, 4.96, 11.04, 7.04 ], "texture": "#texture" },
				"north": { "uv": [ 8.96, 4.96, 11.04, 7.04 ], "texture": "#texture" },
				"south": { "uv": [ 8.96, 4.96, 11.04, 7.04 ], "texture": "#texture" },
				"west": { "uv": [ 8.96, 4.96, 11.04, 7.04 ], "texture": "#texture" },
				"east": { "uv": [ 8.96, 4.96, 11.04, 7.04 ], "texture": "#texture" }
			}
		},
		{
			"__comment": "Voxels-284B96",
			"from": [ 5, 14, 10 ],
			"to": [ 11, 15, 11 ],
			"faces": {
				"down": { "uv": [ 8.96, 4.96, 11.04, 7.04 ], "texture": "#texture" },
				"up": { "uv": [ 8.96, 4.96, 11.04, 7.04 ], "texture": "#texture" },
				"north": { "uv": [ 8.96, 4.96, 11.04, 7.04 ], "texture": "#texture" },
				"south": { "uv": [ 8.96, 4.96, 11.04, 7.04 ], "texture": "#texture" },
				"west": { "uv": [ 8.96, 4.96, 11.04, 7.04 ], "texture": "#texture" },
				"east": { "uv": [ 8.96, 4.96, 11.04, 7.04 ], "texture": "#texture" }
			}
		},
		{
			"__comment": "Voxels-0F0F0F",
			"from": [ 6, 9, 13 ],
			"to": [ 13, 10, 14 ],
			"faces": {
				"down": { "uv": [ 8.96, 0.96, 11.04, 3.04 ], "texture": "#texture" },
				"up": { "uv": [ 8.96, 0.96, 11.04, 3.04 ], "texture": "#texture" },
				"north": { "uv": [ 8.96, 0.96, 11.04, 3.04 ], "texture": "#texture" },
				"south": { "uv": [ 8.96, 0.96, 11.04, 3.04 ], "texture": "#texture" },
				"west": { "uv": [ 8.96, 0.96, 11.04, 3.04 ], "texture": "#texture" },
				"east": { "uv": [ 8.96, 0.96, 11.04, 3.04 ], "texture": "#texture" }
			}
		},
		{
			"__comment": "Voxels-284B96",
			"from": [ 6, 13, 10 ],
			"to": [ 7, 14, 11 ],
			"faces": {
				"down": { "uv": [ 8.96, 4.96, 11.04, 7.04 ], "texture": "#texture" },
				"up": { "uv": [ 8.96, 4.96, 11.04, 7.04 ], "texture": "#texture" },
				"north": { "uv": [ 8.96, 4.96, 11.04, 7.04 ], "texture": "#texture" },
				"south": { "uv": [ 8.96, 4.96, 11.04, 7.04 ], "texture": "#texture" },
				"west": { "uv": [ 8.96, 4.96, 11.04, 7.04 ], "texture": "#texture" },
				"east": { "uv": [ 8.96, 4.96, 11.04, 7.04 ], "texture": "#texture" }
			}
		},
		{
			"__comment": "Voxels-284B96",
			"from": [ 6, 14, 4 ],
			"to": [ 10, 15, 5 ],
			"faces": {
				"down": { "uv": [ 8.96, 4.96, 11.04, 7.04 ], "texture": "#texture" },
				"up": { "uv": [ 8.96, 4.96, 11.04, 7.04 ], "texture": "#texture" },
				"north": { "uv": [ 8.96, 4.96, 11.04, 7.04 ], "texture": "#texture" },
				"south": { "uv": [ 8.96, 4.96, 11.04, 7.04 ], "texture": "#texture" },
				"west": { "uv": [ 8.96, 4.96, 11.04, 7.04 ], "texture": "#texture" },
				"east": { "uv": [ 8.96, 4.96, 11.04, 7.04 ], "texture": "#texture" }
			}
		},
		{
			"__comment": "Voxels-284B96",
			"from": [ 6, 14, 6 ],
			"to": [ 12, 15, 7 ],
			"faces": {
				"down": { "uv": [ 8.96, 4.96, 11.04, 7.04 ], "texture": "#texture" },
				"up": { "uv": [ 8.96, 4.96, 11.04, 7.04 ], "texture": "#texture" },
				"north": { "uv": [ 8.96, 4.96, 11.04, 7.04 ], "texture": "#texture" },
				"south": { "uv": [ 8.96, 4.96, 11.04, 7.04 ], "texture": "#texture" },
				"west": { "uv": [ 8.96, 4.96, 11.04, 7.04 ], "texture": "#texture" },
				"east": { "uv": [ 8.96, 4.96, 11.04, 7.04 ], "texture": "#texture" }
			}
		},
		{
			"__comment": "Voxels-284B96",
			"from": [ 6, 14, 11 ],
			"to": [ 10, 15, 12 ],
			"faces": {
				"down": { "uv": [ 8.96, 4.96, 11.04, 7.04 ], "texture": "#texture" },
				"up": { "uv": [ 8.96, 4.96, 11.04, 7.04 ], "texture": "#texture" },
				"north": { "uv": [ 8.96, 4.96, 11.04, 7.04 ], "texture": "#texture" },
				"south": { "uv": [ 8.96, 4.96, 11.04, 7.04 ], "texture": "#texture" },
				"west": { "uv": [ 8.96, 4.96, 11.04, 7.04 ], "texture": "#texture" },
				"east": { "uv": [ 8.96, 4.96, 11.04, 7.04 ], "texture": "#texture" }
			}
		},
		{
			"__comment": "Voxels-0F0F0F",
			"from": [ 7, 13, 0 ],
			"to": [ 9, 19, 3 ],
			"faces": {
				"down": { "uv": [ 8.96, 0.96, 11.04, 3.04 ], "texture": "#texture" },
				"up": { "uv": [ 8.96, 0.96, 11.04, 3.04 ], "texture": "#texture" },
				"north": { "uv": [ 8.96, 0.96, 11.04, 3.04 ], "texture": "#texture" },
				"south": { "uv": [ 8.96, 0.96, 11.04, 3.04 ], "texture": "#texture" },
				"west": { "uv": [ 8.96, 0.96, 11.04, 3.04 ], "texture": "#texture" },
				"east": { "uv": [ 8.96, 0.96, 11.04, 3.04 ], "texture": "#texture" }
			}
		},
		{
			"__comment": "Voxels-0F0F0F",
			"from": [ 7, 13, 13 ],
			"to": [ 9, 19, 16 ],
			"faces": {
				"down": { "uv": [ 8.96, 0.96, 11.04, 3.04 ], "texture": "#texture" },
				"up": { "uv": [ 8.96, 0.96, 11.04, 3.04 ], "texture": "#texture" },
				"north": { "uv": [ 8.96, 0.96, 11.04, 3.04 ], "texture": "#texture" },
				"south": { "uv": [ 8.96, 0.96, 11.04, 3.04 ], "texture": "#texture" },
				"west": { "uv": [ 8.96, 0.96, 11.04, 3.04 ], "texture": "#texture" },
				"east": { "uv": [ 8.96, 0.96, 11.04, 3.04 ], "texture": "#texture" }
			}
		},
		{
			"__comment": "Voxels-0F0F0F",
			"from": [ 7, 14, -1 ],
			"to": [ 9, 18, 0 ],
			"faces": {
				"down": { "uv": [ 8.96, 0.96, 11.04, 3.04 ], "texture": "#texture" },
				"up": { "uv": [ 8.96, 0.96, 11.04, 3.04 ], "texture": "#texture" },
				"north": { "uv": [ 8.96, 0.96, 11.04, 3.04 ], "texture": "#texture" },
				"south": { "uv": [ 8.96, 0.96, 11.04, 3.04 ], "texture": "#texture" },
				"west": { "uv": [ 8.96, 0.96, 11.04, 3.04 ], "texture": "#texture" },
				"east": { "uv": [ 8.96, 0.96, 11.04, 3.04 ], "texture": "#texture" }
			}
		},
		{
			"__comment": "Voxels-0F0F0F",
			"from": [ 7, 14, 3 ],
			"to": [ 9, 19, 4 ],
			"faces": {
				"down": { "uv": [ 8.96, 0.96, 11.04, 3.04 ], "texture": "#texture" },
				"up": { "uv": [ 8.96, 0.96, 11.04, 3.04 ], "texture": "#texture" },
				"north": { "uv": [ 8.96, 0.96, 11.04, 3.04 ], "texture": "#texture" },
				"south": { "uv": [ 8.96, 0.96, 11.04, 3.04 ], "texture": "#texture" },
				"west": { "uv": [ 8.96, 0.96, 11.04, 3.04 ], "texture": "#texture" },
				"east": { "uv": [ 8.96, 0.96, 11.04, 3.04 ], "texture": "#texture" }
			}
		},
		{
			"__comment": "Voxels-0F0F0F",
			"from": [ 7, 14, 12 ],
			"to": [ 9, 19, 13 ],
			"faces": {
				"down": { "uv": [ 8.96, 0.96, 11.04, 3.04 ], "texture": "#texture" },
				"up": { "uv": [ 8.96, 0.96, 11.04, 3.04 ], "texture": "#texture" },
				"north": { "uv": [ 8.96, 0.96, 11.04, 3.04 ], "texture": "#texture" },
				"south": { "uv": [ 8.96, 0.96, 11.04, 3.04 ], "texture": "#texture" },
				"west": { "uv": [ 8.96, 0.96, 11.04, 3.04 ], "texture": "#texture" },
				"east": { "uv": [ 8.96, 0.96, 11.04, 3.04 ], "texture": "#texture" }
			}
		},
		{
			"__comment": "Voxels-0F0F0F",
			"from": [ 7, 14, 16 ],
			"to": [ 9, 18, 17 ],
			"faces": {
				"down": { "uv": [ 8.96, 0.96, 11.04, 3.04 ], "texture": "#texture" },
				"up": { "uv": [ 8.96, 0.96, 11.04, 3.04 ], "texture": "#texture" },
				"north": { "uv": [ 8.96, 0.96, 11.04, 3.04 ], "texture": "#texture" },
				"south": { "uv": [ 8.96, 0.96, 11.04, 3.04 ], "texture": "#texture" },
				"west": { "uv": [ 8.96, 0.96, 11.04, 3.04 ], "texture": "#texture" },
				"east": { "uv": [ 8.96, 0.96, 11.04, 3.04 ], "texture": "#texture" }
			}
		},
		{
			"__comment": "Voxels-0F0F0F",
			"from": [ 7, 15, 4 ],
			"to": [ 9, 18, 5 ],
			"faces": {
				"down": { "uv": [ 8.96, 0.96, 11.04, 3.04 ], "texture": "#texture" },
				"up": { "uv": [ 8.96, 0.96, 11.04, 3.04 ], "texture": "#texture" },
				"north": { "uv": [ 8.96, 0.96, 11.04, 3.04 ], "texture": "#texture" },
				"south": { "uv": [ 8.96, 0.96, 11.04, 3.04 ], "texture": "#texture" },
				"west": { "uv": [ 8.96, 0.96, 11.04, 3.04 ], "texture": "#texture" },
				"east": { "uv": [ 8.96, 0.96, 11.04, 3.04 ], "texture": "#texture" }
			}
		},
		{
			"__comment": "Voxels-0F0F0F",
			"from": [ 7, 15, 11 ],
			"to": [ 9, 18, 12 ],
			"faces": {
				"down": { "uv": [ 8.96, 0.96, 11.04, 3.04 ], "texture": "#texture" },
				"up": { "uv": [ 8.96, 0.96, 11.04, 3.04 ], "texture": "#texture" },
				"north": { "uv": [ 8.96, 0.96, 11.04, 3.04 ], "texture": "#texture" },
				"south": { "uv": [ 8.96, 0.96, 11.04, 3.04 ], "texture": "#texture" },
				"west": { "uv": [ 8.96, 0.96, 11.04, 3.04 ], "texture": "#texture" },
				"east": { "uv": [ 8.96, 0.96, 11.04, 3.04 ], "texture": "#texture" }
			}
		},
		{
			"__comment": "Voxels-284B96",
			"from": [ 9, 13, 5 ],
			"to": [ 13, 14, 6 ],
			"faces": {
				"down": { "uv": [ 8.96, 4.96, 11.04, 7.04 ], "texture": "#texture" },
				"up": { "uv": [ 8.96, 4.96, 11.04, 7.04 ], "texture": "#texture" },
				"north": { "uv": [ 8.96, 4.96, 11.04, 7.04 ], "texture": "#texture" },
				"south": { "uv": [ 8.96, 4.96, 11.04, 7.04 ], "texture": "#texture" },
				"west": { "uv": [ 8.96, 4.96, 11.04, 7.04 ], "texture": "#texture" },
				"east": { "uv": [ 8.96, 4.96, 11.04, 7.04 ], "texture": "#texture" }
			}
		},
		{
			"__comment": "Voxels-284B96",
			"from": [ 9, 13, 10 ],
			"to": [ 13, 14, 11 ],
			"faces": {
				"down": { "uv": [ 8.96, 4.96, 11.04, 7.04 ], "texture": "#texture" },
				"up": { "uv": [ 8.96, 4.96, 11.04, 7.04 ], "texture": "#texture" },
				"north": { "uv": [ 8.96, 4.96, 11.04, 7.04 ], "texture": "#texture" },
				"south": { "uv": [ 8.96, 4.96, 11.04, 7.04 ], "texture": "#texture" },
				"west": { "uv": [ 8.96, 4.96, 11.04, 7.04 ], "texture": "#texture" },
				"east": { "uv": [ 8.96, 4.96, 11.04, 7.04 ], "texture": "#texture" }
			}
		},
		{
			"__comment": "Voxels-0F0F0F",
			"from": [ 10, 9, 3 ],
			"to": [ 14, 10, 4 ],
			"faces": {
				"down": { "uv": [ 8.96, 0.96, 11.04, 3.04 ], "texture": "#texture" },
				"up": { "uv": [ 8.96, 0.96, 11.04, 3.04 ], "texture": "#texture" },
				"north": { "uv": [ 8.96, 0.96, 11.04, 3.04 ], "texture": "#texture" },
				"south": { "uv": [ 8.96, 0.96, 11.04, 3.04 ], "texture": "#texture" },
				"west": { "uv": [ 8.96, 0.96, 11.04, 3.04 ], "texture": "#texture" },
				"east": { "uv": [ 8.96, 0.96, 11.04, 3.04 ], "texture": "#texture" }
			}
		},
		{
			"__comment": "Voxels-0F0F0F",
			"from": [ 10, 9, 12 ],
			"to": [ 14, 10, 13 ],
			"faces": {
				"down": { "uv": [ 8.96, 0.96, 11.04, 3.04 ], "texture": "#texture" },
				"up": { "uv": [ 8.96, 0.96, 11.04, 3.04 ], "texture": "#texture" },
				"north": { "uv": [ 8.96, 0.96, 11.04, 3.04 ], "texture": "#texture" },
				"south": { "uv": [ 8.96, 0.96, 11.04, 3.04 ], "texture": "#texture" },
				"west": { "uv": [ 8.96, 0.96, 11.04, 3.04 ], "texture": "#texture" },
				"east": { "uv": [ 8.96, 0.96, 11.04, 3.04 ], "texture": "#texture" }
			}
		},
		{
			"__comment": "Voxels-284B96",
			"from": [ 10, 11, 3 ],
			"to": [ 13, 12, 4 ],
			"faces": {
				"down": { "uv": [ 8.96, 4.96, 11.04, 7.04 ], "texture": "#texture" },
				"up": { "uv": [ 8.96, 4.96, 11.04, 7.04 ], "texture": "#texture" },
				"north": { "uv": [ 8.96, 4.96, 11.04, 7.04 ], "texture": "#texture" },
				"south": { "uv": [ 8.96, 4.96, 11.04, 7.04 ], "texture": "#texture" },
				"west": { "uv": [ 8.96, 4.96, 11.04, 7.04 ], "texture": "#texture" },
				"east": { "uv": [ 8.96, 4.96, 11.04, 7.04 ], "texture": "#texture" }
			}
		},
		{
			"__comment": "Voxels-284B96",
			"from": [ 10, 11, 12 ],
			"to": [ 13, 12, 13 ],
			"faces": {
				"down": { "uv": [ 8.96, 4.96, 11.04, 7.04 ], "texture": "#texture" },
				"up": { "uv": [ 8.96, 4.96, 11.04, 7.04 ], "texture": "#texture" },
				"north": { "uv": [ 8.96, 4.96, 11.04, 7.04 ], "texture": "#texture" },
				"south": { "uv": [ 8.96, 4.96, 11.04, 7.04 ], "texture": "#texture" },
				"west": { "uv": [ 8.96, 4.96, 11.04, 7.04 ], "texture": "#texture" },
				"east": { "uv": [ 8.96, 4.96, 11.04, 7.04 ], "texture": "#texture" }
			}
		},
		{
			"__comment": "Voxels-284B96",
			"from": [ 10, 12, 4 ],
			"to": [ 13, 13, 5 ],
			"faces": {
				"down": { "uv": [ 8.96, 4.96, 11.04, 7.04 ], "texture": "#texture" },
				"up": { "uv": [ 8.96, 4.96, 11.04, 7.04 ], "texture": "#texture" },
				"north": { "uv": [ 8.96, 4.96, 11.04, 7.04 ], "texture": "#texture" },
				"south": { "uv": [ 8.96, 4.96, 11.04, 7.04 ], "texture": "#texture" },
				"west": { "uv": [ 8.96, 4.96, 11.04, 7.04 ], "texture": "#texture" },
				"east": { "uv": [ 8.96, 4.96, 11.04, 7.04 ], "texture": "#texture" }
			}
		},
		{
			"__comment": "Voxels-284B96",
			"from": [ 10, 12, 11 ],
			"to": [ 13, 13, 12 ],
			"faces": {
				"down": { "uv": [ 8.96, 4.96, 11.04, 7.04 ], "texture": "#texture" },
				"up": { "uv": [ 8.96, 4.96, 11.04, 7.04 ], "texture": "#texture" },
				"north": { "uv": [ 8.96, 4.96, 11.04, 7.04 ], "texture": "#texture" },
				"south": { "uv": [ 8.96, 4.96, 11.04, 7.04 ], "texture": "#texture" },
				"west": { "uv": [ 8.96, 4.96, 11.04, 7.04 ], "texture": "#texture" },
				"east": { "uv": [ 8.96, 4.96, 11.04, 7.04 ], "texture": "#texture" }
			}
		},
		{
			"__comment": "Voxels-284B96",
			"from": [ 10, 13, 6 ],
			"to": [ 13, 14, 7 ],
			"faces": {
				"down": { "uv": [ 8.96, 4.96, 11.04, 7.04 ], "texture": "#texture" },
				"up": { "uv": [ 8.96, 4.96, 11.04, 7.04 ], "texture": "#texture" },
				"north": { "uv": [ 8.96, 4.96, 11.04, 7.04 ], "texture": "#texture" },
				"south": { "uv": [ 8.96, 4.96, 11.04, 7.04 ], "texture": "#texture" },
				"west": { "uv": [ 8.96, 4.96, 11.04, 7.04 ], "texture": "#texture" },
				"east": { "uv": [ 8.96, 4.96, 11.04, 7.04 ], "texture": "#texture" }
			}
		},
		{
			"__comment": "Voxels-284B96",
			"from": [ 10, 13, 9 ],
			"to": [ 13, 14, 10 ],
			"faces": {
				"down": { "uv": [ 8.96, 4.96, 11.04, 7.04 ], "texture": "#texture" },
				"up": { "uv": [ 8.96, 4.96, 11.04, 7.04 ], "texture": "#texture" },
				"north": { "uv": [ 8.96, 4.96, 11.04, 7.04 ], "texture": "#texture" },
				"south": { "uv": [ 8.96, 4.96, 11.04, 7.04 ], "texture": "#texture" },
				"west": { "uv": [ 8.96, 4.96, 11.04, 7.04 ], "texture": "#texture" },
				"east": { "uv": [ 8.96, 4.96, 11.04, 7.04 ], "texture": "#texture" }
			}
		},
		{
			"__comment": "Voxels-284B96",
			"from": [ 11, 12, 5 ],
			"to": [ 14, 13, 6 ],
			"faces": {
				"down": { "uv": [ 8.96, 4.96, 11.04, 7.04 ], "texture": "#texture" },
				"up": { "uv": [ 8.96, 4.96, 11.04, 7.04 ], "texture": "#texture" },
				"north": { "uv": [ 8.96, 4.96, 11.04, 7.04 ], "texture": "#texture" },
				"south": { "uv": [ 8.96, 4.96, 11.04, 7.04 ], "texture": "#texture" },
				"west": { "uv": [ 8.96, 4.96, 11.04, 7.04 ], "texture": "#texture" },
				"east": { "uv": [ 8.96, 4.96, 11.04, 7.04 ], "texture": "#texture" }
			}
		},
		{
			"__comment": "Voxels-284B96",
			"from": [ 11, 12, 10 ],
			"to": [ 14, 13, 11 ],
			"faces": {
				"down": { "uv": [ 8.96, 4.96, 11.04, 7.04 ], "texture": "#texture" },
				"up": { "uv": [ 8.96, 4.96, 11.04, 7.04 ], "texture": "#texture" },
				"north": { "uv": [ 8.96, 4.96, 11.04, 7.04 ], "texture": "#texture" },
				"south": { "uv": [ 8.96, 4.96, 11.04, 7.04 ], "texture": "#texture" },
				"west": { "uv": [ 8.96, 4.96, 11.04, 7.04 ], "texture": "#texture" },
				"east": { "uv": [ 8.96, 4.96, 11.04, 7.04 ], "texture": "#texture" }
			}
		},
		{
			"__comment": "Voxels-284B96",
			"from": [ 11, 13, 7 ],
			"to": [ 13, 14, 9 ],
			"faces": {
				"down": { "uv": [ 8.96, 4.96, 11.04, 7.04 ], "texture": "#texture" },
				"up": { "uv": [ 8.96, 4.96, 11.04, 7.04 ], "texture": "#texture" },
				"north": { "uv": [ 8.96, 4.96, 11.04, 7.04 ], "texture": "#texture" },
				"south": { "uv": [ 8.96, 4.96, 11.04, 7.04 ], "texture": "#texture" },
				"west": { "uv": [ 8.96, 4.96, 11.04, 7.04 ], "texture": "#texture" },
				"east": { "uv": [ 8.96, 4.96, 11.04, 7.04 ], "texture": "#texture" }
			}
		},
		{
			"__comment": "Voxels-0F0F0F",
			"from": [ 12, 9, 4 ],
			"to": [ 14, 10, 6 ],
			"faces": {
				"down": { "uv": [ 8.96, 0.96, 11.04, 3.04 ], "texture": "#texture" },
				"up": { "uv": [ 8.96, 0.96, 11.04, 3.04 ], "texture": "#texture" },
				"north": { "uv": [ 8.96, 0.96, 11.04, 3.04 ], "texture": "#texture" },
				"south": { "uv": [ 8.96, 0.96, 11.04, 3.04 ], "texture": "#texture" },
				"west": { "uv": [ 8.96, 0.96, 11.04, 3.04 ], "texture": "#texture" },
				"east": { "uv": [ 8.96, 0.96, 11.04, 3.04 ], "texture": "#texture" }
			}
		},
		{
			"__comment": "Voxels-0F0F0F",
			"from": [ 12, 9, 10 ],
			"to": [ 14, 10, 12 ],
			"faces": {
				"down": { "uv": [ 8.96, 0.96, 11.04, 3.04 ], "texture": "#texture" },
				"up": { "uv": [ 8.96, 0.96, 11.04, 3.04 ], "texture": "#texture" },
				"north": { "uv": [ 8.96, 0.96, 11.04, 3.04 ], "texture": "#texture" },
				"south": { "uv": [ 8.96, 0.96, 11.04, 3.04 ], "texture": "#texture" },
				"west": { "uv": [ 8.96, 0.96, 11.04, 3.04 ], "texture": "#texture" },
				"east": { "uv": [ 8.96, 0.96, 11.04, 3.04 ], "texture": "#texture" }
			}
		},
		{
			"__comment": "Voxels-284B96",
			"from": [ 12, 11, 4 ],
			"to": [ 14, 12, 6 ],
			"faces": {
				"down": { "uv": [ 8.96, 4.96, 11.04, 7.04 ], "texture": "#texture" },
				"up": { "uv": [ 8.96, 4.96, 11.04, 7.04 ], "texture": "#texture" },
				"north": { "uv": [ 8.96, 4.96, 11.04, 7.04 ], "texture": "#texture" },
				"south": { "uv": [ 8.96, 4.96, 11.04, 7.04 ], "texture": "#texture" },
				"west": { "uv": [ 8.96, 4.96, 11.04, 7.04 ], "texture": "#texture" },
				"east": { "uv": [ 8.96, 4.96, 11.04, 7.04 ], "texture": "#texture" }
			}
		},
		{
			"__comment": "Voxels-284B96",
			"from": [ 12, 11, 10 ],
			"to": [ 14, 12, 12 ],
			"faces": {
				"down": { "uv": [ 8.96, 4.96, 11.04, 7.04 ], "texture": "#texture" },
				"up": { "uv": [ 8.96, 4.96, 11.04, 7.04 ], "texture": "#texture" },
				"north": { "uv": [ 8.96, 4.96, 11.04, 7.04 ], "texture": "#texture" },
				"south": { "uv": [ 8.96, 4.96, 11.04, 7.04 ], "texture": "#texture" },
				"west": { "uv": [ 8.96, 4.96, 11.04, 7.04 ], "texture": "#texture" },
				"east": { "uv": [ 8.96, 4.96, 11.04, 7.04 ], "texture": "#texture" }
			}
		},
		{
			"__comment": "Voxels-284B96",
			"from": [ 12, 12, 6 ],
			"to": [ 14, 13, 10 ],
			"faces": {
				"down": { "uv": [ 8.96, 4.96, 11.04, 7.04 ], "texture": "#texture" },
				"up": { "uv": [ 8.96, 4.96, 11.04, 7.04 ], "texture": "#texture" },
				"north": { "uv": [ 8.96, 4.96, 11.04, 7.04 ], "texture": "#texture" },
				"south": { "uv": [ 8.96, 4.96, 11.04, 7.04 ], "texture": "#texture" },
				"west": { "uv": [ 8.96, 4.96, 11.04, 7.04 ], "texture": "#texture" },
				"east": { "uv": [ 8.96, 4.96, 11.04, 7.04 ], "texture": "#texture" }
			}
		},
		{
			"__comment": "Voxels-0F0F0F",
			"from": [ 13, 9, 6 ],
			"to": [ 14, 10, 10 ],
			"faces": {
				"down": { "uv": [ 8.96, 0.96, 11.04, 3.04 ], "texture": "#texture" },
				"up": { "uv": [ 8.96, 0.96, 11.04, 3.04 ], "texture": "#texture" },
				"north": { "uv": [ 8.96, 0.96, 11.04, 3.04 ], "texture": "#texture" },
				"south": { "uv": [ 8.96, 0.96, 11.04, 3.04 ], "texture": "#texture" },
				"west": { "uv": [ 8.96, 0.96, 11.04, 3.04 ], "texture": "#texture" },
				"east": { "uv": [ 8.96, 0.96, 11.04, 3.04 ], "texture": "#texture" }
			}
		},
		{
			"__comment": "Voxels-284B96",
			"from": [ 13, 11, 6 ],
			"to": [ 14, 12, 10 ],
			"faces": {
				"down": { "uv": [ 8.96, 4.96, 11.04, 7.04 ], "texture": "#texture" },
				"up": { "uv": [ 8.96, 4.96, 11.04, 7.04 ], "texture": "#texture" },
				"north": { "uv": [ 8.96, 4.96, 11.04, 7.04 ], "texture": "#texture" },
				"south": { "uv": [ 8.96, 4.96, 11.04, 7.04 ], "texture": "#texture" },
				"west": { "uv": [ 8.96, 4.96, 11.04, 7.04 ], "texture": "#texture" },
				"east": { "uv": [ 8.96, 4.96, 11.04, 7.04 ], "texture": "#texture" }
			}
		}
	],
	"display": {
		"thirdperson_righthand": {
			"scale":  [ 0.513, 0.513, 0.513 ]
		},
		"thirdperson_lefthand": {
			"scale":  [ 0.513, 0.513, 0.513 ]
		},
		"firstperson_righthand": {
			"rotation":  [ 14, 16, 0 ]
		},
		"firstperson_lefthand": {
			"rotation":  [ 14, 180, 0 ]
		},
		"gui": {
			"rotation":  [ 30, 64, 0 ],
			"translation":  [ 0, -3.478, 0 ],
			"scale":  [ 0.625, 0.625, 0.625 ]
		},
		"head": {
			"rotation":  [ 0, -90, 0 ],
			"translation":  [ 0, 1.3913, 0 ],
			"scale":  [ 1.4, 1.4, 1.4 ]
		},
		"ground": {
			"translation":  [ 0, -4.173, 0 ]
		},
		"fixed": {
			"rotation":  [ 0, -90, 0 ],
			"translation":  [ 0, -4.173, 0 ]
		}
	}
}