{
	"credit": "Made with Blockbench",
	"textures": {
		"texture": "block/quartz_block_top",
		"texture1": "signs/billboards/american-tourister",
		"voxels_palette": "signs/billboards/lights"
	},
	"elements": [
		{
			"name": "Box1",
			"from": [-12, 0, 5.5],
			"to": [26, 20, 6.5],
			"faces": {
				"north": {"uv": [0, 0, 16, 6.5], "texture": "#texture1"},
				"east": {"uv": [9, 0, 10, 16], "texture": "#texture"},
				"south": {"uv": [0, 0, 16, 16], "texture": "#texture"},
				"west": {"uv": [6, 0, 7, 16], "texture": "#texture"},
				"up": {"uv": [0, 6, 16, 7], "texture": "#texture"},
				"down": {"uv": [0, 9, 16, 10], "texture": "#texture"}
			}
		},
		{
			"name": "Box2",
			"from": [-13, 0, 5],
			"to": [-12, 20, 7],
			"faces": {
				"north": {"uv": [12, 0, 13, 16], "texture": "#texture"},
				"east": {"uv": [8.5, 0, 10.5, 16], "texture": "#texture"},
				"south": {"uv": [3, 0, 4, 16], "texture": "#texture"},
				"west": {"uv": [5.5, 0, 7.5, 16], "texture": "#texture"},
				"up": {"uv": [3, 5.5, 4, 7.5], "texture": "#texture"},
				"down": {"uv": [3, 8.5, 4, 10.5], "texture": "#texture"}
			}
		},
		{
			"name": "Box2",
			"from": [26, 0, 5],
			"to": [27, 20, 7],
			"faces": {
				"north": {"uv": [5, 0, 6, 16], "texture": "#texture"},
				"east": {"uv": [8.5, 0, 10.5, 16], "texture": "#texture"},
				"south": {"uv": [10, 0, 11, 16], "texture": "#texture"},
				"west": {"uv": [5.5, 0, 7.5, 16], "texture": "#texture"},
				"up": {"uv": [10, 5.5, 11, 7.5], "texture": "#texture"},
				"down": {"uv": [10, 8.5, 11, 10.5], "texture": "#texture"}
			}
		},
		{
			"name": "Box4",
			"from": [-13, -1, 5],
			"to": [27, 0, 7],
			"faces": {
				"north": {"uv": [0, 0, 16, 1], "texture": "#texture"},
				"east": {"uv": [8.5, 0, 10.5, 1], "texture": "#texture"},
				"south": {"uv": [0, 0, 16, 1], "texture": "#texture"},
				"west": {"uv": [5.5, 0, 7.5, 1], "texture": "#texture"},
				"up": {"uv": [0, 5.5, 16, 7.5], "texture": "#texture"},
				"down": {"uv": [0, 8.5, 16, 10.5], "texture": "#texture"}
			}
		},
		{
			"name": "Box4",
			"from": [-13, 20, 5],
			"to": [27, 21, 7],
			"faces": {
				"north": {"uv": [0, 11, 16, 12], "texture": "#texture"},
				"east": {"uv": [9, 11, 11, 12], "texture": "#texture"},
				"south": {"uv": [0, 11, 16, 12], "texture": "#texture"},
				"west": {"uv": [5, 11, 7, 12], "texture": "#texture"},
				"up": {"uv": [0, 5, 16, 7], "texture": "#texture"},
				"down": {"uv": [0, 9, 16, 11], "texture": "#texture"}
			}
		},
		{
			"name": "Voxels-181425",
			"from": [-10, 19, 7],
			"to": [-9, 22, 8],
			"faces": {
				"north": {"uv": [12.96, 0.96, 15.04, 3.04], "texture": "#voxels_palette"},
				"east": {"uv": [12.96, 0.96, 15.04, 3.04], "texture": "#voxels_palette"},
				"south": {"uv": [12.96, 0.96, 15.04, 3.04], "texture": "#voxels_palette"},
				"west": {"uv": [12.96, 0.96, 15.04, 3.04], "texture": "#voxels_palette"},
				"up": {"uv": [12.96, 0.96, 15.04, 3.04], "texture": "#voxels_palette"},
				"down": {"uv": [12.96, 0.96, 15.04, 3.04], "texture": "#voxels_palette"}
			}
		},
		{
			"name": "Voxels-181425",
			"from": [-2, 19, 7],
			"to": [-1, 22, 8],
			"faces": {
				"north": {"uv": [12.96, 0.96, 15.04, 3.04], "texture": "#voxels_palette"},
				"east": {"uv": [12.96, 0.96, 15.04, 3.04], "texture": "#voxels_palette"},
				"south": {"uv": [12.96, 0.96, 15.04, 3.04], "texture": "#voxels_palette"},
				"west": {"uv": [12.96, 0.96, 15.04, 3.04], "texture": "#voxels_palette"},
				"up": {"uv": [12.96, 0.96, 15.04, 3.04], "texture": "#voxels_palette"},
				"down": {"uv": [12.96, 0.96, 15.04, 3.04], "texture": "#voxels_palette"}
			}
		},
		{
			"name": "Voxels-181425",
			"from": [7, 19, 7],
			"to": [8, 22, 8],
			"faces": {
				"north": {"uv": [12.96, 0.96, 15.04, 3.04], "texture": "#voxels_palette"},
				"east": {"uv": [12.96, 0.96, 15.04, 3.04], "texture": "#voxels_palette"},
				"south": {"uv": [12.96, 0.96, 15.04, 3.04], "texture": "#voxels_palette"},
				"west": {"uv": [12.96, 0.96, 15.04, 3.04], "texture": "#voxels_palette"},
				"up": {"uv": [12.96, 0.96, 15.04, 3.04], "texture": "#voxels_palette"},
				"down": {"uv": [12.96, 0.96, 15.04, 3.04], "texture": "#voxels_palette"}
			}
		},
		{
			"name": "Voxels-181425",
			"from": [15, 19, 7],
			"to": [16, 22, 8],
			"faces": {
				"north": {"uv": [12.96, 0.96, 15.04, 3.04], "texture": "#voxels_palette"},
				"east": {"uv": [12.96, 0.96, 15.04, 3.04], "texture": "#voxels_palette"},
				"south": {"uv": [12.96, 0.96, 15.04, 3.04], "texture": "#voxels_palette"},
				"west": {"uv": [12.96, 0.96, 15.04, 3.04], "texture": "#voxels_palette"},
				"up": {"uv": [12.96, 0.96, 15.04, 3.04], "texture": "#voxels_palette"},
				"down": {"uv": [12.96, 0.96, 15.04, 3.04], "texture": "#voxels_palette"}
			}
		},
		{
			"name": "Voxels-181425",
			"from": [23, 20, 7],
			"to": [24, 22, 8],
			"rotation": {"angle": 0, "axis": "y", "origin": [8, 9, 8]},
			"faces": {
				"north": {"uv": [12.96, 0.96, 15.04, 3.04], "texture": "#voxels_palette"},
				"east": {"uv": [12.96, 0.96, 15.04, 3.04], "texture": "#voxels_palette"},
				"south": {"uv": [12.96, 0.96, 15.04, 3.04], "texture": "#voxels_palette"},
				"west": {"uv": [12.96, 0.96, 15.04, 3.04], "texture": "#voxels_palette"},
				"up": {"uv": [12.96, 0.96, 15.04, 3.04], "texture": "#voxels_palette"},
				"down": {"uv": [12.96, 0.96, 15.04, 3.04], "texture": "#voxels_palette"}
			}
		},
		{
			"name": "Voxels-181426",
			"from": [15, 20, 7],
			"to": [16, 22, 8],
			"rotation": {"angle": 0, "axis": "y", "origin": [0, 9, 8]},
			"faces": {
				"north": {"uv": [12.96, 0.96, 15.04, 3.04], "texture": "#voxels_palette"},
				"east": {"uv": [12.96, 0.96, 15.04, 3.04], "texture": "#voxels_palette"},
				"south": {"uv": [12.96, 0.96, 15.04, 3.04], "texture": "#voxels_palette"},
				"west": {"uv": [12.96, 0.96, 15.04, 3.04], "texture": "#voxels_palette"},
				"up": {"uv": [12.96, 0.96, 15.04, 3.04], "texture": "#voxels_palette"},
				"down": {"uv": [12.96, 0.96, 15.04, 3.04], "texture": "#voxels_palette"}
			}
		},
		{
			"name": "Voxels-181427",
			"from": [7, 20, 7],
			"to": [8, 22, 8],
			"rotation": {"angle": 0, "axis": "y", "origin": [-8, 9, 8]},
			"faces": {
				"north": {"uv": [12.96, 0.96, 15.04, 3.04], "texture": "#voxels_palette"},
				"east": {"uv": [12.96, 0.96, 15.04, 3.04], "texture": "#voxels_palette"},
				"south": {"uv": [12.96, 0.96, 15.04, 3.04], "texture": "#voxels_palette"},
				"west": {"uv": [12.96, 0.96, 15.04, 3.04], "texture": "#voxels_palette"},
				"up": {"uv": [12.96, 0.96, 15.04, 3.04], "texture": "#voxels_palette"},
				"down": {"uv": [12.96, 0.96, 15.04, 3.04], "texture": "#voxels_palette"}
			}
		},
		{
			"name": "Voxels-181428",
			"from": [-2, 20, 7],
			"to": [-1, 22, 8],
			"rotation": {"angle": 0, "axis": "y", "origin": [-17, 9, 8]},
			"faces": {
				"north": {"uv": [12.96, 0.96, 15.04, 3.04], "texture": "#voxels_palette"},
				"east": {"uv": [12.96, 0.96, 15.04, 3.04], "texture": "#voxels_palette"},
				"south": {"uv": [12.96, 0.96, 15.04, 3.04], "texture": "#voxels_palette"},
				"west": {"uv": [12.96, 0.96, 15.04, 3.04], "texture": "#voxels_palette"},
				"up": {"uv": [12.96, 0.96, 15.04, 3.04], "texture": "#voxels_palette"},
				"down": {"uv": [12.96, 0.96, 15.04, 3.04], "texture": "#voxels_palette"}
			}
		},
		{
			"name": "Voxels-181429",
			"from": [-10, 20, 7],
			"to": [-9, 22, 8],
			"rotation": {"angle": 0, "axis": "y", "origin": [-25, 9, 8]},
			"faces": {
				"north": {"uv": [12.96, 0.96, 15.04, 3.04], "texture": "#voxels_palette"},
				"east": {"uv": [12.96, 0.96, 15.04, 3.04], "texture": "#voxels_palette"},
				"south": {"uv": [12.96, 0.96, 15.04, 3.04], "texture": "#voxels_palette"},
				"west": {"uv": [12.96, 0.96, 15.04, 3.04], "texture": "#voxels_palette"},
				"up": {"uv": [12.96, 0.96, 15.04, 3.04], "texture": "#voxels_palette"},
				"down": {"uv": [12.96, 0.96, 15.04, 3.04], "texture": "#voxels_palette"}
			}
		},
		{
			"name": "Voxels-181426",
			"from": [23, 18.98957, 2.02512],
			"to": [24, 20.98957, 3.02512],
			"rotation": {"angle": 22.5, "axis": "x", "origin": [8, 7.98957, 3.02512]},
			"faces": {
				"north": {"uv": [12.96, 0.96, 15.04, 3.04], "texture": "#voxels_palette"},
				"east": {"uv": [12.96, 0.96, 15.04, 3.04], "texture": "#voxels_palette"},
				"south": {"uv": [12.96, 0.96, 15.04, 3.04], "texture": "#voxels_palette"},
				"west": {"uv": [12.96, 0.96, 15.04, 3.04], "texture": "#voxels_palette"},
				"up": {"uv": [12.96, 0.96, 15.04, 3.04], "texture": "#voxels_palette"},
				"down": {"uv": [12.96, 0.96, 15.04, 3.04], "texture": "#voxels_palette"}
			}
		},
		{
			"name": "Voxels-181427",
			"from": [15, 18.98957, 2.02512],
			"to": [16, 20.98957, 3.02512],
			"rotation": {"angle": 22.5, "axis": "x", "origin": [0, 7.98957, 3.02512]},
			"faces": {
				"north": {"uv": [12.96, 0.96, 15.04, 3.04], "texture": "#voxels_palette"},
				"east": {"uv": [12.96, 0.96, 15.04, 3.04], "texture": "#voxels_palette"},
				"south": {"uv": [12.96, 0.96, 15.04, 3.04], "texture": "#voxels_palette"},
				"west": {"uv": [12.96, 0.96, 15.04, 3.04], "texture": "#voxels_palette"},
				"up": {"uv": [12.96, 0.96, 15.04, 3.04], "texture": "#voxels_palette"},
				"down": {"uv": [12.96, 0.96, 15.04, 3.04], "texture": "#voxels_palette"}
			}
		},
		{
			"name": "Voxels-181428",
			"from": [7, 18.98957, 2.02512],
			"to": [8, 20.98957, 3.02512],
			"rotation": {"angle": 22.5, "axis": "x", "origin": [-8, 7.98957, 3.02512]},
			"faces": {
				"north": {"uv": [12.96, 0.96, 15.04, 3.04], "texture": "#voxels_palette"},
				"east": {"uv": [12.96, 0.96, 15.04, 3.04], "texture": "#voxels_palette"},
				"south": {"uv": [12.96, 0.96, 15.04, 3.04], "texture": "#voxels_palette"},
				"west": {"uv": [12.96, 0.96, 15.04, 3.04], "texture": "#voxels_palette"},
				"up": {"uv": [12.96, 0.96, 15.04, 3.04], "texture": "#voxels_palette"},
				"down": {"uv": [12.96, 0.96, 15.04, 3.04], "texture": "#voxels_palette"}
			}
		},
		{
			"name": "Voxels-181429",
			"from": [-2, 18.98957, 2.02512],
			"to": [-1, 20.98957, 3.02512],
			"rotation": {"angle": 22.5, "axis": "x", "origin": [-17, 7.98957, 3.02512]},
			"faces": {
				"north": {"uv": [12.96, 0.96, 15.04, 3.04], "texture": "#voxels_palette"},
				"east": {"uv": [12.96, 0.96, 15.04, 3.04], "texture": "#voxels_palette"},
				"south": {"uv": [12.96, 0.96, 15.04, 3.04], "texture": "#voxels_palette"},
				"west": {"uv": [12.96, 0.96, 15.04, 3.04], "texture": "#voxels_palette"},
				"up": {"uv": [12.96, 0.96, 15.04, 3.04], "texture": "#voxels_palette"},
				"down": {"uv": [12.96, 0.96, 15.04, 3.04], "texture": "#voxels_palette"}
			}
		},
		{
			"name": "Voxels-181430",
			"from": [-10, 18.98957, 2.02512],
			"to": [-9, 20.98957, 3.02512],
			"rotation": {"angle": 22.5, "axis": "x", "origin": [-25, 7.98957, 3.02512]},
			"faces": {
				"north": {"uv": [12.96, 0.96, 15.04, 3.04], "texture": "#voxels_palette"},
				"east": {"uv": [12.96, 0.96, 15.04, 3.04], "texture": "#voxels_palette"},
				"south": {"uv": [12.96, 0.96, 15.04, 3.04], "texture": "#voxels_palette"},
				"west": {"uv": [12.96, 0.96, 15.04, 3.04], "texture": "#voxels_palette"},
				"up": {"uv": [12.96, 0.96, 15.04, 3.04], "texture": "#voxels_palette"},
				"down": {"uv": [12.96, 0.96, 15.04, 3.04], "texture": "#voxels_palette"}
			}
		},
		{
			"name": "Voxels-181426",
			"from": [23, 25.22183, 14.77817],
			"to": [24, 27.22183, 15.77817],
			"rotation": {"angle": -45, "axis": "x", "origin": [8, 14.22183, 15.77817]},
			"faces": {
				"north": {"uv": [12.96, 0.96, 15.04, 3.04], "texture": "#voxels_palette"},
				"east": {"uv": [12.96, 0.96, 15.04, 3.04], "texture": "#voxels_palette"},
				"south": {"uv": [12.96, 0.96, 15.04, 3.04], "texture": "#voxels_palette"},
				"west": {"uv": [12.96, 0.96, 15.04, 3.04], "texture": "#voxels_palette"},
				"up": {"uv": [12.96, 0.96, 15.04, 3.04], "texture": "#voxels_palette"},
				"down": {"uv": [12.96, 0.96, 15.04, 3.04], "texture": "#voxels_palette"}
			}
		},
		{
			"name": "Voxels-181427",
			"from": [15, 25.22183, 14.77817],
			"to": [16, 27.22183, 15.77817],
			"rotation": {"angle": -45, "axis": "x", "origin": [0, 14.22183, 15.77817]},
			"faces": {
				"north": {"uv": [12.96, 0.96, 15.04, 3.04], "texture": "#voxels_palette"},
				"east": {"uv": [12.96, 0.96, 15.04, 3.04], "texture": "#voxels_palette"},
				"south": {"uv": [12.96, 0.96, 15.04, 3.04], "texture": "#voxels_palette"},
				"west": {"uv": [12.96, 0.96, 15.04, 3.04], "texture": "#voxels_palette"},
				"up": {"uv": [12.96, 0.96, 15.04, 3.04], "texture": "#voxels_palette"},
				"down": {"uv": [12.96, 0.96, 15.04, 3.04], "texture": "#voxels_palette"}
			}
		},
		{
			"name": "Voxels-181428",
			"from": [7, 25.22183, 14.77817],
			"to": [8, 27.22183, 15.77817],
			"rotation": {"angle": -45, "axis": "x", "origin": [-8, 14.22183, 15.77817]},
			"faces": {
				"north": {"uv": [12.96, 0.96, 15.04, 3.04], "texture": "#voxels_palette"},
				"east": {"uv": [12.96, 0.96, 15.04, 3.04], "texture": "#voxels_palette"},
				"south": {"uv": [12.96, 0.96, 15.04, 3.04], "texture": "#voxels_palette"},
				"west": {"uv": [12.96, 0.96, 15.04, 3.04], "texture": "#voxels_palette"},
				"up": {"uv": [12.96, 0.96, 15.04, 3.04], "texture": "#voxels_palette"},
				"down": {"uv": [12.96, 0.96, 15.04, 3.04], "texture": "#voxels_palette"}
			}
		},
		{
			"name": "Voxels-181429",
			"from": [-2, 25.22183, 14.77817],
			"to": [-1, 27.22183, 15.77817],
			"rotation": {"angle": -45, "axis": "x", "origin": [-17, 14.22183, 15.77817]},
			"faces": {
				"north": {"uv": [12.96, 0.96, 15.04, 3.04], "texture": "#voxels_palette"},
				"east": {"uv": [12.96, 0.96, 15.04, 3.04], "texture": "#voxels_palette"},
				"south": {"uv": [12.96, 0.96, 15.04, 3.04], "texture": "#voxels_palette"},
				"west": {"uv": [12.96, 0.96, 15.04, 3.04], "texture": "#voxels_palette"},
				"up": {"uv": [12.96, 0.96, 15.04, 3.04], "texture": "#voxels_palette"},
				"down": {"uv": [12.96, 0.96, 15.04, 3.04], "texture": "#voxels_palette"}
			}
		},
		{
			"name": "Voxels-181430",
			"from": [-10, 25.22183, 14.77817],
			"to": [-9, 27.22183, 15.77817],
			"rotation": {"angle": -45, "axis": "x", "origin": [-25, 14.22183, 15.77817]},
			"faces": {
				"north": {"uv": [12.96, 0.96, 15.04, 3.04], "texture": "#voxels_palette"},
				"east": {"uv": [12.96, 0.96, 15.04, 3.04], "texture": "#voxels_palette"},
				"south": {"uv": [12.96, 0.96, 15.04, 3.04], "texture": "#voxels_palette"},
				"west": {"uv": [12.96, 0.96, 15.04, 3.04], "texture": "#voxels_palette"},
				"up": {"uv": [12.96, 0.96, 15.04, 3.04], "texture": "#voxels_palette"},
				"down": {"uv": [12.96, 0.96, 15.04, 3.04], "texture": "#voxels_palette"}
			}
		},
		{
			"name": "Voxels-181427",
			"from": [23, 18.2047, 3.74846],
			"to": [24, 19.2047, 5.74846],
			"rotation": {"angle": 22.5, "axis": "x", "origin": [8, 19.2047, 16.74846]},
			"faces": {
				"north": {"uv": [12.96, 0.96, 15.04, 3.04], "rotation": 180, "texture": "#voxels_palette"},
				"east": {"uv": [12.96, 0.96, 15.04, 3.04], "rotation": 90, "texture": "#voxels_palette"},
				"south": {"uv": [12.96, 0.96, 15.04, 3.04], "texture": "#voxels_palette"},
				"west": {"uv": [12.96, 0.96, 15.04, 3.04], "rotation": 270, "texture": "#voxels_palette"},
				"up": {"uv": [12.96, 0.96, 15.04, 3.04], "texture": "#voxels_palette"},
				"down": {"uv": [12.96, 0.96, 15.04, 3.04], "rotation": 180, "texture": "#voxels_palette"}
			}
		},
		{
			"name": "Voxels-181428",
			"from": [15, 18.2047, 3.74846],
			"to": [16, 19.2047, 5.74846],
			"rotation": {"angle": 22.5, "axis": "x", "origin": [0, 19.2047, 16.74846]},
			"faces": {
				"north": {"uv": [12.96, 0.96, 15.04, 3.04], "rotation": 180, "texture": "#voxels_palette"},
				"east": {"uv": [12.96, 0.96, 15.04, 3.04], "rotation": 90, "texture": "#voxels_palette"},
				"south": {"uv": [12.96, 0.96, 15.04, 3.04], "texture": "#voxels_palette"},
				"west": {"uv": [12.96, 0.96, 15.04, 3.04], "rotation": 270, "texture": "#voxels_palette"},
				"up": {"uv": [12.96, 0.96, 15.04, 3.04], "texture": "#voxels_palette"},
				"down": {"uv": [12.96, 0.96, 15.04, 3.04], "rotation": 180, "texture": "#voxels_palette"}
			}
		},
		{
			"name": "Voxels-181429",
			"from": [7, 18.2047, 3.74846],
			"to": [8, 19.2047, 5.74846],
			"rotation": {"angle": 22.5, "axis": "x", "origin": [-8, 19.2047, 16.74846]},
			"faces": {
				"north": {"uv": [12.96, 0.96, 15.04, 3.04], "rotation": 180, "texture": "#voxels_palette"},
				"east": {"uv": [12.96, 0.96, 15.04, 3.04], "rotation": 90, "texture": "#voxels_palette"},
				"south": {"uv": [12.96, 0.96, 15.04, 3.04], "texture": "#voxels_palette"},
				"west": {"uv": [12.96, 0.96, 15.04, 3.04], "rotation": 270, "texture": "#voxels_palette"},
				"up": {"uv": [12.96, 0.96, 15.04, 3.04], "texture": "#voxels_palette"},
				"down": {"uv": [12.96, 0.96, 15.04, 3.04], "rotation": 180, "texture": "#voxels_palette"}
			}
		},
		{
			"name": "Voxels-181430",
			"from": [-2, 18.2047, 3.74846],
			"to": [-1, 19.2047, 5.74846],
			"rotation": {"angle": 22.5, "axis": "x", "origin": [-17, 19.2047, 16.74846]},
			"faces": {
				"north": {"uv": [12.96, 0.96, 15.04, 3.04], "rotation": 180, "texture": "#voxels_palette"},
				"east": {"uv": [12.96, 0.96, 15.04, 3.04], "rotation": 90, "texture": "#voxels_palette"},
				"south": {"uv": [12.96, 0.96, 15.04, 3.04], "texture": "#voxels_palette"},
				"west": {"uv": [12.96, 0.96, 15.04, 3.04], "rotation": 270, "texture": "#voxels_palette"},
				"up": {"uv": [12.96, 0.96, 15.04, 3.04], "texture": "#voxels_palette"},
				"down": {"uv": [12.96, 0.96, 15.04, 3.04], "rotation": 180, "texture": "#voxels_palette"}
			}
		},
		{
			"name": "Voxels-181431",
			"from": [-10, 18.2047, 3.74846],
			"to": [-9, 19.2047, 5.74846],
			"rotation": {"angle": 22.5, "axis": "x", "origin": [-25, 19.2047, 16.74846]},
			"faces": {
				"north": {"uv": [12.96, 0.96, 15.04, 3.04], "rotation": 180, "texture": "#voxels_palette"},
				"east": {"uv": [12.96, 0.96, 15.04, 3.04], "rotation": 90, "texture": "#voxels_palette"},
				"south": {"uv": [12.96, 0.96, 15.04, 3.04], "texture": "#voxels_palette"},
				"west": {"uv": [12.96, 0.96, 15.04, 3.04], "rotation": 270, "texture": "#voxels_palette"},
				"up": {"uv": [12.96, 0.96, 15.04, 3.04], "texture": "#voxels_palette"},
				"down": {"uv": [12.96, 0.96, 15.04, 3.04], "rotation": 180, "texture": "#voxels_palette"}
			}
		},
		{
			"name": "Voxels-181428",
			"from": [23, 27.3891, -0.0993],
			"to": [24, 28.3891, 1.9007],
			"rotation": {"angle": -22.5, "axis": "x", "origin": [8, 28.3891, 12.9007]},
			"faces": {
				"north": {"uv": [12.96, 0.96, 15.04, 3.04], "rotation": 180, "texture": "#voxels_palette"},
				"east": {"uv": [12.96, 0.96, 15.04, 3.04], "rotation": 90, "texture": "#voxels_palette"},
				"south": {"uv": [12.96, 0.96, 15.04, 3.04], "texture": "#voxels_palette"},
				"west": {"uv": [12.96, 0.96, 15.04, 3.04], "rotation": 270, "texture": "#voxels_palette"},
				"up": {"uv": [12.96, 0.96, 15.04, 3.04], "texture": "#voxels_palette"},
				"down": {"uv": [12.96, 0.96, 15.04, 3.04], "rotation": 180, "texture": "#voxels_palette"}
			}
		},
		{
			"name": "Voxels-181429",
			"from": [15, 27.3891, -0.0993],
			"to": [16, 28.3891, 1.9007],
			"rotation": {"angle": -22.5, "axis": "x", "origin": [0, 28.3891, 12.9007]},
			"faces": {
				"north": {"uv": [12.96, 0.96, 15.04, 3.04], "rotation": 180, "texture": "#voxels_palette"},
				"east": {"uv": [12.96, 0.96, 15.04, 3.04], "rotation": 90, "texture": "#voxels_palette"},
				"south": {"uv": [12.96, 0.96, 15.04, 3.04], "texture": "#voxels_palette"},
				"west": {"uv": [12.96, 0.96, 15.04, 3.04], "rotation": 270, "texture": "#voxels_palette"},
				"up": {"uv": [12.96, 0.96, 15.04, 3.04], "texture": "#voxels_palette"},
				"down": {"uv": [12.96, 0.96, 15.04, 3.04], "rotation": 180, "texture": "#voxels_palette"}
			}
		},
		{
			"name": "Voxels-181430",
			"from": [7, 27.3891, -0.0993],
			"to": [8, 28.3891, 1.9007],
			"rotation": {"angle": -22.5, "axis": "x", "origin": [-8, 28.3891, 12.9007]},
			"faces": {
				"north": {"uv": [12.96, 0.96, 15.04, 3.04], "rotation": 180, "texture": "#voxels_palette"},
				"east": {"uv": [12.96, 0.96, 15.04, 3.04], "rotation": 90, "texture": "#voxels_palette"},
				"south": {"uv": [12.96, 0.96, 15.04, 3.04], "texture": "#voxels_palette"},
				"west": {"uv": [12.96, 0.96, 15.04, 3.04], "rotation": 270, "texture": "#voxels_palette"},
				"up": {"uv": [12.96, 0.96, 15.04, 3.04], "texture": "#voxels_palette"},
				"down": {"uv": [12.96, 0.96, 15.04, 3.04], "rotation": 180, "texture": "#voxels_palette"}
			}
		},
		{
			"name": "Voxels-181431",
			"from": [-2, 27.3891, -0.0993],
			"to": [-1, 28.3891, 1.9007],
			"rotation": {"angle": -22.5, "axis": "x", "origin": [-17, 28.3891, 12.9007]},
			"faces": {
				"north": {"uv": [12.96, 0.96, 15.04, 3.04], "rotation": 180, "texture": "#voxels_palette"},
				"east": {"uv": [12.96, 0.96, 15.04, 3.04], "rotation": 90, "texture": "#voxels_palette"},
				"south": {"uv": [12.96, 0.96, 15.04, 3.04], "texture": "#voxels_palette"},
				"west": {"uv": [12.96, 0.96, 15.04, 3.04], "rotation": 270, "texture": "#voxels_palette"},
				"up": {"uv": [12.96, 0.96, 15.04, 3.04], "texture": "#voxels_palette"},
				"down": {"uv": [12.96, 0.96, 15.04, 3.04], "rotation": 180, "texture": "#voxels_palette"}
			}
		},
		{
			"name": "Voxels-181432",
			"from": [-10, 27.3891, -0.0993],
			"to": [-9, 28.3891, 1.9007],
			"rotation": {"angle": -22.5, "axis": "x", "origin": [-25, 28.3891, 12.9007]},
			"faces": {
				"north": {"uv": [12.96, 0.96, 15.04, 3.04], "rotation": 180, "texture": "#voxels_palette"},
				"east": {"uv": [12.96, 0.96, 15.04, 3.04], "rotation": 90, "texture": "#voxels_palette"},
				"south": {"uv": [12.96, 0.96, 15.04, 3.04], "texture": "#voxels_palette"},
				"west": {"uv": [12.96, 0.96, 15.04, 3.04], "rotation": 270, "texture": "#voxels_palette"},
				"up": {"uv": [12.96, 0.96, 15.04, 3.04], "texture": "#voxels_palette"},
				"down": {"uv": [12.96, 0.96, 15.04, 3.04], "rotation": 180, "texture": "#voxels_palette"}
			}
		},
		{
			"name": "Voxels-181429",
			"from": [23, 20.57689, 5.09979],
			"to": [24, 22.57689, 6.09979],
			"rotation": {"angle": 22.5, "axis": "x", "origin": [8, 33.57689, 5.09979]},
			"faces": {
				"north": {"uv": [12.96, 0.96, 15.04, 3.04], "rotation": 180, "texture": "#voxels_palette"},
				"east": {"uv": [12.96, 0.96, 15.04, 3.04], "rotation": 180, "texture": "#voxels_palette"},
				"south": {"uv": [12.96, 0.96, 15.04, 3.04], "rotation": 180, "texture": "#voxels_palette"},
				"west": {"uv": [12.96, 0.96, 15.04, 3.04], "rotation": 180, "texture": "#voxels_palette"},
				"up": {"uv": [12.96, 0.96, 15.04, 3.04], "texture": "#voxels_palette"},
				"down": {"uv": [12.96, 0.96, 15.04, 3.04], "texture": "#voxels_palette"}
			}
		},
		{
			"name": "Voxels-181430",
			"from": [15, 20.57689, 5.09979],
			"to": [16, 22.57689, 6.09979],
			"rotation": {"angle": 22.5, "axis": "x", "origin": [0, 33.57689, 5.09979]},
			"faces": {
				"north": {"uv": [12.96, 0.96, 15.04, 3.04], "rotation": 180, "texture": "#voxels_palette"},
				"east": {"uv": [12.96, 0.96, 15.04, 3.04], "rotation": 180, "texture": "#voxels_palette"},
				"south": {"uv": [12.96, 0.96, 15.04, 3.04], "rotation": 180, "texture": "#voxels_palette"},
				"west": {"uv": [12.96, 0.96, 15.04, 3.04], "rotation": 180, "texture": "#voxels_palette"},
				"up": {"uv": [12.96, 0.96, 15.04, 3.04], "texture": "#voxels_palette"},
				"down": {"uv": [12.96, 0.96, 15.04, 3.04], "texture": "#voxels_palette"}
			}
		},
		{
			"name": "Voxels-181431",
			"from": [7, 20.57689, 5.09979],
			"to": [8, 22.57689, 6.09979],
			"rotation": {"angle": 22.5, "axis": "x", "origin": [-8, 33.57689, 5.09979]},
			"faces": {
				"north": {"uv": [12.96, 0.96, 15.04, 3.04], "rotation": 180, "texture": "#voxels_palette"},
				"east": {"uv": [12.96, 0.96, 15.04, 3.04], "rotation": 180, "texture": "#voxels_palette"},
				"south": {"uv": [12.96, 0.96, 15.04, 3.04], "rotation": 180, "texture": "#voxels_palette"},
				"west": {"uv": [12.96, 0.96, 15.04, 3.04], "rotation": 180, "texture": "#voxels_palette"},
				"up": {"uv": [12.96, 0.96, 15.04, 3.04], "texture": "#voxels_palette"},
				"down": {"uv": [12.96, 0.96, 15.04, 3.04], "texture": "#voxels_palette"}
			}
		},
		{
			"name": "Voxels-181432",
			"from": [-2, 20.57689, 5.09979],
			"to": [-1, 22.57689, 6.09979],
			"rotation": {"angle": 22.5, "axis": "x", "origin": [-17, 33.57689, 5.09979]},
			"faces": {
				"north": {"uv": [12.96, 0.96, 15.04, 3.04], "rotation": 180, "texture": "#voxels_palette"},
				"east": {"uv": [12.96, 0.96, 15.04, 3.04], "rotation": 180, "texture": "#voxels_palette"},
				"south": {"uv": [12.96, 0.96, 15.04, 3.04], "rotation": 180, "texture": "#voxels_palette"},
				"west": {"uv": [12.96, 0.96, 15.04, 3.04], "rotation": 180, "texture": "#voxels_palette"},
				"up": {"uv": [12.96, 0.96, 15.04, 3.04], "texture": "#voxels_palette"},
				"down": {"uv": [12.96, 0.96, 15.04, 3.04], "texture": "#voxels_palette"}
			}
		},
		{
			"name": "Voxels-181433",
			"from": [-10, 20.57689, 5.09979],
			"to": [-9, 22.57689, 6.09979],
			"rotation": {"angle": 22.5, "axis": "x", "origin": [-25, 33.57689, 5.09979]},
			"faces": {
				"north": {"uv": [12.96, 0.96, 15.04, 3.04], "rotation": 180, "texture": "#voxels_palette"},
				"east": {"uv": [12.96, 0.96, 15.04, 3.04], "rotation": 180, "texture": "#voxels_palette"},
				"south": {"uv": [12.96, 0.96, 15.04, 3.04], "rotation": 180, "texture": "#voxels_palette"},
				"west": {"uv": [12.96, 0.96, 15.04, 3.04], "rotation": 180, "texture": "#voxels_palette"},
				"up": {"uv": [12.96, 0.96, 15.04, 3.04], "texture": "#voxels_palette"},
				"down": {"uv": [12.96, 0.96, 15.04, 3.04], "texture": "#voxels_palette"}
			}
		},
		{
			"name": "Voxels-181428",
			"from": [23, 23.17958, 2.73803],
			"to": [24, 24.17958, 4.73803],
			"rotation": {"angle": 0, "axis": "x", "origin": [8, 24.17958, 15.73803]},
			"faces": {
				"north": {"uv": [12.96, 0.96, 15.04, 3.04], "rotation": 180, "texture": "#voxels_palette"},
				"east": {"uv": [12.96, 0.96, 15.04, 3.04], "rotation": 90, "texture": "#voxels_palette"},
				"south": {"uv": [12.96, 0.96, 15.04, 3.04], "texture": "#voxels_palette"},
				"west": {"uv": [12.96, 0.96, 15.04, 3.04], "rotation": 270, "texture": "#voxels_palette"},
				"up": {"uv": [12.96, 0.96, 15.04, 3.04], "texture": "#voxels_palette"},
				"down": {"uv": [12.96, 0.96, 15.04, 3.04], "rotation": 180, "texture": "#voxels_palette"}
			}
		},
		{
			"name": "Voxels-181429",
			"from": [15, 23.17958, 2.73803],
			"to": [16, 24.17958, 4.73803],
			"rotation": {"angle": 0, "axis": "x", "origin": [0, 24.17958, 15.73803]},
			"faces": {
				"north": {"uv": [12.96, 0.96, 15.04, 3.04], "rotation": 180, "texture": "#voxels_palette"},
				"east": {"uv": [12.96, 0.96, 15.04, 3.04], "rotation": 90, "texture": "#voxels_palette"},
				"south": {"uv": [12.96, 0.96, 15.04, 3.04], "texture": "#voxels_palette"},
				"west": {"uv": [12.96, 0.96, 15.04, 3.04], "rotation": 270, "texture": "#voxels_palette"},
				"up": {"uv": [12.96, 0.96, 15.04, 3.04], "texture": "#voxels_palette"},
				"down": {"uv": [12.96, 0.96, 15.04, 3.04], "rotation": 180, "texture": "#voxels_palette"}
			}
		},
		{
			"name": "Voxels-181430",
			"from": [7, 23.17958, 2.73803],
			"to": [8, 24.17958, 4.73803],
			"rotation": {"angle": 0, "axis": "x", "origin": [-8, 24.17958, 15.73803]},
			"faces": {
				"north": {"uv": [12.96, 0.96, 15.04, 3.04], "rotation": 180, "texture": "#voxels_palette"},
				"east": {"uv": [12.96, 0.96, 15.04, 3.04], "rotation": 90, "texture": "#voxels_palette"},
				"south": {"uv": [12.96, 0.96, 15.04, 3.04], "texture": "#voxels_palette"},
				"west": {"uv": [12.96, 0.96, 15.04, 3.04], "rotation": 270, "texture": "#voxels_palette"},
				"up": {"uv": [12.96, 0.96, 15.04, 3.04], "texture": "#voxels_palette"},
				"down": {"uv": [12.96, 0.96, 15.04, 3.04], "rotation": 180, "texture": "#voxels_palette"}
			}
		},
		{
			"name": "Voxels-181431",
			"from": [-2, 23.17958, 2.73803],
			"to": [-1, 24.17958, 4.73803],
			"rotation": {"angle": 0, "axis": "x", "origin": [-17, 24.17958, 15.73803]},
			"faces": {
				"north": {"uv": [12.96, 0.96, 15.04, 3.04], "rotation": 180, "texture": "#voxels_palette"},
				"east": {"uv": [12.96, 0.96, 15.04, 3.04], "rotation": 90, "texture": "#voxels_palette"},
				"south": {"uv": [12.96, 0.96, 15.04, 3.04], "texture": "#voxels_palette"},
				"west": {"uv": [12.96, 0.96, 15.04, 3.04], "rotation": 270, "texture": "#voxels_palette"},
				"up": {"uv": [12.96, 0.96, 15.04, 3.04], "texture": "#voxels_palette"},
				"down": {"uv": [12.96, 0.96, 15.04, 3.04], "rotation": 180, "texture": "#voxels_palette"}
			}
		},
		{
			"name": "Voxels-181432",
			"from": [-10, 23.17958, 2.73803],
			"to": [-9, 24.17958, 4.73803],
			"rotation": {"angle": 0, "axis": "x", "origin": [-25, 24.17958, 15.73803]},
			"faces": {
				"north": {"uv": [12.96, 0.96, 15.04, 3.04], "rotation": 180, "texture": "#voxels_palette"},
				"east": {"uv": [12.96, 0.96, 15.04, 3.04], "rotation": 90, "texture": "#voxels_palette"},
				"south": {"uv": [12.96, 0.96, 15.04, 3.04], "texture": "#voxels_palette"},
				"west": {"uv": [12.96, 0.96, 15.04, 3.04], "rotation": 270, "texture": "#voxels_palette"},
				"up": {"uv": [12.96, 0.96, 15.04, 3.04], "texture": "#voxels_palette"},
				"down": {"uv": [12.96, 0.96, 15.04, 3.04], "rotation": 180, "texture": "#voxels_palette"}
			}
		},
		{
			"name": "Voxels-181429",
			"from": [22, 25.17958, -1.26197],
			"to": [25, 26.17958, 1.73803],
			"rotation": {"angle": -22.5, "axis": "x", "origin": [7, 26.17958, 11.73803]},
			"faces": {
				"north": {"uv": [8, 0, 12, 4], "rotation": 90, "texture": "#voxels_palette"},
				"east": {"uv": [8, 0, 12, 4], "rotation": 90, "texture": "#voxels_palette"},
				"south": {"uv": [8, 0, 12, 4], "rotation": 90, "texture": "#voxels_palette"},
				"west": {"uv": [8, 0, 12, 4], "rotation": 90, "texture": "#voxels_palette"},
				"up": {"uv": [8, 0, 12, 4], "rotation": 90, "texture": "#voxels_palette"},
				"down": {"uv": [8, 0, 12, 4], "rotation": 90, "texture": "#voxels_palette"}
			}
		},
		{
			"name": "Voxels-181430",
			"from": [14, 25.17958, -1.26197],
			"to": [17, 26.17958, 1.73803],
			"rotation": {"angle": -22.5, "axis": "x", "origin": [-1, 26.17958, 11.73803]},
			"faces": {
				"north": {"uv": [8, 0, 12, 4], "rotation": 90, "texture": "#voxels_palette"},
				"east": {"uv": [8, 0, 12, 4], "rotation": 90, "texture": "#voxels_palette"},
				"south": {"uv": [8, 0, 12, 4], "rotation": 90, "texture": "#voxels_palette"},
				"west": {"uv": [8, 0, 12, 4], "rotation": 90, "texture": "#voxels_palette"},
				"up": {"uv": [8, 0, 12, 4], "rotation": 90, "texture": "#voxels_palette"},
				"down": {"uv": [8, 0, 12, 4], "rotation": 90, "texture": "#voxels_palette"}
			}
		},
		{
			"name": "Voxels-181431",
			"from": [6, 25.17958, -1.26197],
			"to": [9, 26.17958, 1.73803],
			"rotation": {"angle": -22.5, "axis": "x", "origin": [-9, 26.17958, 11.73803]},
			"faces": {
				"north": {"uv": [8, 0, 12, 4], "rotation": 90, "texture": "#voxels_palette"},
				"east": {"uv": [8, 0, 12, 4], "rotation": 90, "texture": "#voxels_palette"},
				"south": {"uv": [8, 0, 12, 4], "rotation": 90, "texture": "#voxels_palette"},
				"west": {"uv": [8, 0, 12, 4], "rotation": 90, "texture": "#voxels_palette"},
				"up": {"uv": [8, 0, 12, 4], "rotation": 90, "texture": "#voxels_palette"},
				"down": {"uv": [8, 0, 12, 4], "rotation": 90, "texture": "#voxels_palette"}
			}
		},
		{
			"name": "Voxels-181432",
			"from": [-3, 25.17958, -1.26197],
			"to": [0, 26.17958, 1.73803],
			"rotation": {"angle": -22.5, "axis": "x", "origin": [-18, 26.17958, 11.73803]},
			"faces": {
				"north": {"uv": [8, 0, 12, 4], "rotation": 90, "texture": "#voxels_palette"},
				"east": {"uv": [8, 0, 12, 4], "rotation": 90, "texture": "#voxels_palette"},
				"south": {"uv": [8, 0, 12, 4], "rotation": 90, "texture": "#voxels_palette"},
				"west": {"uv": [8, 0, 12, 4], "rotation": 90, "texture": "#voxels_palette"},
				"up": {"uv": [8, 0, 12, 4], "rotation": 90, "texture": "#voxels_palette"},
				"down": {"uv": [8, 0, 12, 4], "rotation": 90, "texture": "#voxels_palette"}
			}
		},
		{
			"name": "Voxels-181433",
			"from": [-11, 25.17958, -1.26197],
			"to": [-8, 26.17958, 1.73803],
			"rotation": {"angle": -22.5, "axis": "x", "origin": [-26, 26.17958, 11.73803]},
			"faces": {
				"north": {"uv": [8, 0, 12, 4], "rotation": 90, "texture": "#voxels_palette"},
				"east": {"uv": [8, 0, 12, 4], "rotation": 90, "texture": "#voxels_palette"},
				"south": {"uv": [8, 0, 12, 4], "rotation": 90, "texture": "#voxels_palette"},
				"west": {"uv": [8, 0, 12, 4], "rotation": 90, "texture": "#voxels_palette"},
				"up": {"uv": [8, 0, 12, 4], "rotation": 90, "texture": "#voxels_palette"},
				"down": {"uv": [8, 0, 12, 4], "rotation": 90, "texture": "#voxels_palette"}
			}
		}
	],
	"display": {
		"thirdperson_righthand": {
			"rotation": [75, 45, 0],
			"translation": [0, 2.5, 0],
			"scale": [0.375, 0.375, 0.375]
		},
		"thirdperson_lefthand": {
			"rotation": [75, 45, 0],
			"translation": [0, 2.5, 0],
			"scale": [0.375, 0.375, 0.375]
		},
		"gui": {
			"rotation": [30, 146, 0],
			"translation": [0, -1.391, 0],
			"scale": [0.3815, 0.3815, 0.3815]
		},
		"head": {
			"scale": [4, 4, 4]
		}
	}
}