{
	"__comment": "Designed by Steven627 cubik - https://cubik.studio",
	"textures": {
		"particle": "blocks/particle",
		"texture": "block/coal_block",
		"texture1": "signs/billboards/fantasmic",
		"voxels_palette": "signs/billboards/lights"
	},
	"elements": [ 	 
		{
			"__comment": "Box1",
			"from": [ -12, 0, 5.5 ],
			"to": [ 26, 20, 6.5 ],
			"faces": {
				"down": { "uv": [ 0, 9, 16, 10 ], "texture": "#texture" },
				"up": { "uv": [ 0, 6, 16, 7 ], "texture": "#texture" },
				"north": { "uv": [ 0, 0, 16, 6.5 ], "texture": "#texture1" },
				"south": { "uv": [ 0, 0, 16, 16 ], "texture": "#texture" },
				"west": { "uv": [ 6, 0, 7, 16 ], "texture": "#texture" },
				"east": { "uv": [ 9, 0, 10, 16 ], "texture": "#texture" }
			}
		},
		{
			"__comment": "Box2",
			"from": [ -12.5, 0, 5 ],
			"to": [ -12, 20, 7 ],
			"faces": {
				"down": { "uv": [ 3, 8.5, 4, 10.5 ], "texture": "#texture" },
				"up": { "uv": [ 3, 5.5, 4, 7.5 ], "texture": "#texture" },
				"north": { "uv": [ 12, 0, 13, 16 ], "texture": "#texture" },
				"south": { "uv": [ 3, 0, 4, 16 ], "texture": "#texture" },
				"west": { "uv": [ 5.5, 0, 7.5, 16 ], "texture": "#texture" },
				"east": { "uv": [ 8.5, 0, 10.5, 16 ], "texture": "#texture" }
			}
		},
		{
			"__comment": "Box2",
			"from": [ 26, 0, 5 ],
			"to": [ 26.5, 20, 7 ],
			"faces": {
				"down": { "uv": [ 10, 8.5, 11, 10.5 ], "texture": "#texture" },
				"up": { "uv": [ 10, 5.5, 11, 7.5 ], "texture": "#texture" },
				"north": { "uv": [ 5, 0, 6, 16 ], "texture": "#texture" },
				"south": { "uv": [ 10, 0, 11, 16 ], "texture": "#texture" },
				"west": { "uv": [ 5.5, 0, 7.5, 16 ], "texture": "#texture" },
				"east": { "uv": [ 8.5, 0, 10.5, 16 ], "texture": "#texture" }
			}
		},
		{
			"__comment": "Box4",
			"from": [ -12.5, -0.5, 5 ],
			"to": [ 26.5, 0, 7 ],
			"faces": {
				"down": { "uv": [ 0, 8.5, 16, 10.5 ], "texture": "#texture" },
				"up": { "uv": [ 0, 5.5, 16, 7.5 ], "texture": "#texture" },
				"north": { "uv": [ 0, 0, 16, 1 ], "texture": "#texture" },
				"south": { "uv": [ 0, 0, 16, 1 ], "texture": "#texture" },
				"west": { "uv": [ 5.5, 0, 7.5, 1 ], "texture": "#texture" },
				"east": { "uv": [ 8.5, 0, 10.5, 1 ], "texture": "#texture" }
			}
		},
		{
			"__comment": "Box4",
			"from": [ -12.5, 20, 5 ],
			"to": [ 26.5, 20.5, 7 ],
			"faces": {
				"down": { "uv": [ 0, 9, 16, 11 ], "texture": "#texture" },
				"up": { "uv": [ 0, 5, 16, 7 ], "texture": "#texture" },
				"north": { "uv": [ 0, 11, 16, 12 ], "texture": "#texture" },
				"south": { "uv": [ 0, 11, 16, 12 ], "texture": "#texture" },
				"west": { "uv": [ 5, 11, 7, 12 ], "texture": "#texture" },
				"east": { "uv": [ 9, 11, 11, 12 ], "texture": "#texture" }
			}
		}
	],
	"display": {
		"thirdperson_righthand": {
			"rotation":  [ 75, 45, 0 ],
			"translation":  [ 0, 2.5, 0 ],
			"scale":  [ 0.375, 0.375, 0.375 ]
		},
		"thirdperson_lefthand": {
			"rotation":  [ 75, 45, 0 ],
			"translation":  [ 0, 2.5, 0 ],
			"scale":  [ 0.375, 0.375, 0.375 ]
		},
		"gui": {
			"rotation":  [ 30, 146, 0 ],
			"translation":  [ 0, -1.391, 0 ],
			"scale":  [ 0.3815, 0.3815, 0.3815 ]
		},
		"head": {
			"scale":  [ 4, 4, 4 ]
		}
	}
}