{
	"__comment": "Designed by Steven - https://cubik.studio",
	"textures": {
		"particle": "real/scissorlift-top",
		"texture": "real/scissorlift-top"
	},
	"elements": [ 	 
		{
			"__comment": "Voxels-F05A46",
			"from": [ -2.5, 5, -4 ],
			"to": [ 12, 7.5, -3 ],
			"faces": {
				"down": { "uv": [ 0.96, 4.96, 3.04, 7.04 ], "texture": "#texture" },
				"up": { "uv": [ 0.96, 4.96, 3.04, 7.04 ], "texture": "#texture" },
				"north": { "uv": [ 0.96, 4.96, 3.04, 7.04 ], "texture": "#texture" },
				"south": { "uv": [ 0.96, 4.96, 3.04, 7.04 ], "texture": "#texture" },
				"west": { "uv": [ 0.96, 4.96, 3.04, 7.04 ], "texture": "#texture" },
				"east": { "uv": [ 0.96, 4.96, 3.04, 7.04 ], "texture": "#texture" }
			}
		},
		{
			"__comment": "Voxels-F05A46",
			"from": [ -2.5, 5, -3 ],
			"to": [ -2, 7.5, 19.5 ],
			"faces": {
				"down": { "uv": [ 0.96, 4.96, 3.04, 7.04 ], "texture": "#texture" },
				"up": { "uv": [ 0.96, 4.96, 3.04, 7.04 ], "texture": "#texture" },
				"north": { "uv": [ 0.96, 4.96, 3.04, 7.04 ], "texture": "#texture" },
				"south": { "uv": [ 0.96, 4.96, 3.04, 7.04 ], "texture": "#texture" },
				"west": { "uv": [ 0.96, 4.96, 3.04, 7.04 ], "texture": "#texture" },
				"east": { "uv": [ 0.96, 4.96, 3.04, 7.04 ], "texture": "#texture" }
			}
		},
		{
			"__comment": "Voxels-F05A46",
			"from": [ -2.5, 7.5, -4 ],
			"to": [ -2, 12, -3.5 ],
			"faces": {
				"down": { "uv": [ 0.96, 4.96, 3.04, 7.04 ], "texture": "#texture" },
				"up": { "uv": [ 0.96, 4.96, 3.04, 7.04 ], "texture": "#texture" },
				"north": { "uv": [ 0.96, 4.96, 3.04, 7.04 ], "texture": "#texture" },
				"south": { "uv": [ 0.96, 4.96, 3.04, 7.04 ], "texture": "#texture" },
				"west": { "uv": [ 0.96, 4.96, 3.04, 7.04 ], "texture": "#texture" },
				"east": { "uv": [ 0.96, 4.96, 3.04, 7.04 ], "texture": "#texture" }
			}
		},
		{
			"__comment": "Voxels-F05A46",
			"from": [ -2.5, 7.5, 19 ],
			"to": [ -2, 12, 19.5 ],
			"faces": {
				"down": { "uv": [ 0.96, 4.96, 3.04, 7.04 ], "texture": "#texture" },
				"up": { "uv": [ 0.96, 4.96, 3.04, 7.04 ], "texture": "#texture" },
				"north": { "uv": [ 0.96, 4.96, 3.04, 7.04 ], "texture": "#texture" },
				"south": { "uv": [ 0.96, 4.96, 3.04, 7.04 ], "texture": "#texture" },
				"west": { "uv": [ 0.96, 4.96, 3.04, 7.04 ], "texture": "#texture" },
				"east": { "uv": [ 0.96, 4.96, 3.04, 7.04 ], "texture": "#texture" }
			}
		},
		{
			"__comment": "Voxels-F05A46",
			"from": [ -2.5, 11.5, -3.5 ],
			"to": [ -2, 17.5, -3 ],
			"faces": {
				"down": { "uv": [ 0.96, 4.96, 3.04, 7.04 ], "texture": "#texture" },
				"up": { "uv": [ 0.96, 4.96, 3.04, 7.04 ], "texture": "#texture" },
				"north": { "uv": [ 0.96, 4.96, 3.04, 7.04 ], "texture": "#texture" },
				"south": { "uv": [ 0.96, 4.96, 3.04, 7.04 ], "texture": "#texture" },
				"west": { "uv": [ 0.96, 4.96, 3.04, 7.04 ], "texture": "#texture" },
				"east": { "uv": [ 0.96, 4.96, 3.04, 7.04 ], "texture": "#texture" }
			}
		},
		{
			"__comment": "Voxels-F05A46",
			"from": [ -2.5, 11.5, -3 ],
			"to": [ -2, 12, 19 ],
			"faces": {
				"down": { "uv": [ 0.96, 4.96, 3.04, 7.04 ], "texture": "#texture" },
				"up": { "uv": [ 0.96, 4.96, 3.04, 7.04 ], "texture": "#texture" },
				"north": { "uv": [ 0.96, 4.96, 3.04, 7.04 ], "texture": "#texture" },
				"south": { "uv": [ 0.96, 4.96, 3.04, 7.04 ], "texture": "#texture" },
				"west": { "uv": [ 0.96, 4.96, 3.04, 7.04 ], "texture": "#texture" },
				"east": { "uv": [ 0.96, 4.96, 3.04, 7.04 ], "texture": "#texture" }
			}
		},
		{
			"__comment": "Voxels-F05A46",
			"from": [ -2.5, 12, -2.5 ],
			"to": [ -2, 13, -2 ],
			"faces": {
				"down": { "uv": [ 0.96, 4.96, 3.04, 7.04 ], "texture": "#texture" },
				"up": { "uv": [ 0.96, 4.96, 3.04, 7.04 ], "texture": "#texture" },
				"north": { "uv": [ 0.96, 4.96, 3.04, 7.04 ], "texture": "#texture" },
				"south": { "uv": [ 0.96, 4.96, 3.04, 7.04 ], "texture": "#texture" },
				"west": { "uv": [ 0.96, 4.96, 3.04, 7.04 ], "texture": "#texture" },
				"east": { "uv": [ 0.96, 4.96, 3.04, 7.04 ], "texture": "#texture" }
			}
		},
		{
			"__comment": "Voxels-F05A46",
			"from": [ -2.5, 12, -1.5 ],
			"to": [ -2, 13, -1 ],
			"faces": {
				"down": { "uv": [ 0.96, 4.96, 3.04, 7.04 ], "texture": "#texture" },
				"up": { "uv": [ 0.96, 4.96, 3.04, 7.04 ], "texture": "#texture" },
				"north": { "uv": [ 0.96, 4.96, 3.04, 7.04 ], "texture": "#texture" },
				"south": { "uv": [ 0.96, 4.96, 3.04, 7.04 ], "texture": "#texture" },
				"west": { "uv": [ 0.96, 4.96, 3.04, 7.04 ], "texture": "#texture" },
				"east": { "uv": [ 0.96, 4.96, 3.04, 7.04 ], "texture": "#texture" }
			}
		},
		{
			"__comment": "Voxels-F05A46",
			"from": [ -2.5, 12, -0.5 ],
			"to": [ -2, 13, 0 ],
			"faces": {
				"down": { "uv": [ 0.96, 4.96, 3.04, 7.04 ], "texture": "#texture" },
				"up": { "uv": [ 0.96, 4.96, 3.04, 7.04 ], "texture": "#texture" },
				"north": { "uv": [ 0.96, 4.96, 3.04, 7.04 ], "texture": "#texture" },
				"south": { "uv": [ 0.96, 4.96, 3.04, 7.04 ], "texture": "#texture" },
				"west": { "uv": [ 0.96, 4.96, 3.04, 7.04 ], "texture": "#texture" },
				"east": { "uv": [ 0.96, 4.96, 3.04, 7.04 ], "texture": "#texture" }
			}
		},
		{
			"__comment": "Voxels-F05A46",
			"from": [ -2.5, 12, 0.5 ],
			"to": [ -2, 13, 1 ],
			"faces": {
				"down": { "uv": [ 0.96, 4.96, 3.04, 7.04 ], "texture": "#texture" },
				"up": { "uv": [ 0.96, 4.96, 3.04, 7.04 ], "texture": "#texture" },
				"north": { "uv": [ 0.96, 4.96, 3.04, 7.04 ], "texture": "#texture" },
				"south": { "uv": [ 0.96, 4.96, 3.04, 7.04 ], "texture": "#texture" },
				"west": { "uv": [ 0.96, 4.96, 3.04, 7.04 ], "texture": "#texture" },
				"east": { "uv": [ 0.96, 4.96, 3.04, 7.04 ], "texture": "#texture" }
			}
		},
		{
			"__comment": "Voxels-F05A46",
			"from": [ -2.5, 12, 1.5 ],
			"to": [ -2, 13, 2 ],
			"faces": {
				"down": { "uv": [ 0.96, 4.96, 3.04, 7.04 ], "texture": "#texture" },
				"up": { "uv": [ 0.96, 4.96, 3.04, 7.04 ], "texture": "#texture" },
				"north": { "uv": [ 0.96, 4.96, 3.04, 7.04 ], "texture": "#texture" },
				"south": { "uv": [ 0.96, 4.96, 3.04, 7.04 ], "texture": "#texture" },
				"west": { "uv": [ 0.96, 4.96, 3.04, 7.04 ], "texture": "#texture" },
				"east": { "uv": [ 0.96, 4.96, 3.04, 7.04 ], "texture": "#texture" }
			}
		},
		{
			"__comment": "Voxels-F05A46",
			"from": [ -2.5, 12, 2.5 ],
			"to": [ -2, 13, 3 ],
			"faces": {
				"down": { "uv": [ 0.96, 4.96, 3.04, 7.04 ], "texture": "#texture" },
				"up": { "uv": [ 0.96, 4.96, 3.04, 7.04 ], "texture": "#texture" },
				"north": { "uv": [ 0.96, 4.96, 3.04, 7.04 ], "texture": "#texture" },
				"south": { "uv": [ 0.96, 4.96, 3.04, 7.04 ], "texture": "#texture" },
				"west": { "uv": [ 0.96, 4.96, 3.04, 7.04 ], "texture": "#texture" },
				"east": { "uv": [ 0.96, 4.96, 3.04, 7.04 ], "texture": "#texture" }
			}
		},
		{
			"__comment": "Voxels-F05A46",
			"from": [ -2.5, 12, 3.5 ],
			"to": [ -2, 13, 4 ],
			"faces": {
				"down": { "uv": [ 0.96, 4.96, 3.04, 7.04 ], "texture": "#texture" },
				"up": { "uv": [ 0.96, 4.96, 3.04, 7.04 ], "texture": "#texture" },
				"north": { "uv": [ 0.96, 4.96, 3.04, 7.04 ], "texture": "#texture" },
				"south": { "uv": [ 0.96, 4.96, 3.04, 7.04 ], "texture": "#texture" },
				"west": { "uv": [ 0.96, 4.96, 3.04, 7.04 ], "texture": "#texture" },
				"east": { "uv": [ 0.96, 4.96, 3.04, 7.04 ], "texture": "#texture" }
			}
		},
		{
			"__comment": "Voxels-F05A46",
			"from": [ -2.5, 12, 4.5 ],
			"to": [ -2, 13, 5 ],
			"faces": {
				"down": { "uv": [ 0.96, 4.96, 3.04, 7.04 ], "texture": "#texture" },
				"up": { "uv": [ 0.96, 4.96, 3.04, 7.04 ], "texture": "#texture" },
				"north": { "uv": [ 0.96, 4.96, 3.04, 7.04 ], "texture": "#texture" },
				"south": { "uv": [ 0.96, 4.96, 3.04, 7.04 ], "texture": "#texture" },
				"west": { "uv": [ 0.96, 4.96, 3.04, 7.04 ], "texture": "#texture" },
				"east": { "uv": [ 0.96, 4.96, 3.04, 7.04 ], "texture": "#texture" }
			}
		},
		{
			"__comment": "Voxels-F05A46",
			"from": [ -2.5, 12, 5.5 ],
			"to": [ -2, 13, 6 ],
			"faces": {
				"down": { "uv": [ 0.96, 4.96, 3.04, 7.04 ], "texture": "#texture" },
				"up": { "uv": [ 0.96, 4.96, 3.04, 7.04 ], "texture": "#texture" },
				"north": { "uv": [ 0.96, 4.96, 3.04, 7.04 ], "texture": "#texture" },
				"south": { "uv": [ 0.96, 4.96, 3.04, 7.04 ], "texture": "#texture" },
				"west": { "uv": [ 0.96, 4.96, 3.04, 7.04 ], "texture": "#texture" },
				"east": { "uv": [ 0.96, 4.96, 3.04, 7.04 ], "texture": "#texture" }
			}
		},
		{
			"__comment": "Voxels-F05A46",
			"from": [ -2.5, 12, 6.5 ],
			"to": [ -2, 13, 7 ],
			"faces": {
				"down": { "uv": [ 0.96, 4.96, 3.04, 7.04 ], "texture": "#texture" },
				"up": { "uv": [ 0.96, 4.96, 3.04, 7.04 ], "texture": "#texture" },
				"north": { "uv": [ 0.96, 4.96, 3.04, 7.04 ], "texture": "#texture" },
				"south": { "uv": [ 0.96, 4.96, 3.04, 7.04 ], "texture": "#texture" },
				"west": { "uv": [ 0.96, 4.96, 3.04, 7.04 ], "texture": "#texture" },
				"east": { "uv": [ 0.96, 4.96, 3.04, 7.04 ], "texture": "#texture" }
			}
		},
		{
			"__comment": "Voxels-F05A46",
			"from": [ -2.5, 12, 7.5 ],
			"to": [ -2, 13, 8 ],
			"faces": {
				"down": { "uv": [ 0.96, 4.96, 3.04, 7.04 ], "texture": "#texture" },
				"up": { "uv": [ 0.96, 4.96, 3.04, 7.04 ], "texture": "#texture" },
				"north": { "uv": [ 0.96, 4.96, 3.04, 7.04 ], "texture": "#texture" },
				"south": { "uv": [ 0.96, 4.96, 3.04, 7.04 ], "texture": "#texture" },
				"west": { "uv": [ 0.96, 4.96, 3.04, 7.04 ], "texture": "#texture" },
				"east": { "uv": [ 0.96, 4.96, 3.04, 7.04 ], "texture": "#texture" }
			}
		},
		{
			"__comment": "Voxels-F05A46",
			"from": [ -2.5, 12, 8.5 ],
			"to": [ -2, 13, 9 ],
			"faces": {
				"down": { "uv": [ 0.96, 4.96, 3.04, 7.04 ], "texture": "#texture" },
				"up": { "uv": [ 0.96, 4.96, 3.04, 7.04 ], "texture": "#texture" },
				"north": { "uv": [ 0.96, 4.96, 3.04, 7.04 ], "texture": "#texture" },
				"south": { "uv": [ 0.96, 4.96, 3.04, 7.04 ], "texture": "#texture" },
				"west": { "uv": [ 0.96, 4.96, 3.04, 7.04 ], "texture": "#texture" },
				"east": { "uv": [ 0.96, 4.96, 3.04, 7.04 ], "texture": "#texture" }
			}
		},
		{
			"__comment": "Voxels-F05A46",
			"from": [ -2.5, 12, 9.5 ],
			"to": [ -2, 13, 10 ],
			"faces": {
				"down": { "uv": [ 0.96, 4.96, 3.04, 7.04 ], "texture": "#texture" },
				"up": { "uv": [ 0.96, 4.96, 3.04, 7.04 ], "texture": "#texture" },
				"north": { "uv": [ 0.96, 4.96, 3.04, 7.04 ], "texture": "#texture" },
				"south": { "uv": [ 0.96, 4.96, 3.04, 7.04 ], "texture": "#texture" },
				"west": { "uv": [ 0.96, 4.96, 3.04, 7.04 ], "texture": "#texture" },
				"east": { "uv": [ 0.96, 4.96, 3.04, 7.04 ], "texture": "#texture" }
			}
		},
		{
			"__comment": "Voxels-F05A46",
			"from": [ -2.5, 12, 10.5 ],
			"to": [ -2, 13, 11 ],
			"faces": {
				"down": { "uv": [ 0.96, 4.96, 3.04, 7.04 ], "texture": "#texture" },
				"up": { "uv": [ 0.96, 4.96, 3.04, 7.04 ], "texture": "#texture" },
				"north": { "uv": [ 0.96, 4.96, 3.04, 7.04 ], "texture": "#texture" },
				"south": { "uv": [ 0.96, 4.96, 3.04, 7.04 ], "texture": "#texture" },
				"west": { "uv": [ 0.96, 4.96, 3.04, 7.04 ], "texture": "#texture" },
				"east": { "uv": [ 0.96, 4.96, 3.04, 7.04 ], "texture": "#texture" }
			}
		},
		{
			"__comment": "Voxels-F05A46",
			"from": [ -2.5, 12, 11.5 ],
			"to": [ -2, 13, 12 ],
			"faces": {
				"down": { "uv": [ 0.96, 4.96, 3.04, 7.04 ], "texture": "#texture" },
				"up": { "uv": [ 0.96, 4.96, 3.04, 7.04 ], "texture": "#texture" },
				"north": { "uv": [ 0.96, 4.96, 3.04, 7.04 ], "texture": "#texture" },
				"south": { "uv": [ 0.96, 4.96, 3.04, 7.04 ], "texture": "#texture" },
				"west": { "uv": [ 0.96, 4.96, 3.04, 7.04 ], "texture": "#texture" },
				"east": { "uv": [ 0.96, 4.96, 3.04, 7.04 ], "texture": "#texture" }
			}
		},
		{
			"__comment": "Voxels-F05A46",
			"from": [ -2.5, 12, 12.5 ],
			"to": [ -2, 13, 13 ],
			"faces": {
				"down": { "uv": [ 0.96, 4.96, 3.04, 7.04 ], "texture": "#texture" },
				"up": { "uv": [ 0.96, 4.96, 3.04, 7.04 ], "texture": "#texture" },
				"north": { "uv": [ 0.96, 4.96, 3.04, 7.04 ], "texture": "#texture" },
				"south": { "uv": [ 0.96, 4.96, 3.04, 7.04 ], "texture": "#texture" },
				"west": { "uv": [ 0.96, 4.96, 3.04, 7.04 ], "texture": "#texture" },
				"east": { "uv": [ 0.96, 4.96, 3.04, 7.04 ], "texture": "#texture" }
			}
		},
		{
			"__comment": "Voxels-F05A46",
			"from": [ -2.5, 12, 13.5 ],
			"to": [ -2, 13, 14 ],
			"faces": {
				"down": { "uv": [ 0.96, 4.96, 3.04, 7.04 ], "texture": "#texture" },
				"up": { "uv": [ 0.96, 4.96, 3.04, 7.04 ], "texture": "#texture" },
				"north": { "uv": [ 0.96, 4.96, 3.04, 7.04 ], "texture": "#texture" },
				"south": { "uv": [ 0.96, 4.96, 3.04, 7.04 ], "texture": "#texture" },
				"west": { "uv": [ 0.96, 4.96, 3.04, 7.04 ], "texture": "#texture" },
				"east": { "uv": [ 0.96, 4.96, 3.04, 7.04 ], "texture": "#texture" }
			}
		},
		{
			"__comment": "Voxels-F05A46",
			"from": [ -2.5, 12, 14.5 ],
			"to": [ -2, 13, 15 ],
			"faces": {
				"down": { "uv": [ 0.96, 4.96, 3.04, 7.04 ], "texture": "#texture" },
				"up": { "uv": [ 0.96, 4.96, 3.04, 7.04 ], "texture": "#texture" },
				"north": { "uv": [ 0.96, 4.96, 3.04, 7.04 ], "texture": "#texture" },
				"south": { "uv": [ 0.96, 4.96, 3.04, 7.04 ], "texture": "#texture" },
				"west": { "uv": [ 0.96, 4.96, 3.04, 7.04 ], "texture": "#texture" },
				"east": { "uv": [ 0.96, 4.96, 3.04, 7.04 ], "texture": "#texture" }
			}
		},
		{
			"__comment": "Voxels-F05A46",
			"from": [ -2.5, 12, 15.5 ],
			"to": [ -2, 13, 16 ],
			"faces": {
				"down": { "uv": [ 0.96, 4.96, 3.04, 7.04 ], "texture": "#texture" },
				"up": { "uv": [ 0.96, 4.96, 3.04, 7.04 ], "texture": "#texture" },
				"north": { "uv": [ 0.96, 4.96, 3.04, 7.04 ], "texture": "#texture" },
				"south": { "uv": [ 0.96, 4.96, 3.04, 7.04 ], "texture": "#texture" },
				"west": { "uv": [ 0.96, 4.96, 3.04, 7.04 ], "texture": "#texture" },
				"east": { "uv": [ 0.96, 4.96, 3.04, 7.04 ], "texture": "#texture" }
			}
		},
		{
			"__comment": "Voxels-F05A46",
			"from": [ -2.5, 12, 16.5 ],
			"to": [ -2, 13, 17 ],
			"faces": {
				"down": { "uv": [ 0.96, 4.96, 3.04, 7.04 ], "texture": "#texture" },
				"up": { "uv": [ 0.96, 4.96, 3.04, 7.04 ], "texture": "#texture" },
				"north": { "uv": [ 0.96, 4.96, 3.04, 7.04 ], "texture": "#texture" },
				"south": { "uv": [ 0.96, 4.96, 3.04, 7.04 ], "texture": "#texture" },
				"west": { "uv": [ 0.96, 4.96, 3.04, 7.04 ], "texture": "#texture" },
				"east": { "uv": [ 0.96, 4.96, 3.04, 7.04 ], "texture": "#texture" }
			}
		},
		{
			"__comment": "Voxels-F05A46",
			"from": [ -2.5, 12, 17.5 ],
			"to": [ -2, 13, 18 ],
			"faces": {
				"down": { "uv": [ 0.96, 4.96, 3.04, 7.04 ], "texture": "#texture" },
				"up": { "uv": [ 0.96, 4.96, 3.04, 7.04 ], "texture": "#texture" },
				"north": { "uv": [ 0.96, 4.96, 3.04, 7.04 ], "texture": "#texture" },
				"south": { "uv": [ 0.96, 4.96, 3.04, 7.04 ], "texture": "#texture" },
				"west": { "uv": [ 0.96, 4.96, 3.04, 7.04 ], "texture": "#texture" },
				"east": { "uv": [ 0.96, 4.96, 3.04, 7.04 ], "texture": "#texture" }
			}
		},
		{
			"__comment": "Voxels-F05A46",
			"from": [ -2.5, 12, 18.5 ],
			"to": [ -2, 17.5, 19 ],
			"faces": {
				"down": { "uv": [ 0.96, 4.96, 3.04, 7.04 ], "texture": "#texture" },
				"up": { "uv": [ 0.96, 4.96, 3.04, 7.04 ], "texture": "#texture" },
				"north": { "uv": [ 0.96, 4.96, 3.04, 7.04 ], "texture": "#texture" },
				"south": { "uv": [ 0.96, 4.96, 3.04, 7.04 ], "texture": "#texture" },
				"west": { "uv": [ 0.96, 4.96, 3.04, 7.04 ], "texture": "#texture" },
				"east": { "uv": [ 0.96, 4.96, 3.04, 7.04 ], "texture": "#texture" }
			}
		},
		{
			"__comment": "Voxels-F05A46",
			"from": [ -2.5, 12.5, -4 ],
			"to": [ 12, 13, -3.5 ],
			"faces": {
				"down": { "uv": [ 0.96, 4.96, 3.04, 7.04 ], "texture": "#texture" },
				"up": { "uv": [ 0.96, 4.96, 3.04, 7.04 ], "texture": "#texture" },
				"north": { "uv": [ 0.96, 4.96, 3.04, 7.04 ], "texture": "#texture" },
				"south": { "uv": [ 0.96, 4.96, 3.04, 7.04 ], "texture": "#texture" },
				"west": { "uv": [ 0.96, 4.96, 3.04, 7.04 ], "texture": "#texture" },
				"east": { "uv": [ 0.96, 4.96, 3.04, 7.04 ], "texture": "#texture" }
			}
		},
		{
			"__comment": "Voxels-F05A46",
			"from": [ -2.5, 12.5, -3 ],
			"to": [ -2, 13, -2.5 ],
			"faces": {
				"down": { "uv": [ 0.96, 4.96, 3.04, 7.04 ], "texture": "#texture" },
				"up": { "uv": [ 0.96, 4.96, 3.04, 7.04 ], "texture": "#texture" },
				"north": { "uv": [ 0.96, 4.96, 3.04, 7.04 ], "texture": "#texture" },
				"south": { "uv": [ 0.96, 4.96, 3.04, 7.04 ], "texture": "#texture" },
				"west": { "uv": [ 0.96, 4.96, 3.04, 7.04 ], "texture": "#texture" },
				"east": { "uv": [ 0.96, 4.96, 3.04, 7.04 ], "texture": "#texture" }
			}
		},
		{
			"__comment": "Voxels-F05A46",
			"from": [ -2.5, 12.5, -2 ],
			"to": [ -2, 13, -1.5 ],
			"faces": {
				"down": { "uv": [ 0.96, 4.96, 3.04, 7.04 ], "texture": "#texture" },
				"up": { "uv": [ 0.96, 4.96, 3.04, 7.04 ], "texture": "#texture" },
				"north": { "uv": [ 0.96, 4.96, 3.04, 7.04 ], "texture": "#texture" },
				"south": { "uv": [ 0.96, 4.96, 3.04, 7.04 ], "texture": "#texture" },
				"west": { "uv": [ 0.96, 4.96, 3.04, 7.04 ], "texture": "#texture" },
				"east": { "uv": [ 0.96, 4.96, 3.04, 7.04 ], "texture": "#texture" }
			}
		},
		{
			"__comment": "Voxels-F05A46",
			"from": [ -2.5, 12.5, -1 ],
			"to": [ -2, 13, -0.5 ],
			"faces": {
				"down": { "uv": [ 0.96, 4.96, 3.04, 7.04 ], "texture": "#texture" },
				"up": { "uv": [ 0.96, 4.96, 3.04, 7.04 ], "texture": "#texture" },
				"north": { "uv": [ 0.96, 4.96, 3.04, 7.04 ], "texture": "#texture" },
				"south": { "uv": [ 0.96, 4.96, 3.04, 7.04 ], "texture": "#texture" },
				"west": { "uv": [ 0.96, 4.96, 3.04, 7.04 ], "texture": "#texture" },
				"east": { "uv": [ 0.96, 4.96, 3.04, 7.04 ], "texture": "#texture" }
			}
		},
		{
			"__comment": "Voxels-F05A46",
			"from": [ -2.5, 12.5, 0 ],
			"to": [ -2, 13, 0.5 ],
			"faces": {
				"down": { "uv": [ 0.96, 4.96, 3.04, 7.04 ], "texture": "#texture" },
				"up": { "uv": [ 0.96, 4.96, 3.04, 7.04 ], "texture": "#texture" },
				"north": { "uv": [ 0.96, 4.96, 3.04, 7.04 ], "texture": "#texture" },
				"south": { "uv": [ 0.96, 4.96, 3.04, 7.04 ], "texture": "#texture" },
				"west": { "uv": [ 0.96, 4.96, 3.04, 7.04 ], "texture": "#texture" },
				"east": { "uv": [ 0.96, 4.96, 3.04, 7.04 ], "texture": "#texture" }
			}
		},
		{
			"__comment": "Voxels-F05A46",
			"from": [ -2.5, 12.5, 1 ],
			"to": [ -2, 13, 1.5 ],
			"faces": {
				"down": { "uv": [ 0.96, 4.96, 3.04, 7.04 ], "texture": "#texture" },
				"up": { "uv": [ 0.96, 4.96, 3.04, 7.04 ], "texture": "#texture" },
				"north": { "uv": [ 0.96, 4.96, 3.04, 7.04 ], "texture": "#texture" },
				"south": { "uv": [ 0.96, 4.96, 3.04, 7.04 ], "texture": "#texture" },
				"west": { "uv": [ 0.96, 4.96, 3.04, 7.04 ], "texture": "#texture" },
				"east": { "uv": [ 0.96, 4.96, 3.04, 7.04 ], "texture": "#texture" }
			}
		},
		{
			"__comment": "Voxels-F05A46",
			"from": [ -2.5, 12.5, 2 ],
			"to": [ -2, 13, 2.5 ],
			"faces": {
				"down": { "uv": [ 0.96, 4.96, 3.04, 7.04 ], "texture": "#texture" },
				"up": { "uv": [ 0.96, 4.96, 3.04, 7.04 ], "texture": "#texture" },
				"north": { "uv": [ 0.96, 4.96, 3.04, 7.04 ], "texture": "#texture" },
				"south": { "uv": [ 0.96, 4.96, 3.04, 7.04 ], "texture": "#texture" },
				"west": { "uv": [ 0.96, 4.96, 3.04, 7.04 ], "texture": "#texture" },
				"east": { "uv": [ 0.96, 4.96, 3.04, 7.04 ], "texture": "#texture" }
			}
		},
		{
			"__comment": "Voxels-F05A46",
			"from": [ -2.5, 12.5, 3 ],
			"to": [ -2, 13, 3.5 ],
			"faces": {
				"down": { "uv": [ 0.96, 4.96, 3.04, 7.04 ], "texture": "#texture" },
				"up": { "uv": [ 0.96, 4.96, 3.04, 7.04 ], "texture": "#texture" },
				"north": { "uv": [ 0.96, 4.96, 3.04, 7.04 ], "texture": "#texture" },
				"south": { "uv": [ 0.96, 4.96, 3.04, 7.04 ], "texture": "#texture" },
				"west": { "uv": [ 0.96, 4.96, 3.04, 7.04 ], "texture": "#texture" },
				"east": { "uv": [ 0.96, 4.96, 3.04, 7.04 ], "texture": "#texture" }
			}
		},
		{
			"__comment": "Voxels-F05A46",
			"from": [ -2.5, 12.5, 4 ],
			"to": [ -2, 13, 4.5 ],
			"faces": {
				"down": { "uv": [ 0.96, 4.96, 3.04, 7.04 ], "texture": "#texture" },
				"up": { "uv": [ 0.96, 4.96, 3.04, 7.04 ], "texture": "#texture" },
				"north": { "uv": [ 0.96, 4.96, 3.04, 7.04 ], "texture": "#texture" },
				"south": { "uv": [ 0.96, 4.96, 3.04, 7.04 ], "texture": "#texture" },
				"west": { "uv": [ 0.96, 4.96, 3.04, 7.04 ], "texture": "#texture" },
				"east": { "uv": [ 0.96, 4.96, 3.04, 7.04 ], "texture": "#texture" }
			}
		},
		{
			"__comment": "Voxels-F05A46",
			"from": [ -2.5, 12.5, 5 ],
			"to": [ -2, 13, 5.5 ],
			"faces": {
				"down": { "uv": [ 0.96, 4.96, 3.04, 7.04 ], "texture": "#texture" },
				"up": { "uv": [ 0.96, 4.96, 3.04, 7.04 ], "texture": "#texture" },
				"north": { "uv": [ 0.96, 4.96, 3.04, 7.04 ], "texture": "#texture" },
				"south": { "uv": [ 0.96, 4.96, 3.04, 7.04 ], "texture": "#texture" },
				"west": { "uv": [ 0.96, 4.96, 3.04, 7.04 ], "texture": "#texture" },
				"east": { "uv": [ 0.96, 4.96, 3.04, 7.04 ], "texture": "#texture" }
			}
		},
		{
			"__comment": "Voxels-F05A46",
			"from": [ -2.5, 12.5, 6 ],
			"to": [ -2, 13, 6.5 ],
			"faces": {
				"down": { "uv": [ 0.96, 4.96, 3.04, 7.04 ], "texture": "#texture" },
				"up": { "uv": [ 0.96, 4.96, 3.04, 7.04 ], "texture": "#texture" },
				"north": { "uv": [ 0.96, 4.96, 3.04, 7.04 ], "texture": "#texture" },
				"south": { "uv": [ 0.96, 4.96, 3.04, 7.04 ], "texture": "#texture" },
				"west": { "uv": [ 0.96, 4.96, 3.04, 7.04 ], "texture": "#texture" },
				"east": { "uv": [ 0.96, 4.96, 3.04, 7.04 ], "texture": "#texture" }
			}
		},
		{
			"__comment": "Voxels-F05A46",
			"from": [ -2.5, 12.5, 7 ],
			"to": [ -2, 13, 7.5 ],
			"faces": {
				"down": { "uv": [ 0.96, 4.96, 3.04, 7.04 ], "texture": "#texture" },
				"up": { "uv": [ 0.96, 4.96, 3.04, 7.04 ], "texture": "#texture" },
				"north": { "uv": [ 0.96, 4.96, 3.04, 7.04 ], "texture": "#texture" },
				"south": { "uv": [ 0.96, 4.96, 3.04, 7.04 ], "texture": "#texture" },
				"west": { "uv": [ 0.96, 4.96, 3.04, 7.04 ], "texture": "#texture" },
				"east": { "uv": [ 0.96, 4.96, 3.04, 7.04 ], "texture": "#texture" }
			}
		},
		{
			"__comment": "Voxels-F05A46",
			"from": [ -2.5, 12.5, 8 ],
			"to": [ -2, 13, 8.5 ],
			"faces": {
				"down": { "uv": [ 0.96, 4.96, 3.04, 7.04 ], "texture": "#texture" },
				"up": { "uv": [ 0.96, 4.96, 3.04, 7.04 ], "texture": "#texture" },
				"north": { "uv": [ 0.96, 4.96, 3.04, 7.04 ], "texture": "#texture" },
				"south": { "uv": [ 0.96, 4.96, 3.04, 7.04 ], "texture": "#texture" },
				"west": { "uv": [ 0.96, 4.96, 3.04, 7.04 ], "texture": "#texture" },
				"east": { "uv": [ 0.96, 4.96, 3.04, 7.04 ], "texture": "#texture" }
			}
		},
		{
			"__comment": "Voxels-F05A46",
			"from": [ -2.5, 12.5, 9 ],
			"to": [ -2, 13, 9.5 ],
			"faces": {
				"down": { "uv": [ 0.96, 4.96, 3.04, 7.04 ], "texture": "#texture" },
				"up": { "uv": [ 0.96, 4.96, 3.04, 7.04 ], "texture": "#texture" },
				"north": { "uv": [ 0.96, 4.96, 3.04, 7.04 ], "texture": "#texture" },
				"south": { "uv": [ 0.96, 4.96, 3.04, 7.04 ], "texture": "#texture" },
				"west": { "uv": [ 0.96, 4.96, 3.04, 7.04 ], "texture": "#texture" },
				"east": { "uv": [ 0.96, 4.96, 3.04, 7.04 ], "texture": "#texture" }
			}
		},
		{
			"__comment": "Voxels-F05A46",
			"from": [ -2.5, 12.5, 10 ],
			"to": [ -2, 13, 10.5 ],
			"faces": {
				"down": { "uv": [ 0.96, 4.96, 3.04, 7.04 ], "texture": "#texture" },
				"up": { "uv": [ 0.96, 4.96, 3.04, 7.04 ], "texture": "#texture" },
				"north": { "uv": [ 0.96, 4.96, 3.04, 7.04 ], "texture": "#texture" },
				"south": { "uv": [ 0.96, 4.96, 3.04, 7.04 ], "texture": "#texture" },
				"west": { "uv": [ 0.96, 4.96, 3.04, 7.04 ], "texture": "#texture" },
				"east": { "uv": [ 0.96, 4.96, 3.04, 7.04 ], "texture": "#texture" }
			}
		},
		{
			"__comment": "Voxels-F05A46",
			"from": [ -2.5, 12.5, 11 ],
			"to": [ -2, 13, 11.5 ],
			"faces": {
				"down": { "uv": [ 0.96, 4.96, 3.04, 7.04 ], "texture": "#texture" },
				"up": { "uv": [ 0.96, 4.96, 3.04, 7.04 ], "texture": "#texture" },
				"north": { "uv": [ 0.96, 4.96, 3.04, 7.04 ], "texture": "#texture" },
				"south": { "uv": [ 0.96, 4.96, 3.04, 7.04 ], "texture": "#texture" },
				"west": { "uv": [ 0.96, 4.96, 3.04, 7.04 ], "texture": "#texture" },
				"east": { "uv": [ 0.96, 4.96, 3.04, 7.04 ], "texture": "#texture" }
			}
		},
		{
			"__comment": "Voxels-F05A46",
			"from": [ -2.5, 12.5, 12 ],
			"to": [ -2, 13, 12.5 ],
			"faces": {
				"down": { "uv": [ 0.96, 4.96, 3.04, 7.04 ], "texture": "#texture" },
				"up": { "uv": [ 0.96, 4.96, 3.04, 7.04 ], "texture": "#texture" },
				"north": { "uv": [ 0.96, 4.96, 3.04, 7.04 ], "texture": "#texture" },
				"south": { "uv": [ 0.96, 4.96, 3.04, 7.04 ], "texture": "#texture" },
				"west": { "uv": [ 0.96, 4.96, 3.04, 7.04 ], "texture": "#texture" },
				"east": { "uv": [ 0.96, 4.96, 3.04, 7.04 ], "texture": "#texture" }
			}
		},
		{
			"__comment": "Voxels-F05A46",
			"from": [ -2.5, 12.5, 13 ],
			"to": [ -2, 13, 13.5 ],
			"faces": {
				"down": { "uv": [ 0.96, 4.96, 3.04, 7.04 ], "texture": "#texture" },
				"up": { "uv": [ 0.96, 4.96, 3.04, 7.04 ], "texture": "#texture" },
				"north": { "uv": [ 0.96, 4.96, 3.04, 7.04 ], "texture": "#texture" },
				"south": { "uv": [ 0.96, 4.96, 3.04, 7.04 ], "texture": "#texture" },
				"west": { "uv": [ 0.96, 4.96, 3.04, 7.04 ], "texture": "#texture" },
				"east": { "uv": [ 0.96, 4.96, 3.04, 7.04 ], "texture": "#texture" }
			}
		},
		{
			"__comment": "Voxels-F05A46",
			"from": [ -2.5, 12.5, 14 ],
			"to": [ -2, 13, 14.5 ],
			"faces": {
				"down": { "uv": [ 0.96, 4.96, 3.04, 7.04 ], "texture": "#texture" },
				"up": { "uv": [ 0.96, 4.96, 3.04, 7.04 ], "texture": "#texture" },
				"north": { "uv": [ 0.96, 4.96, 3.04, 7.04 ], "texture": "#texture" },
				"south": { "uv": [ 0.96, 4.96, 3.04, 7.04 ], "texture": "#texture" },
				"west": { "uv": [ 0.96, 4.96, 3.04, 7.04 ], "texture": "#texture" },
				"east": { "uv": [ 0.96, 4.96, 3.04, 7.04 ], "texture": "#texture" }
			}
		},
		{
			"__comment": "Voxels-F05A46",
			"from": [ -2.5, 12.5, 15 ],
			"to": [ -2, 13, 15.5 ],
			"faces": {
				"down": { "uv": [ 0.96, 4.96, 3.04, 7.04 ], "texture": "#texture" },
				"up": { "uv": [ 0.96, 4.96, 3.04, 7.04 ], "texture": "#texture" },
				"north": { "uv": [ 0.96, 4.96, 3.04, 7.04 ], "texture": "#texture" },
				"south": { "uv": [ 0.96, 4.96, 3.04, 7.04 ], "texture": "#texture" },
				"west": { "uv": [ 0.96, 4.96, 3.04, 7.04 ], "texture": "#texture" },
				"east": { "uv": [ 0.96, 4.96, 3.04, 7.04 ], "texture": "#texture" }
			}
		},
		{
			"__comment": "Voxels-F05A46",
			"from": [ -2.5, 12.5, 16 ],
			"to": [ -2, 13, 16.5 ],
			"faces": {
				"down": { "uv": [ 0.96, 4.96, 3.04, 7.04 ], "texture": "#texture" },
				"up": { "uv": [ 0.96, 4.96, 3.04, 7.04 ], "texture": "#texture" },
				"north": { "uv": [ 0.96, 4.96, 3.04, 7.04 ], "texture": "#texture" },
				"south": { "uv": [ 0.96, 4.96, 3.04, 7.04 ], "texture": "#texture" },
				"west": { "uv": [ 0.96, 4.96, 3.04, 7.04 ], "texture": "#texture" },
				"east": { "uv": [ 0.96, 4.96, 3.04, 7.04 ], "texture": "#texture" }
			}
		},
		{
			"__comment": "Voxels-F05A46",
			"from": [ -2.5, 12.5, 17 ],
			"to": [ -2, 13, 17.5 ],
			"faces": {
				"down": { "uv": [ 0.96, 4.96, 3.04, 7.04 ], "texture": "#texture" },
				"up": { "uv": [ 0.96, 4.96, 3.04, 7.04 ], "texture": "#texture" },
				"north": { "uv": [ 0.96, 4.96, 3.04, 7.04 ], "texture": "#texture" },
				"south": { "uv": [ 0.96, 4.96, 3.04, 7.04 ], "texture": "#texture" },
				"west": { "uv": [ 0.96, 4.96, 3.04, 7.04 ], "texture": "#texture" },
				"east": { "uv": [ 0.96, 4.96, 3.04, 7.04 ], "texture": "#texture" }
			}
		},
		{
			"__comment": "Voxels-F05A46",
			"from": [ -2.5, 12.5, 18 ],
			"to": [ -2, 13, 18.5 ],
			"faces": {
				"down": { "uv": [ 0.96, 4.96, 3.04, 7.04 ], "texture": "#texture" },
				"up": { "uv": [ 0.96, 4.96, 3.04, 7.04 ], "texture": "#texture" },
				"north": { "uv": [ 0.96, 4.96, 3.04, 7.04 ], "texture": "#texture" },
				"south": { "uv": [ 0.96, 4.96, 3.04, 7.04 ], "texture": "#texture" },
				"west": { "uv": [ 0.96, 4.96, 3.04, 7.04 ], "texture": "#texture" },
				"east": { "uv": [ 0.96, 4.96, 3.04, 7.04 ], "texture": "#texture" }
			}
		},
		{
			"__comment": "Voxels-F05A46",
			"from": [ -2.5, 12.5, 19 ],
			"to": [ 12, 13, 19.5 ],
			"faces": {
				"down": { "uv": [ 0.96, 4.96, 3.04, 7.04 ], "texture": "#texture" },
				"up": { "uv": [ 0.96, 4.96, 3.04, 7.04 ], "texture": "#texture" },
				"north": { "uv": [ 0.96, 4.96, 3.04, 7.04 ], "texture": "#texture" },
				"south": { "uv": [ 0.96, 4.96, 3.04, 7.04 ], "texture": "#texture" },
				"west": { "uv": [ 0.96, 4.96, 3.04, 7.04 ], "texture": "#texture" },
				"east": { "uv": [ 0.96, 4.96, 3.04, 7.04 ], "texture": "#texture" }
			}
		},
		{
			"__comment": "Voxels-F05A46",
			"from": [ -2.5, 17, -4.5 ],
			"to": [ 12, 17.5, -3.5 ],
			"faces": {
				"down": { "uv": [ 0.96, 4.96, 3.04, 7.04 ], "texture": "#texture" },
				"up": { "uv": [ 0.96, 4.96, 3.04, 7.04 ], "texture": "#texture" },
				"north": { "uv": [ 0.96, 4.96, 3.04, 7.04 ], "texture": "#texture" },
				"south": { "uv": [ 0.96, 4.96, 3.04, 7.04 ], "texture": "#texture" },
				"west": { "uv": [ 0.96, 4.96, 3.04, 7.04 ], "texture": "#texture" },
				"east": { "uv": [ 0.96, 4.96, 3.04, 7.04 ], "texture": "#texture" }
			}
		},
		{
			"__comment": "Voxels-F05A46",
			"from": [ -2.5, 17, -3 ],
			"to": [ -2, 17.5, 18.5 ],
			"faces": {
				"down": { "uv": [ 0.96, 4.96, 3.04, 7.04 ], "texture": "#texture" },
				"up": { "uv": [ 0.96, 4.96, 3.04, 7.04 ], "texture": "#texture" },
				"north": { "uv": [ 0.96, 4.96, 3.04, 7.04 ], "texture": "#texture" },
				"south": { "uv": [ 0.96, 4.96, 3.04, 7.04 ], "texture": "#texture" },
				"west": { "uv": [ 0.96, 4.96, 3.04, 7.04 ], "texture": "#texture" },
				"east": { "uv": [ 0.96, 4.96, 3.04, 7.04 ], "texture": "#texture" }
			}
		},
		{
			"__comment": "Voxels-F05A46",
			"from": [ -2.5, 17, 19 ],
			"to": [ 12, 17.5, 20 ],
			"faces": {
				"down": { "uv": [ 0.96, 4.96, 3.04, 7.04 ], "texture": "#texture" },
				"up": { "uv": [ 0.96, 4.96, 3.04, 7.04 ], "texture": "#texture" },
				"north": { "uv": [ 0.96, 4.96, 3.04, 7.04 ], "texture": "#texture" },
				"south": { "uv": [ 0.96, 4.96, 3.04, 7.04 ], "texture": "#texture" },
				"west": { "uv": [ 0.96, 4.96, 3.04, 7.04 ], "texture": "#texture" },
				"east": { "uv": [ 0.96, 4.96, 3.04, 7.04 ], "texture": "#texture" }
			}
		},
		{
			"__comment": "Voxels-F05A46",
			"from": [ -2, 5, 18.5 ],
			"to": [ 12, 7.5, 19.5 ],
			"faces": {
				"down": { "uv": [ 0.96, 4.96, 3.04, 7.04 ], "texture": "#texture" },
				"up": { "uv": [ 0.96, 4.96, 3.04, 7.04 ], "texture": "#texture" },
				"north": { "uv": [ 0.96, 4.96, 3.04, 7.04 ], "texture": "#texture" },
				"south": { "uv": [ 0.96, 4.96, 3.04, 7.04 ], "texture": "#texture" },
				"west": { "uv": [ 0.96, 4.96, 3.04, 7.04 ], "texture": "#texture" },
				"east": { "uv": [ 0.96, 4.96, 3.04, 7.04 ], "texture": "#texture" }
			}
		},
		{
			"__comment": "Voxels-F05A46",
			"from": [ -2, 5.5, -3 ],
			"to": [ -1.5, 7.5, 18.5 ],
			"faces": {
				"down": { "uv": [ 0.96, 4.96, 3.04, 7.04 ], "texture": "#texture" },
				"up": { "uv": [ 0.96, 4.96, 3.04, 7.04 ], "texture": "#texture" },
				"north": { "uv": [ 0.96, 4.96, 3.04, 7.04 ], "texture": "#texture" },
				"south": { "uv": [ 0.96, 4.96, 3.04, 7.04 ], "texture": "#texture" },
				"west": { "uv": [ 0.96, 4.96, 3.04, 7.04 ], "texture": "#texture" },
				"east": { "uv": [ 0.96, 4.96, 3.04, 7.04 ], "texture": "#texture" }
			}
		},
		{
			"__comment": "Voxels-F05A46",
			"from": [ -2, 11.5, -4 ],
			"to": [ 12, 12, -3.5 ],
			"faces": {
				"down": { "uv": [ 0.96, 4.96, 3.04, 7.04 ], "texture": "#texture" },
				"up": { "uv": [ 0.96, 4.96, 3.04, 7.04 ], "texture": "#texture" },
				"north": { "uv": [ 0.96, 4.96, 3.04, 7.04 ], "texture": "#texture" },
				"south": { "uv": [ 0.96, 4.96, 3.04, 7.04 ], "texture": "#texture" },
				"west": { "uv": [ 0.96, 4.96, 3.04, 7.04 ], "texture": "#texture" },
				"east": { "uv": [ 0.96, 4.96, 3.04, 7.04 ], "texture": "#texture" }
			}
		},
		{
			"__comment": "Voxels-F05A46",
			"from": [ -2, 11.5, 19 ],
			"to": [ 12, 12, 19.5 ],
			"faces": {
				"down": { "uv": [ 0.96, 4.96, 3.04, 7.04 ], "texture": "#texture" },
				"up": { "uv": [ 0.96, 4.96, 3.04, 7.04 ], "texture": "#texture" },
				"north": { "uv": [ 0.96, 4.96, 3.04, 7.04 ], "texture": "#texture" },
				"south": { "uv": [ 0.96, 4.96, 3.04, 7.04 ], "texture": "#texture" },
				"west": { "uv": [ 0.96, 4.96, 3.04, 7.04 ], "texture": "#texture" },
				"east": { "uv": [ 0.96, 4.96, 3.04, 7.04 ], "texture": "#texture" }
			}
		},
		{
			"__comment": "Voxels-F05A46",
			"from": [ -2, 17, 18.5 ],
			"to": [ -1.5, 17.5, 19 ],
			"faces": {
				"down": { "uv": [ 0.96, 4.96, 3.04, 7.04 ], "texture": "#texture" },
				"up": { "uv": [ 0.96, 4.96, 3.04, 7.04 ], "texture": "#texture" },
				"north": { "uv": [ 0.96, 4.96, 3.04, 7.04 ], "texture": "#texture" },
				"south": { "uv": [ 0.96, 4.96, 3.04, 7.04 ], "texture": "#texture" },
				"west": { "uv": [ 0.96, 4.96, 3.04, 7.04 ], "texture": "#texture" },
				"east": { "uv": [ 0.96, 4.96, 3.04, 7.04 ], "texture": "#texture" }
			}
		},
		{
			"__comment": "Voxels-393335",
			"from": [ -1.5, 5, -3 ],
			"to": [ 11, 6, 18.5 ],
			"faces": {
				"down": { "uv": [ 4.96, 4.96, 7.04, 7.04 ], "texture": "#texture" },
				"up": { "uv": [ 4.96, 4.96, 7.04, 7.04 ], "texture": "#texture" },
				"north": { "uv": [ 4.96, 4.96, 7.04, 7.04 ], "texture": "#texture" },
				"south": { "uv": [ 4.96, 4.96, 7.04, 7.04 ], "texture": "#texture" },
				"west": { "uv": [ 4.96, 4.96, 7.04, 7.04 ], "texture": "#texture" },
				"east": { "uv": [ 4.96, 4.96, 7.04, 7.04 ], "texture": "#texture" }
			}
		},
		{
			"__comment": "Voxels-F05A46",
			"from": [ 11, 5, -3 ],
			"to": [ 12, 7.5, 18.5 ],
			"faces": {
				"down": { "uv": [ 0.96, 4.96, 3.04, 7.04 ], "texture": "#texture" },
				"up": { "uv": [ 0.96, 4.96, 3.04, 7.04 ], "texture": "#texture" },
				"north": { "uv": [ 0.96, 4.96, 3.04, 7.04 ], "texture": "#texture" },
				"south": { "uv": [ 0.96, 4.96, 3.04, 7.04 ], "texture": "#texture" },
				"west": { "uv": [ 0.96, 4.96, 3.04, 7.04 ], "texture": "#texture" },
				"east": { "uv": [ 0.96, 4.96, 3.04, 7.04 ], "texture": "#texture" }
			}
		},
		{
			"__comment": "Voxels-F05A46",
			"from": [ 11.5, 7.5, -4 ],
			"to": [ 12, 11.5, -3.5 ],
			"faces": {
				"down": { "uv": [ 0.96, 4.96, 3.04, 7.04 ], "texture": "#texture" },
				"up": { "uv": [ 0.96, 4.96, 3.04, 7.04 ], "texture": "#texture" },
				"north": { "uv": [ 0.96, 4.96, 3.04, 7.04 ], "texture": "#texture" },
				"south": { "uv": [ 0.96, 4.96, 3.04, 7.04 ], "texture": "#texture" },
				"west": { "uv": [ 0.96, 4.96, 3.04, 7.04 ], "texture": "#texture" },
				"east": { "uv": [ 0.96, 4.96, 3.04, 7.04 ], "texture": "#texture" }
			}
		},
		{
			"__comment": "Voxels-F05A46",
			"from": [ 11.5, 7.5, 19 ],
			"to": [ 12, 11.5, 19.5 ],
			"faces": {
				"down": { "uv": [ 0.96, 4.96, 3.04, 7.04 ], "texture": "#texture" },
				"up": { "uv": [ 0.96, 4.96, 3.04, 7.04 ], "texture": "#texture" },
				"north": { "uv": [ 0.96, 4.96, 3.04, 7.04 ], "texture": "#texture" },
				"south": { "uv": [ 0.96, 4.96, 3.04, 7.04 ], "texture": "#texture" },
				"west": { "uv": [ 0.96, 4.96, 3.04, 7.04 ], "texture": "#texture" },
				"east": { "uv": [ 0.96, 4.96, 3.04, 7.04 ], "texture": "#texture" }
			}
		},
		{
			"__comment": "Voxels-F05A46",
			"from": [ 11.5, 11.5, -3.5 ],
			"to": [ 12, 17.5, -3 ],
			"faces": {
				"down": { "uv": [ 0.96, 4.96, 3.04, 7.04 ], "texture": "#texture" },
				"up": { "uv": [ 0.96, 4.96, 3.04, 7.04 ], "texture": "#texture" },
				"north": { "uv": [ 0.96, 4.96, 3.04, 7.04 ], "texture": "#texture" },
				"south": { "uv": [ 0.96, 4.96, 3.04, 7.04 ], "texture": "#texture" },
				"west": { "uv": [ 0.96, 4.96, 3.04, 7.04 ], "texture": "#texture" },
				"east": { "uv": [ 0.96, 4.96, 3.04, 7.04 ], "texture": "#texture" }
			}
		},
		{
			"__comment": "Voxels-F05A46",
			"from": [ 11.5, 11.5, -3 ],
			"to": [ 12, 12, 19 ],
			"faces": {
				"down": { "uv": [ 0.96, 4.96, 3.04, 7.04 ], "texture": "#texture" },
				"up": { "uv": [ 0.96, 4.96, 3.04, 7.04 ], "texture": "#texture" },
				"north": { "uv": [ 0.96, 4.96, 3.04, 7.04 ], "texture": "#texture" },
				"south": { "uv": [ 0.96, 4.96, 3.04, 7.04 ], "texture": "#texture" },
				"west": { "uv": [ 0.96, 4.96, 3.04, 7.04 ], "texture": "#texture" },
				"east": { "uv": [ 0.96, 4.96, 3.04, 7.04 ], "texture": "#texture" }
			}
		},
		{
			"__comment": "Voxels-F05A46",
			"from": [ 11.5, 12, -2.5 ],
			"to": [ 12, 13, -2 ],
			"faces": {
				"down": { "uv": [ 0.96, 4.96, 3.04, 7.04 ], "texture": "#texture" },
				"up": { "uv": [ 0.96, 4.96, 3.04, 7.04 ], "texture": "#texture" },
				"north": { "uv": [ 0.96, 4.96, 3.04, 7.04 ], "texture": "#texture" },
				"south": { "uv": [ 0.96, 4.96, 3.04, 7.04 ], "texture": "#texture" },
				"west": { "uv": [ 0.96, 4.96, 3.04, 7.04 ], "texture": "#texture" },
				"east": { "uv": [ 0.96, 4.96, 3.04, 7.04 ], "texture": "#texture" }
			}
		},
		{
			"__comment": "Voxels-F05A46",
			"from": [ 11.5, 12, -1.5 ],
			"to": [ 12, 13, -1 ],
			"faces": {
				"down": { "uv": [ 0.96, 4.96, 3.04, 7.04 ], "texture": "#texture" },
				"up": { "uv": [ 0.96, 4.96, 3.04, 7.04 ], "texture": "#texture" },
				"north": { "uv": [ 0.96, 4.96, 3.04, 7.04 ], "texture": "#texture" },
				"south": { "uv": [ 0.96, 4.96, 3.04, 7.04 ], "texture": "#texture" },
				"west": { "uv": [ 0.96, 4.96, 3.04, 7.04 ], "texture": "#texture" },
				"east": { "uv": [ 0.96, 4.96, 3.04, 7.04 ], "texture": "#texture" }
			}
		},
		{
			"__comment": "Voxels-F05A46",
			"from": [ 11.5, 12, -0.5 ],
			"to": [ 12, 13, 0 ],
			"faces": {
				"down": { "uv": [ 0.96, 4.96, 3.04, 7.04 ], "texture": "#texture" },
				"up": { "uv": [ 0.96, 4.96, 3.04, 7.04 ], "texture": "#texture" },
				"north": { "uv": [ 0.96, 4.96, 3.04, 7.04 ], "texture": "#texture" },
				"south": { "uv": [ 0.96, 4.96, 3.04, 7.04 ], "texture": "#texture" },
				"west": { "uv": [ 0.96, 4.96, 3.04, 7.04 ], "texture": "#texture" },
				"east": { "uv": [ 0.96, 4.96, 3.04, 7.04 ], "texture": "#texture" }
			}
		},
		{
			"__comment": "Voxels-F05A46",
			"from": [ 11.5, 12, 0.5 ],
			"to": [ 12, 13, 1 ],
			"faces": {
				"down": { "uv": [ 0.96, 4.96, 3.04, 7.04 ], "texture": "#texture" },
				"up": { "uv": [ 0.96, 4.96, 3.04, 7.04 ], "texture": "#texture" },
				"north": { "uv": [ 0.96, 4.96, 3.04, 7.04 ], "texture": "#texture" },
				"south": { "uv": [ 0.96, 4.96, 3.04, 7.04 ], "texture": "#texture" },
				"west": { "uv": [ 0.96, 4.96, 3.04, 7.04 ], "texture": "#texture" },
				"east": { "uv": [ 0.96, 4.96, 3.04, 7.04 ], "texture": "#texture" }
			}
		},
		{
			"__comment": "Voxels-F05A46",
			"from": [ 11.5, 12, 1.5 ],
			"to": [ 12, 13, 2 ],
			"faces": {
				"down": { "uv": [ 0.96, 4.96, 3.04, 7.04 ], "texture": "#texture" },
				"up": { "uv": [ 0.96, 4.96, 3.04, 7.04 ], "texture": "#texture" },
				"north": { "uv": [ 0.96, 4.96, 3.04, 7.04 ], "texture": "#texture" },
				"south": { "uv": [ 0.96, 4.96, 3.04, 7.04 ], "texture": "#texture" },
				"west": { "uv": [ 0.96, 4.96, 3.04, 7.04 ], "texture": "#texture" },
				"east": { "uv": [ 0.96, 4.96, 3.04, 7.04 ], "texture": "#texture" }
			}
		},
		{
			"__comment": "Voxels-F05A46",
			"from": [ 11.5, 12, 2.5 ],
			"to": [ 12, 13, 3 ],
			"faces": {
				"down": { "uv": [ 0.96, 4.96, 3.04, 7.04 ], "texture": "#texture" },
				"up": { "uv": [ 0.96, 4.96, 3.04, 7.04 ], "texture": "#texture" },
				"north": { "uv": [ 0.96, 4.96, 3.04, 7.04 ], "texture": "#texture" },
				"south": { "uv": [ 0.96, 4.96, 3.04, 7.04 ], "texture": "#texture" },
				"west": { "uv": [ 0.96, 4.96, 3.04, 7.04 ], "texture": "#texture" },
				"east": { "uv": [ 0.96, 4.96, 3.04, 7.04 ], "texture": "#texture" }
			}
		},
		{
			"__comment": "Voxels-F05A46",
			"from": [ 11.5, 12, 3.5 ],
			"to": [ 12, 13, 4 ],
			"faces": {
				"down": { "uv": [ 0.96, 4.96, 3.04, 7.04 ], "texture": "#texture" },
				"up": { "uv": [ 0.96, 4.96, 3.04, 7.04 ], "texture": "#texture" },
				"north": { "uv": [ 0.96, 4.96, 3.04, 7.04 ], "texture": "#texture" },
				"south": { "uv": [ 0.96, 4.96, 3.04, 7.04 ], "texture": "#texture" },
				"west": { "uv": [ 0.96, 4.96, 3.04, 7.04 ], "texture": "#texture" },
				"east": { "uv": [ 0.96, 4.96, 3.04, 7.04 ], "texture": "#texture" }
			}
		},
		{
			"__comment": "Voxels-F05A46",
			"from": [ 11.5, 12, 4.5 ],
			"to": [ 12, 13, 5 ],
			"faces": {
				"down": { "uv": [ 0.96, 4.96, 3.04, 7.04 ], "texture": "#texture" },
				"up": { "uv": [ 0.96, 4.96, 3.04, 7.04 ], "texture": "#texture" },
				"north": { "uv": [ 0.96, 4.96, 3.04, 7.04 ], "texture": "#texture" },
				"south": { "uv": [ 0.96, 4.96, 3.04, 7.04 ], "texture": "#texture" },
				"west": { "uv": [ 0.96, 4.96, 3.04, 7.04 ], "texture": "#texture" },
				"east": { "uv": [ 0.96, 4.96, 3.04, 7.04 ], "texture": "#texture" }
			}
		},
		{
			"__comment": "Voxels-F05A46",
			"from": [ 11.5, 12, 5.5 ],
			"to": [ 12, 13, 6 ],
			"faces": {
				"down": { "uv": [ 0.96, 4.96, 3.04, 7.04 ], "texture": "#texture" },
				"up": { "uv": [ 0.96, 4.96, 3.04, 7.04 ], "texture": "#texture" },
				"north": { "uv": [ 0.96, 4.96, 3.04, 7.04 ], "texture": "#texture" },
				"south": { "uv": [ 0.96, 4.96, 3.04, 7.04 ], "texture": "#texture" },
				"west": { "uv": [ 0.96, 4.96, 3.04, 7.04 ], "texture": "#texture" },
				"east": { "uv": [ 0.96, 4.96, 3.04, 7.04 ], "texture": "#texture" }
			}
		},
		{
			"__comment": "Voxels-F05A46",
			"from": [ 11.5, 12, 6.5 ],
			"to": [ 12, 13, 7 ],
			"faces": {
				"down": { "uv": [ 0.96, 4.96, 3.04, 7.04 ], "texture": "#texture" },
				"up": { "uv": [ 0.96, 4.96, 3.04, 7.04 ], "texture": "#texture" },
				"north": { "uv": [ 0.96, 4.96, 3.04, 7.04 ], "texture": "#texture" },
				"south": { "uv": [ 0.96, 4.96, 3.04, 7.04 ], "texture": "#texture" },
				"west": { "uv": [ 0.96, 4.96, 3.04, 7.04 ], "texture": "#texture" },
				"east": { "uv": [ 0.96, 4.96, 3.04, 7.04 ], "texture": "#texture" }
			}
		},
		{
			"__comment": "Voxels-F05A46",
			"from": [ 11.5, 12, 7.5 ],
			"to": [ 12, 13, 8 ],
			"faces": {
				"down": { "uv": [ 0.96, 4.96, 3.04, 7.04 ], "texture": "#texture" },
				"up": { "uv": [ 0.96, 4.96, 3.04, 7.04 ], "texture": "#texture" },
				"north": { "uv": [ 0.96, 4.96, 3.04, 7.04 ], "texture": "#texture" },
				"south": { "uv": [ 0.96, 4.96, 3.04, 7.04 ], "texture": "#texture" },
				"west": { "uv": [ 0.96, 4.96, 3.04, 7.04 ], "texture": "#texture" },
				"east": { "uv": [ 0.96, 4.96, 3.04, 7.04 ], "texture": "#texture" }
			}
		},
		{
			"__comment": "Voxels-F05A46",
			"from": [ 11.5, 12, 8.5 ],
			"to": [ 12, 13, 9 ],
			"faces": {
				"down": { "uv": [ 0.96, 4.96, 3.04, 7.04 ], "texture": "#texture" },
				"up": { "uv": [ 0.96, 4.96, 3.04, 7.04 ], "texture": "#texture" },
				"north": { "uv": [ 0.96, 4.96, 3.04, 7.04 ], "texture": "#texture" },
				"south": { "uv": [ 0.96, 4.96, 3.04, 7.04 ], "texture": "#texture" },
				"west": { "uv": [ 0.96, 4.96, 3.04, 7.04 ], "texture": "#texture" },
				"east": { "uv": [ 0.96, 4.96, 3.04, 7.04 ], "texture": "#texture" }
			}
		},
		{
			"__comment": "Voxels-F05A46",
			"from": [ 11.5, 12, 9.5 ],
			"to": [ 12, 13, 10 ],
			"faces": {
				"down": { "uv": [ 0.96, 4.96, 3.04, 7.04 ], "texture": "#texture" },
				"up": { "uv": [ 0.96, 4.96, 3.04, 7.04 ], "texture": "#texture" },
				"north": { "uv": [ 0.96, 4.96, 3.04, 7.04 ], "texture": "#texture" },
				"south": { "uv": [ 0.96, 4.96, 3.04, 7.04 ], "texture": "#texture" },
				"west": { "uv": [ 0.96, 4.96, 3.04, 7.04 ], "texture": "#texture" },
				"east": { "uv": [ 0.96, 4.96, 3.04, 7.04 ], "texture": "#texture" }
			}
		},
		{
			"__comment": "Voxels-F05A46",
			"from": [ 11.5, 12, 10.5 ],
			"to": [ 12, 13, 11 ],
			"faces": {
				"down": { "uv": [ 0.96, 4.96, 3.04, 7.04 ], "texture": "#texture" },
				"up": { "uv": [ 0.96, 4.96, 3.04, 7.04 ], "texture": "#texture" },
				"north": { "uv": [ 0.96, 4.96, 3.04, 7.04 ], "texture": "#texture" },
				"south": { "uv": [ 0.96, 4.96, 3.04, 7.04 ], "texture": "#texture" },
				"west": { "uv": [ 0.96, 4.96, 3.04, 7.04 ], "texture": "#texture" },
				"east": { "uv": [ 0.96, 4.96, 3.04, 7.04 ], "texture": "#texture" }
			}
		},
		{
			"__comment": "Voxels-F05A46",
			"from": [ 11.5, 12, 11.5 ],
			"to": [ 12, 13, 12 ],
			"faces": {
				"down": { "uv": [ 0.96, 4.96, 3.04, 7.04 ], "texture": "#texture" },
				"up": { "uv": [ 0.96, 4.96, 3.04, 7.04 ], "texture": "#texture" },
				"north": { "uv": [ 0.96, 4.96, 3.04, 7.04 ], "texture": "#texture" },
				"south": { "uv": [ 0.96, 4.96, 3.04, 7.04 ], "texture": "#texture" },
				"west": { "uv": [ 0.96, 4.96, 3.04, 7.04 ], "texture": "#texture" },
				"east": { "uv": [ 0.96, 4.96, 3.04, 7.04 ], "texture": "#texture" }
			}
		},
		{
			"__comment": "Voxels-F05A46",
			"from": [ 11.5, 12, 12.5 ],
			"to": [ 12, 13, 13 ],
			"faces": {
				"down": { "uv": [ 0.96, 4.96, 3.04, 7.04 ], "texture": "#texture" },
				"up": { "uv": [ 0.96, 4.96, 3.04, 7.04 ], "texture": "#texture" },
				"north": { "uv": [ 0.96, 4.96, 3.04, 7.04 ], "texture": "#texture" },
				"south": { "uv": [ 0.96, 4.96, 3.04, 7.04 ], "texture": "#texture" },
				"west": { "uv": [ 0.96, 4.96, 3.04, 7.04 ], "texture": "#texture" },
				"east": { "uv": [ 0.96, 4.96, 3.04, 7.04 ], "texture": "#texture" }
			}
		},
		{
			"__comment": "Voxels-F05A46",
			"from": [ 11.5, 12, 13.5 ],
			"to": [ 12, 13, 14 ],
			"faces": {
				"down": { "uv": [ 0.96, 4.96, 3.04, 7.04 ], "texture": "#texture" },
				"up": { "uv": [ 0.96, 4.96, 3.04, 7.04 ], "texture": "#texture" },
				"north": { "uv": [ 0.96, 4.96, 3.04, 7.04 ], "texture": "#texture" },
				"south": { "uv": [ 0.96, 4.96, 3.04, 7.04 ], "texture": "#texture" },
				"west": { "uv": [ 0.96, 4.96, 3.04, 7.04 ], "texture": "#texture" },
				"east": { "uv": [ 0.96, 4.96, 3.04, 7.04 ], "texture": "#texture" }
			}
		},
		{
			"__comment": "Voxels-F05A46",
			"from": [ 11.5, 12, 14.5 ],
			"to": [ 12, 13, 15 ],
			"faces": {
				"down": { "uv": [ 0.96, 4.96, 3.04, 7.04 ], "texture": "#texture" },
				"up": { "uv": [ 0.96, 4.96, 3.04, 7.04 ], "texture": "#texture" },
				"north": { "uv": [ 0.96, 4.96, 3.04, 7.04 ], "texture": "#texture" },
				"south": { "uv": [ 0.96, 4.96, 3.04, 7.04 ], "texture": "#texture" },
				"west": { "uv": [ 0.96, 4.96, 3.04, 7.04 ], "texture": "#texture" },
				"east": { "uv": [ 0.96, 4.96, 3.04, 7.04 ], "texture": "#texture" }
			}
		},
		{
			"__comment": "Voxels-F05A46",
			"from": [ 11.5, 12, 15.5 ],
			"to": [ 12, 13, 16 ],
			"faces": {
				"down": { "uv": [ 0.96, 4.96, 3.04, 7.04 ], "texture": "#texture" },
				"up": { "uv": [ 0.96, 4.96, 3.04, 7.04 ], "texture": "#texture" },
				"north": { "uv": [ 0.96, 4.96, 3.04, 7.04 ], "texture": "#texture" },
				"south": { "uv": [ 0.96, 4.96, 3.04, 7.04 ], "texture": "#texture" },
				"west": { "uv": [ 0.96, 4.96, 3.04, 7.04 ], "texture": "#texture" },
				"east": { "uv": [ 0.96, 4.96, 3.04, 7.04 ], "texture": "#texture" }
			}
		},
		{
			"__comment": "Voxels-F05A46",
			"from": [ 11.5, 12, 16.5 ],
			"to": [ 12, 13, 17 ],
			"faces": {
				"down": { "uv": [ 0.96, 4.96, 3.04, 7.04 ], "texture": "#texture" },
				"up": { "uv": [ 0.96, 4.96, 3.04, 7.04 ], "texture": "#texture" },
				"north": { "uv": [ 0.96, 4.96, 3.04, 7.04 ], "texture": "#texture" },
				"south": { "uv": [ 0.96, 4.96, 3.04, 7.04 ], "texture": "#texture" },
				"west": { "uv": [ 0.96, 4.96, 3.04, 7.04 ], "texture": "#texture" },
				"east": { "uv": [ 0.96, 4.96, 3.04, 7.04 ], "texture": "#texture" }
			}
		},
		{
			"__comment": "Voxels-F05A46",
			"from": [ 11.5, 12, 17.5 ],
			"to": [ 12, 13, 18 ],
			"faces": {
				"down": { "uv": [ 0.96, 4.96, 3.04, 7.04 ], "texture": "#texture" },
				"up": { "uv": [ 0.96, 4.96, 3.04, 7.04 ], "texture": "#texture" },
				"north": { "uv": [ 0.96, 4.96, 3.04, 7.04 ], "texture": "#texture" },
				"south": { "uv": [ 0.96, 4.96, 3.04, 7.04 ], "texture": "#texture" },
				"west": { "uv": [ 0.96, 4.96, 3.04, 7.04 ], "texture": "#texture" },
				"east": { "uv": [ 0.96, 4.96, 3.04, 7.04 ], "texture": "#texture" }
			}
		},
		{
			"__comment": "Voxels-F05A46",
			"from": [ 11.5, 12, 18.5 ],
			"to": [ 12, 17.5, 19 ],
			"faces": {
				"down": { "uv": [ 0.96, 4.96, 3.04, 7.04 ], "texture": "#texture" },
				"up": { "uv": [ 0.96, 4.96, 3.04, 7.04 ], "texture": "#texture" },
				"north": { "uv": [ 0.96, 4.96, 3.04, 7.04 ], "texture": "#texture" },
				"south": { "uv": [ 0.96, 4.96, 3.04, 7.04 ], "texture": "#texture" },
				"west": { "uv": [ 0.96, 4.96, 3.04, 7.04 ], "texture": "#texture" },
				"east": { "uv": [ 0.96, 4.96, 3.04, 7.04 ], "texture": "#texture" }
			}
		},
		{
			"__comment": "Voxels-F05A46",
			"from": [ 11.5, 12.5, -3 ],
			"to": [ 12, 13, -2.5 ],
			"faces": {
				"down": { "uv": [ 0.96, 4.96, 3.04, 7.04 ], "texture": "#texture" },
				"up": { "uv": [ 0.96, 4.96, 3.04, 7.04 ], "texture": "#texture" },
				"north": { "uv": [ 0.96, 4.96, 3.04, 7.04 ], "texture": "#texture" },
				"south": { "uv": [ 0.96, 4.96, 3.04, 7.04 ], "texture": "#texture" },
				"west": { "uv": [ 0.96, 4.96, 3.04, 7.04 ], "texture": "#texture" },
				"east": { "uv": [ 0.96, 4.96, 3.04, 7.04 ], "texture": "#texture" }
			}
		},
		{
			"__comment": "Voxels-F05A46",
			"from": [ 11.5, 12.5, -2 ],
			"to": [ 12, 13, -1.5 ],
			"faces": {
				"down": { "uv": [ 0.96, 4.96, 3.04, 7.04 ], "texture": "#texture" },
				"up": { "uv": [ 0.96, 4.96, 3.04, 7.04 ], "texture": "#texture" },
				"north": { "uv": [ 0.96, 4.96, 3.04, 7.04 ], "texture": "#texture" },
				"south": { "uv": [ 0.96, 4.96, 3.04, 7.04 ], "texture": "#texture" },
				"west": { "uv": [ 0.96, 4.96, 3.04, 7.04 ], "texture": "#texture" },
				"east": { "uv": [ 0.96, 4.96, 3.04, 7.04 ], "texture": "#texture" }
			}
		},
		{
			"__comment": "Voxels-F05A46",
			"from": [ 11.5, 12.5, -1 ],
			"to": [ 12, 13, -0.5 ],
			"faces": {
				"down": { "uv": [ 0.96, 4.96, 3.04, 7.04 ], "texture": "#texture" },
				"up": { "uv": [ 0.96, 4.96, 3.04, 7.04 ], "texture": "#texture" },
				"north": { "uv": [ 0.96, 4.96, 3.04, 7.04 ], "texture": "#texture" },
				"south": { "uv": [ 0.96, 4.96, 3.04, 7.04 ], "texture": "#texture" },
				"west": { "uv": [ 0.96, 4.96, 3.04, 7.04 ], "texture": "#texture" },
				"east": { "uv": [ 0.96, 4.96, 3.04, 7.04 ], "texture": "#texture" }
			}
		},
		{
			"__comment": "Voxels-F05A46",
			"from": [ 11.5, 12.5, 0 ],
			"to": [ 12, 13, 0.5 ],
			"faces": {
				"down": { "uv": [ 0.96, 4.96, 3.04, 7.04 ], "texture": "#texture" },
				"up": { "uv": [ 0.96, 4.96, 3.04, 7.04 ], "texture": "#texture" },
				"north": { "uv": [ 0.96, 4.96, 3.04, 7.04 ], "texture": "#texture" },
				"south": { "uv": [ 0.96, 4.96, 3.04, 7.04 ], "texture": "#texture" },
				"west": { "uv": [ 0.96, 4.96, 3.04, 7.04 ], "texture": "#texture" },
				"east": { "uv": [ 0.96, 4.96, 3.04, 7.04 ], "texture": "#texture" }
			}
		},
		{
			"__comment": "Voxels-F05A46",
			"from": [ 11.5, 12.5, 1 ],
			"to": [ 12, 13, 1.5 ],
			"faces": {
				"down": { "uv": [ 0.96, 4.96, 3.04, 7.04 ], "texture": "#texture" },
				"up": { "uv": [ 0.96, 4.96, 3.04, 7.04 ], "texture": "#texture" },
				"north": { "uv": [ 0.96, 4.96, 3.04, 7.04 ], "texture": "#texture" },
				"south": { "uv": [ 0.96, 4.96, 3.04, 7.04 ], "texture": "#texture" },
				"west": { "uv": [ 0.96, 4.96, 3.04, 7.04 ], "texture": "#texture" },
				"east": { "uv": [ 0.96, 4.96, 3.04, 7.04 ], "texture": "#texture" }
			}
		},
		{
			"__comment": "Voxels-F05A46",
			"from": [ 11.5, 12.5, 2 ],
			"to": [ 12, 13, 2.5 ],
			"faces": {
				"down": { "uv": [ 0.96, 4.96, 3.04, 7.04 ], "texture": "#texture" },
				"up": { "uv": [ 0.96, 4.96, 3.04, 7.04 ], "texture": "#texture" },
				"north": { "uv": [ 0.96, 4.96, 3.04, 7.04 ], "texture": "#texture" },
				"south": { "uv": [ 0.96, 4.96, 3.04, 7.04 ], "texture": "#texture" },
				"west": { "uv": [ 0.96, 4.96, 3.04, 7.04 ], "texture": "#texture" },
				"east": { "uv": [ 0.96, 4.96, 3.04, 7.04 ], "texture": "#texture" }
			}
		},
		{
			"__comment": "Voxels-F05A46",
			"from": [ 11.5, 12.5, 3 ],
			"to": [ 12, 13, 3.5 ],
			"faces": {
				"down": { "uv": [ 0.96, 4.96, 3.04, 7.04 ], "texture": "#texture" },
				"up": { "uv": [ 0.96, 4.96, 3.04, 7.04 ], "texture": "#texture" },
				"north": { "uv": [ 0.96, 4.96, 3.04, 7.04 ], "texture": "#texture" },
				"south": { "uv": [ 0.96, 4.96, 3.04, 7.04 ], "texture": "#texture" },
				"west": { "uv": [ 0.96, 4.96, 3.04, 7.04 ], "texture": "#texture" },
				"east": { "uv": [ 0.96, 4.96, 3.04, 7.04 ], "texture": "#texture" }
			}
		},
		{
			"__comment": "Voxels-F05A46",
			"from": [ 11.5, 12.5, 4 ],
			"to": [ 12, 13, 4.5 ],
			"faces": {
				"down": { "uv": [ 0.96, 4.96, 3.04, 7.04 ], "texture": "#texture" },
				"up": { "uv": [ 0.96, 4.96, 3.04, 7.04 ], "texture": "#texture" },
				"north": { "uv": [ 0.96, 4.96, 3.04, 7.04 ], "texture": "#texture" },
				"south": { "uv": [ 0.96, 4.96, 3.04, 7.04 ], "texture": "#texture" },
				"west": { "uv": [ 0.96, 4.96, 3.04, 7.04 ], "texture": "#texture" },
				"east": { "uv": [ 0.96, 4.96, 3.04, 7.04 ], "texture": "#texture" }
			}
		},
		{
			"__comment": "Voxels-F05A46",
			"from": [ 11.5, 12.5, 5 ],
			"to": [ 12, 13, 5.5 ],
			"faces": {
				"down": { "uv": [ 0.96, 4.96, 3.04, 7.04 ], "texture": "#texture" },
				"up": { "uv": [ 0.96, 4.96, 3.04, 7.04 ], "texture": "#texture" },
				"north": { "uv": [ 0.96, 4.96, 3.04, 7.04 ], "texture": "#texture" },
				"south": { "uv": [ 0.96, 4.96, 3.04, 7.04 ], "texture": "#texture" },
				"west": { "uv": [ 0.96, 4.96, 3.04, 7.04 ], "texture": "#texture" },
				"east": { "uv": [ 0.96, 4.96, 3.04, 7.04 ], "texture": "#texture" }
			}
		},
		{
			"__comment": "Voxels-F05A46",
			"from": [ 11.5, 12.5, 6 ],
			"to": [ 12, 13, 6.5 ],
			"faces": {
				"down": { "uv": [ 0.96, 4.96, 3.04, 7.04 ], "texture": "#texture" },
				"up": { "uv": [ 0.96, 4.96, 3.04, 7.04 ], "texture": "#texture" },
				"north": { "uv": [ 0.96, 4.96, 3.04, 7.04 ], "texture": "#texture" },
				"south": { "uv": [ 0.96, 4.96, 3.04, 7.04 ], "texture": "#texture" },
				"west": { "uv": [ 0.96, 4.96, 3.04, 7.04 ], "texture": "#texture" },
				"east": { "uv": [ 0.96, 4.96, 3.04, 7.04 ], "texture": "#texture" }
			}
		},
		{
			"__comment": "Voxels-F05A46",
			"from": [ 11.5, 12.5, 7 ],
			"to": [ 12, 13, 7.5 ],
			"faces": {
				"down": { "uv": [ 0.96, 4.96, 3.04, 7.04 ], "texture": "#texture" },
				"up": { "uv": [ 0.96, 4.96, 3.04, 7.04 ], "texture": "#texture" },
				"north": { "uv": [ 0.96, 4.96, 3.04, 7.04 ], "texture": "#texture" },
				"south": { "uv": [ 0.96, 4.96, 3.04, 7.04 ], "texture": "#texture" },
				"west": { "uv": [ 0.96, 4.96, 3.04, 7.04 ], "texture": "#texture" },
				"east": { "uv": [ 0.96, 4.96, 3.04, 7.04 ], "texture": "#texture" }
			}
		},
		{
			"__comment": "Voxels-F05A46",
			"from": [ 11.5, 12.5, 8 ],
			"to": [ 12, 13, 8.5 ],
			"faces": {
				"down": { "uv": [ 0.96, 4.96, 3.04, 7.04 ], "texture": "#texture" },
				"up": { "uv": [ 0.96, 4.96, 3.04, 7.04 ], "texture": "#texture" },
				"north": { "uv": [ 0.96, 4.96, 3.04, 7.04 ], "texture": "#texture" },
				"south": { "uv": [ 0.96, 4.96, 3.04, 7.04 ], "texture": "#texture" },
				"west": { "uv": [ 0.96, 4.96, 3.04, 7.04 ], "texture": "#texture" },
				"east": { "uv": [ 0.96, 4.96, 3.04, 7.04 ], "texture": "#texture" }
			}
		},
		{
			"__comment": "Voxels-F05A46",
			"from": [ 11.5, 12.5, 9 ],
			"to": [ 12, 13, 9.5 ],
			"faces": {
				"down": { "uv": [ 0.96, 4.96, 3.04, 7.04 ], "texture": "#texture" },
				"up": { "uv": [ 0.96, 4.96, 3.04, 7.04 ], "texture": "#texture" },
				"north": { "uv": [ 0.96, 4.96, 3.04, 7.04 ], "texture": "#texture" },
				"south": { "uv": [ 0.96, 4.96, 3.04, 7.04 ], "texture": "#texture" },
				"west": { "uv": [ 0.96, 4.96, 3.04, 7.04 ], "texture": "#texture" },
				"east": { "uv": [ 0.96, 4.96, 3.04, 7.04 ], "texture": "#texture" }
			}
		},
		{
			"__comment": "Voxels-F05A46",
			"from": [ 11.5, 12.5, 10 ],
			"to": [ 12, 13, 10.5 ],
			"faces": {
				"down": { "uv": [ 0.96, 4.96, 3.04, 7.04 ], "texture": "#texture" },
				"up": { "uv": [ 0.96, 4.96, 3.04, 7.04 ], "texture": "#texture" },
				"north": { "uv": [ 0.96, 4.96, 3.04, 7.04 ], "texture": "#texture" },
				"south": { "uv": [ 0.96, 4.96, 3.04, 7.04 ], "texture": "#texture" },
				"west": { "uv": [ 0.96, 4.96, 3.04, 7.04 ], "texture": "#texture" },
				"east": { "uv": [ 0.96, 4.96, 3.04, 7.04 ], "texture": "#texture" }
			}
		},
		{
			"__comment": "Voxels-F05A46",
			"from": [ 11.5, 12.5, 11 ],
			"to": [ 12, 13, 11.5 ],
			"faces": {
				"down": { "uv": [ 0.96, 4.96, 3.04, 7.04 ], "texture": "#texture" },
				"up": { "uv": [ 0.96, 4.96, 3.04, 7.04 ], "texture": "#texture" },
				"north": { "uv": [ 0.96, 4.96, 3.04, 7.04 ], "texture": "#texture" },
				"south": { "uv": [ 0.96, 4.96, 3.04, 7.04 ], "texture": "#texture" },
				"west": { "uv": [ 0.96, 4.96, 3.04, 7.04 ], "texture": "#texture" },
				"east": { "uv": [ 0.96, 4.96, 3.04, 7.04 ], "texture": "#texture" }
			}
		},
		{
			"__comment": "Voxels-F05A46",
			"from": [ 11.5, 12.5, 12 ],
			"to": [ 12, 13, 12.5 ],
			"faces": {
				"down": { "uv": [ 0.96, 4.96, 3.04, 7.04 ], "texture": "#texture" },
				"up": { "uv": [ 0.96, 4.96, 3.04, 7.04 ], "texture": "#texture" },
				"north": { "uv": [ 0.96, 4.96, 3.04, 7.04 ], "texture": "#texture" },
				"south": { "uv": [ 0.96, 4.96, 3.04, 7.04 ], "texture": "#texture" },
				"west": { "uv": [ 0.96, 4.96, 3.04, 7.04 ], "texture": "#texture" },
				"east": { "uv": [ 0.96, 4.96, 3.04, 7.04 ], "texture": "#texture" }
			}
		},
		{
			"__comment": "Voxels-F05A46",
			"from": [ 11.5, 12.5, 13 ],
			"to": [ 12, 13, 13.5 ],
			"faces": {
				"down": { "uv": [ 0.96, 4.96, 3.04, 7.04 ], "texture": "#texture" },
				"up": { "uv": [ 0.96, 4.96, 3.04, 7.04 ], "texture": "#texture" },
				"north": { "uv": [ 0.96, 4.96, 3.04, 7.04 ], "texture": "#texture" },
				"south": { "uv": [ 0.96, 4.96, 3.04, 7.04 ], "texture": "#texture" },
				"west": { "uv": [ 0.96, 4.96, 3.04, 7.04 ], "texture": "#texture" },
				"east": { "uv": [ 0.96, 4.96, 3.04, 7.04 ], "texture": "#texture" }
			}
		},
		{
			"__comment": "Voxels-F05A46",
			"from": [ 11.5, 12.5, 14 ],
			"to": [ 12, 13, 14.5 ],
			"faces": {
				"down": { "uv": [ 0.96, 4.96, 3.04, 7.04 ], "texture": "#texture" },
				"up": { "uv": [ 0.96, 4.96, 3.04, 7.04 ], "texture": "#texture" },
				"north": { "uv": [ 0.96, 4.96, 3.04, 7.04 ], "texture": "#texture" },
				"south": { "uv": [ 0.96, 4.96, 3.04, 7.04 ], "texture": "#texture" },
				"west": { "uv": [ 0.96, 4.96, 3.04, 7.04 ], "texture": "#texture" },
				"east": { "uv": [ 0.96, 4.96, 3.04, 7.04 ], "texture": "#texture" }
			}
		},
		{
			"__comment": "Voxels-F05A46",
			"from": [ 11.5, 12.5, 15 ],
			"to": [ 12, 13, 15.5 ],
			"faces": {
				"down": { "uv": [ 0.96, 4.96, 3.04, 7.04 ], "texture": "#texture" },
				"up": { "uv": [ 0.96, 4.96, 3.04, 7.04 ], "texture": "#texture" },
				"north": { "uv": [ 0.96, 4.96, 3.04, 7.04 ], "texture": "#texture" },
				"south": { "uv": [ 0.96, 4.96, 3.04, 7.04 ], "texture": "#texture" },
				"west": { "uv": [ 0.96, 4.96, 3.04, 7.04 ], "texture": "#texture" },
				"east": { "uv": [ 0.96, 4.96, 3.04, 7.04 ], "texture": "#texture" }
			}
		},
		{
			"__comment": "Voxels-F05A46",
			"from": [ 11.5, 12.5, 16 ],
			"to": [ 12, 13, 16.5 ],
			"faces": {
				"down": { "uv": [ 0.96, 4.96, 3.04, 7.04 ], "texture": "#texture" },
				"up": { "uv": [ 0.96, 4.96, 3.04, 7.04 ], "texture": "#texture" },
				"north": { "uv": [ 0.96, 4.96, 3.04, 7.04 ], "texture": "#texture" },
				"south": { "uv": [ 0.96, 4.96, 3.04, 7.04 ], "texture": "#texture" },
				"west": { "uv": [ 0.96, 4.96, 3.04, 7.04 ], "texture": "#texture" },
				"east": { "uv": [ 0.96, 4.96, 3.04, 7.04 ], "texture": "#texture" }
			}
		},
		{
			"__comment": "Voxels-F05A46",
			"from": [ 11.5, 12.5, 17 ],
			"to": [ 12, 13, 17.5 ],
			"faces": {
				"down": { "uv": [ 0.96, 4.96, 3.04, 7.04 ], "texture": "#texture" },
				"up": { "uv": [ 0.96, 4.96, 3.04, 7.04 ], "texture": "#texture" },
				"north": { "uv": [ 0.96, 4.96, 3.04, 7.04 ], "texture": "#texture" },
				"south": { "uv": [ 0.96, 4.96, 3.04, 7.04 ], "texture": "#texture" },
				"west": { "uv": [ 0.96, 4.96, 3.04, 7.04 ], "texture": "#texture" },
				"east": { "uv": [ 0.96, 4.96, 3.04, 7.04 ], "texture": "#texture" }
			}
		},
		{
			"__comment": "Voxels-F05A46",
			"from": [ 11.5, 12.5, 18 ],
			"to": [ 12, 13, 18.5 ],
			"faces": {
				"down": { "uv": [ 0.96, 4.96, 3.04, 7.04 ], "texture": "#texture" },
				"up": { "uv": [ 0.96, 4.96, 3.04, 7.04 ], "texture": "#texture" },
				"north": { "uv": [ 0.96, 4.96, 3.04, 7.04 ], "texture": "#texture" },
				"south": { "uv": [ 0.96, 4.96, 3.04, 7.04 ], "texture": "#texture" },
				"west": { "uv": [ 0.96, 4.96, 3.04, 7.04 ], "texture": "#texture" },
				"east": { "uv": [ 0.96, 4.96, 3.04, 7.04 ], "texture": "#texture" }
			}
		},
		{
			"__comment": "Voxels-F05A46",
			"from": [ 11.5, 17, -3 ],
			"to": [ 12, 17.5, 18.5 ],
			"faces": {
				"down": { "uv": [ 0.96, 4.96, 3.04, 7.04 ], "texture": "#texture" },
				"up": { "uv": [ 0.96, 4.96, 3.04, 7.04 ], "texture": "#texture" },
				"north": { "uv": [ 0.96, 4.96, 3.04, 7.04 ], "texture": "#texture" },
				"south": { "uv": [ 0.96, 4.96, 3.04, 7.04 ], "texture": "#texture" },
				"west": { "uv": [ 0.96, 4.96, 3.04, 7.04 ], "texture": "#texture" },
				"east": { "uv": [ 0.96, 4.96, 3.04, 7.04 ], "texture": "#texture" }
			}
		}
	],
	"display": {
		"gui": {
			"rotation":  [ 30, 225, 0 ],
			"scale":  [ 0.3814, 0.3814, 0.3814 ]
		},
		"head": {
			"translation":  [ 9.7391, -15.3, 0 ],
			"scale":  [ 3, 3, 3 ]
		}
	}
}