{
	"__comment": "Designed by Steven - https://cubik.studio",
	"textures": {
		"particle": "real/scissorlift-mid",
		"texture": "real/scissorlift-mid",
		"texture1": "real/scissorlift-mid"
	},
	"elements": [ 	 
		{
			"__comment": "Box2",
			"from": [ -1.5, 4.5, -3 ],
			"to": [ 0, 6, 18.5 ],
			"rotation": { "origin": [ -1.5, 4.5, -3 ], "axis": "x", "angle": -22.5 },
			"faces": {
				"down": { "uv": [ 14.5, 0, 16, 16 ], "texture": "#texture1" },
				"up": { "uv": [ 14.5, 0, 16, 16 ], "texture": "#texture1" },
				"north": { "uv": [ 0, 10, 1.5, 11.5 ], "texture": "#texture1" },
				"south": { "uv": [ 14.5, 10, 16, 11.5 ], "texture": "#texture1" },
				"west": { "uv": [ 0, 10, 16, 11.5 ], "texture": "#texture1" },
				"east": { "uv": [ 0, 10, 16, 11.5 ], "texture": "#texture1" }
			}
		},
		{
			"__comment": "Box2",
			"from": [ -1.5, 12.5, -1.5 ],
			"to": [ 0, 14, 20 ],
			"rotation": { "origin": [ -1.5, 12.5, -1.5 ], "axis": "x", "angle": 22.5 },
			"faces": {
				"down": { "uv": [ 14.5, 0, 16, 16 ], "texture": "#texture1" },
				"up": { "uv": [ 14.5, 0, 16, 16 ], "texture": "#texture1" },
				"north": { "uv": [ 0, 10, 1.5, 11.5 ], "texture": "#texture1" },
				"south": { "uv": [ 14.5, 10, 16, 11.5 ], "texture": "#texture1" },
				"west": { "uv": [ 0, 10, 16, 11.5 ], "texture": "#texture1" },
				"east": { "uv": [ 0, 10, 16, 11.5 ], "texture": "#texture1" }
			}
		},
		{
			"__comment": "Box2",
			"from": [ -1.5, 21, -1 ],
			"to": [ 0, 22.5, 20.5 ],
			"rotation": { "origin": [ -1.5, 21, -1 ], "axis": "x", "angle": 22.5 },
			"faces": {
				"down": { "uv": [ 14.5, 0, 16, 16 ], "texture": "#texture1" },
				"up": { "uv": [ 14.5, 0, 16, 16 ], "texture": "#texture1" },
				"north": { "uv": [ 0, 10, 1.5, 11.5 ], "texture": "#texture1" },
				"south": { "uv": [ 14.5, 10, 16, 11.5 ], "texture": "#texture1" },
				"west": { "uv": [ 0, 10, 16, 11.5 ], "texture": "#texture1" },
				"east": { "uv": [ 0, 10, 16, 11.5 ], "texture": "#texture1" }
			}
		},
		{
			"__comment": "Box2",
			"from": [ -1.5, 13, -2.5 ],
			"to": [ 0, 14.5, 19 ],
			"rotation": { "origin": [ -1.5, 13, -2.5 ], "axis": "x", "angle": -22.5 },
			"faces": {
				"down": { "uv": [ 14.5, 0, 16, 16 ], "texture": "#texture1" },
				"up": { "uv": [ 14.5, 0, 16, 16 ], "texture": "#texture1" },
				"north": { "uv": [ 0, 10, 1.5, 11.5 ], "texture": "#texture1" },
				"south": { "uv": [ 14.5, 10, 16, 11.5 ], "texture": "#texture1" },
				"west": { "uv": [ 0, 10, 16, 11.5 ], "texture": "#texture1" },
				"east": { "uv": [ 0, 10, 16, 11.5 ], "texture": "#texture1" }
			}
		},
		{
			"__comment": "Box2",
			"from": [ 10.5, 4.5, -3 ],
			"to": [ 12, 6, 18.5 ],
			"rotation": { "origin": [ 10.5, 4.5, -3 ], "axis": "x", "angle": -22.5 },
			"faces": {
				"down": { "uv": [ 14.5, 0, 16, 16 ], "texture": "#texture1" },
				"up": { "uv": [ 14.5, 0, 16, 16 ], "texture": "#texture1" },
				"north": { "uv": [ 0, 10, 1.5, 11.5 ], "texture": "#texture1" },
				"south": { "uv": [ 14.5, 10, 16, 11.5 ], "texture": "#texture1" },
				"west": { "uv": [ 0, 10, 16, 11.5 ], "texture": "#texture1" },
				"east": { "uv": [ 0, 10, 16, 11.5 ], "texture": "#texture1" }
			}
		},
		{
			"__comment": "Box2",
			"from": [ 10.5, 12.5, -1.5 ],
			"to": [ 12, 14, 20 ],
			"rotation": { "origin": [ 10.5, 12.5, -1.5 ], "axis": "x", "angle": 22.5 },
			"faces": {
				"down": { "uv": [ 14.5, 0, 16, 16 ], "texture": "#texture1" },
				"up": { "uv": [ 14.5, 0, 16, 16 ], "texture": "#texture1" },
				"north": { "uv": [ 0, 10, 1.5, 11.5 ], "texture": "#texture1" },
				"south": { "uv": [ 14.5, 10, 16, 11.5 ], "texture": "#texture1" },
				"west": { "uv": [ 0, 10, 16, 11.5 ], "texture": "#texture1" },
				"east": { "uv": [ 0, 10, 16, 11.5 ], "texture": "#texture1" }
			}
		},
		{
			"__comment": "Box2",
			"from": [ 10.5, 21, -1 ],
			"to": [ 12, 22.5, 20.5 ],
			"rotation": { "origin": [ 10.5, 21, -1 ], "axis": "x", "angle": 22.5 },
			"faces": {
				"down": { "uv": [ 14.5, 0, 16, 16 ], "texture": "#texture1" },
				"up": { "uv": [ 14.5, 0, 16, 16 ], "texture": "#texture1" },
				"north": { "uv": [ 0, 10, 1.5, 11.5 ], "texture": "#texture1" },
				"south": { "uv": [ 14.5, 10, 16, 11.5 ], "texture": "#texture1" },
				"west": { "uv": [ 0, 10, 16, 11.5 ], "texture": "#texture1" },
				"east": { "uv": [ 0, 10, 16, 11.5 ], "texture": "#texture1" }
			}
		},
		{
			"__comment": "Box2",
			"from": [ 10.5, 13, -2.5 ],
			"to": [ 12, 14.5, 19 ],
			"rotation": { "origin": [ 10.5, 13, -2.5 ], "axis": "x", "angle": -22.5 },
			"faces": {
				"down": { "uv": [ 14.5, 0, 16, 16 ], "texture": "#texture1" },
				"up": { "uv": [ 14.5, 0, 16, 16 ], "texture": "#texture1" },
				"north": { "uv": [ 0, 10, 1.5, 11.5 ], "texture": "#texture1" },
				"south": { "uv": [ 14.5, 10, 16, 11.5 ], "texture": "#texture1" },
				"west": { "uv": [ 0, 10, 16, 11.5 ], "texture": "#texture1" },
				"east": { "uv": [ 0, 10, 16, 11.5 ], "texture": "#texture1" }
			}
		},
		{
			"__comment": "Box2",
			"from": [ -1.5, -11.5, -3 ],
			"to": [ 0, -10, 18.5 ],
			"rotation": { "origin": [ -1.5, -11.5, -3 ], "axis": "x", "angle": -22.5 },
			"faces": {
				"down": { "uv": [ 14.5, 0, 16, 16 ], "texture": "#texture1" },
				"up": { "uv": [ 14.5, 0, 16, 16 ], "texture": "#texture1" },
				"north": { "uv": [ 0, 10, 1.5, 11.5 ], "texture": "#texture1" },
				"south": { "uv": [ 14.5, 10, 16, 11.5 ], "texture": "#texture1" },
				"west": { "uv": [ 0, 10, 16, 11.5 ], "texture": "#texture1" },
				"east": { "uv": [ 0, 10, 16, 11.5 ], "texture": "#texture1" }
			}
		},
		{
			"__comment": "Box2",
			"from": [ -1.5, -3.5, -1.5 ],
			"to": [ 0, -2, 20 ],
			"rotation": { "origin": [ -1.5, -3.5, -1.5 ], "axis": "x", "angle": 22.5 },
			"faces": {
				"down": { "uv": [ 14.5, 0, 16, 16 ], "texture": "#texture1" },
				"up": { "uv": [ 14.5, 0, 16, 16 ], "texture": "#texture1" },
				"north": { "uv": [ 0, 10, 1.5, 11.5 ], "texture": "#texture1" },
				"south": { "uv": [ 14.5, 10, 16, 11.5 ], "texture": "#texture1" },
				"west": { "uv": [ 0, 10, 16, 11.5 ], "texture": "#texture1" },
				"east": { "uv": [ 0, 10, 16, 11.5 ], "texture": "#texture1" }
			}
		},
		{
			"__comment": "Box2",
			"from": [ -1.5, 5, -1 ],
			"to": [ 0, 6.5, 20.5 ],
			"rotation": { "origin": [ -1.5, 5, -1 ], "axis": "x", "angle": 22.5 },
			"faces": {
				"down": { "uv": [ 14.5, 0, 16, 16 ], "texture": "#texture1" },
				"up": { "uv": [ 14.5, 0, 16, 16 ], "texture": "#texture1" },
				"north": { "uv": [ 0, 10, 1.5, 11.5 ], "texture": "#texture1" },
				"south": { "uv": [ 14.5, 10, 16, 11.5 ], "texture": "#texture1" },
				"west": { "uv": [ 0, 10, 16, 11.5 ], "texture": "#texture1" },
				"east": { "uv": [ 0, 10, 16, 11.5 ], "texture": "#texture1" }
			}
		},
		{
			"__comment": "Box2",
			"from": [ -1.5, -3, -2.5 ],
			"to": [ 0, -1.5, 19 ],
			"rotation": { "origin": [ -1.5, -3, -2.5 ], "axis": "x", "angle": -22.5 },
			"faces": {
				"down": { "uv": [ 14.5, 0, 16, 16 ], "texture": "#texture1" },
				"up": { "uv": [ 14.5, 0, 16, 16 ], "texture": "#texture1" },
				"north": { "uv": [ 0, 10, 1.5, 11.5 ], "texture": "#texture1" },
				"south": { "uv": [ 14.5, 10, 16, 11.5 ], "texture": "#texture1" },
				"west": { "uv": [ 0, 10, 16, 11.5 ], "texture": "#texture1" },
				"east": { "uv": [ 0, 10, 16, 11.5 ], "texture": "#texture1" }
			}
		},
		{
			"__comment": "Box2",
			"from": [ 10.5, -11.5, -3 ],
			"to": [ 12, -10, 18.5 ],
			"rotation": { "origin": [ 10.5, -11.5, -3 ], "axis": "x", "angle": -22.5 },
			"faces": {
				"down": { "uv": [ 14.5, 0, 16, 16 ], "texture": "#texture1" },
				"up": { "uv": [ 14.5, 0, 16, 16 ], "texture": "#texture1" },
				"north": { "uv": [ 0, 10, 1.5, 11.5 ], "texture": "#texture1" },
				"south": { "uv": [ 14.5, 10, 16, 11.5 ], "texture": "#texture1" },
				"west": { "uv": [ 0, 10, 16, 11.5 ], "texture": "#texture1" },
				"east": { "uv": [ 0, 10, 16, 11.5 ], "texture": "#texture1" }
			}
		},
		{
			"__comment": "Box2",
			"from": [ 10.5, -3.5, -1.5 ],
			"to": [ 12, -2, 20 ],
			"rotation": { "origin": [ 10.5, -3.5, -1.5 ], "axis": "x", "angle": 22.5 },
			"faces": {
				"down": { "uv": [ 14.5, 0, 16, 16 ], "texture": "#texture1" },
				"up": { "uv": [ 14.5, 0, 16, 16 ], "texture": "#texture1" },
				"north": { "uv": [ 0, 10, 1.5, 11.5 ], "texture": "#texture1" },
				"south": { "uv": [ 14.5, 10, 16, 11.5 ], "texture": "#texture1" },
				"west": { "uv": [ 0, 10, 16, 11.5 ], "texture": "#texture1" },
				"east": { "uv": [ 0, 10, 16, 11.5 ], "texture": "#texture1" }
			}
		},
		{
			"__comment": "Box2",
			"from": [ 10.5, 5, -1 ],
			"to": [ 12, 6.5, 20.5 ],
			"rotation": { "origin": [ 10.5, 5, -1 ], "axis": "x", "angle": 22.5 },
			"faces": {
				"down": { "uv": [ 14.5, 0, 16, 16 ], "texture": "#texture1" },
				"up": { "uv": [ 14.5, 0, 16, 16 ], "texture": "#texture1" },
				"north": { "uv": [ 0, 10, 1.5, 11.5 ], "texture": "#texture1" },
				"south": { "uv": [ 14.5, 10, 16, 11.5 ], "texture": "#texture1" },
				"west": { "uv": [ 0, 10, 16, 11.5 ], "texture": "#texture1" },
				"east": { "uv": [ 0, 10, 16, 11.5 ], "texture": "#texture1" }
			}
		},
		{
			"__comment": "Box2",
			"from": [ 10.5, -3, -2.5 ],
			"to": [ 12, -1.5, 19 ],
			"rotation": { "origin": [ 10.5, -3, -2.5 ], "axis": "x", "angle": -22.5 },
			"faces": {
				"down": { "uv": [ 14.5, 0, 16, 16 ], "texture": "#texture1" },
				"up": { "uv": [ 14.5, 0, 16, 16 ], "texture": "#texture1" },
				"north": { "uv": [ 0, 10, 1.5, 11.5 ], "texture": "#texture1" },
				"south": { "uv": [ 14.5, 10, 16, 11.5 ], "texture": "#texture1" },
				"west": { "uv": [ 0, 10, 16, 11.5 ], "texture": "#texture1" },
				"east": { "uv": [ 0, 10, 16, 11.5 ], "texture": "#texture1" }
			}
		},
		{
			"__comment": "Box2",
			"from": [ -1.5, 21.5, -3 ],
			"to": [ 0, 23, 18.5 ],
			"rotation": { "origin": [ -1.5, 21.5, -3 ], "axis": "x", "angle": -22.5 },
			"faces": {
				"down": { "uv": [ 14.5, 0, 16, 16 ], "texture": "#texture1" },
				"up": { "uv": [ 14.5, 0, 16, 16 ], "texture": "#texture1" },
				"north": { "uv": [ 0, 10, 1.5, 11.5 ], "texture": "#texture1" },
				"south": { "uv": [ 14.5, 10, 16, 11.5 ], "texture": "#texture1" },
				"west": { "uv": [ 0, 10, 16, 11.5 ], "texture": "#texture1" },
				"east": { "uv": [ 0, 10, 16, 11.5 ], "texture": "#texture1" }
			}
		},
		{
			"__comment": "Box2",
			"from": [ -1.5, 29.5, -1.5 ],
			"to": [ 0, 31, 20 ],
			"rotation": { "origin": [ -1.5, 29.5, -1.5 ], "axis": "x", "angle": 22.5 },
			"faces": {
				"down": { "uv": [ 14.5, 0, 16, 16 ], "texture": "#texture1" },
				"up": { "uv": [ 14.5, 0, 16, 16 ], "texture": "#texture1" },
				"north": { "uv": [ 0, 10, 1.5, 11.5 ], "texture": "#texture1" },
				"south": { "uv": [ 14.5, 10, 16, 11.5 ], "texture": "#texture1" },
				"west": { "uv": [ 0, 10, 16, 11.5 ], "texture": "#texture1" },
				"east": { "uv": [ 0, 10, 16, 11.5 ], "texture": "#texture1" }
			}
		},
		{
			"__comment": "Box2",
			"from": [ 10.5, 21.5, -3 ],
			"to": [ 12, 23, 18.5 ],
			"rotation": { "origin": [ 10.5, 21.5, -3 ], "axis": "x", "angle": -22.5 },
			"faces": {
				"down": { "uv": [ 14.5, 0, 16, 16 ], "texture": "#texture1" },
				"up": { "uv": [ 14.5, 0, 16, 16 ], "texture": "#texture1" },
				"north": { "uv": [ 0, 10, 1.5, 11.5 ], "texture": "#texture1" },
				"south": { "uv": [ 14.5, 10, 16, 11.5 ], "texture": "#texture1" },
				"west": { "uv": [ 0, 10, 16, 11.5 ], "texture": "#texture1" },
				"east": { "uv": [ 0, 10, 16, 11.5 ], "texture": "#texture1" }
			}
		},
		{
			"__comment": "Box2",
			"from": [ 10.5, 29.5, -1.5 ],
			"to": [ 12, 31, 20 ],
			"rotation": { "origin": [ 10.5, 29.5, -1.5 ], "axis": "x", "angle": 22.5 },
			"faces": {
				"down": { "uv": [ 14.5, 0, 16, 16 ], "texture": "#texture1" },
				"up": { "uv": [ 14.5, 0, 16, 16 ], "texture": "#texture1" },
				"north": { "uv": [ 0, 10, 1.5, 11.5 ], "texture": "#texture1" },
				"south": { "uv": [ 14.5, 10, 16, 11.5 ], "texture": "#texture1" },
				"west": { "uv": [ 0, 10, 16, 11.5 ], "texture": "#texture1" },
				"east": { "uv": [ 0, 10, 16, 11.5 ], "texture": "#texture1" }
			}
		},
		{
			"__comment": "Box28",
			"from": [ -1.5, -3.5, -2.5 ],
			"to": [ 12, -1.5, -0.5 ],
			"faces": {
				"down": { "uv": [ 0, 0.5, 12, 2.5 ], "texture": "#texture1" },
				"up": { "uv": [ 0, 13.5, 12, 15.5 ], "texture": "#texture1" },
				"north": { "uv": [ 4, 1.5, 16, 3.5 ], "texture": "#texture1" },
				"south": { "uv": [ 0, 1.5, 12, 3.5 ], "texture": "#texture1" },
				"west": { "uv": [ 13.5, 1.5, 15.5, 3.5 ], "texture": "#texture1" },
				"east": { "uv": [ 0.5, 1.5, 2.5, 3.5 ], "texture": "#texture1" }
			}
		},
		{
			"__comment": "Box28",
			"from": [ -1.5, -3.5, -2.5 ],
			"to": [ 12, -1.5, -0.5 ],
			"faces": {
				"down": { "uv": [ 0, 0.5, 12, 2.5 ], "texture": "#texture1" },
				"up": { "uv": [ 0, 13.5, 12, 15.5 ], "texture": "#texture1" },
				"north": { "uv": [ 4, 1.5, 16, 3.5 ], "texture": "#texture1" },
				"south": { "uv": [ 0, 1.5, 12, 3.5 ], "texture": "#texture1" },
				"west": { "uv": [ 13.5, 1.5, 15.5, 3.5 ], "texture": "#texture1" },
				"east": { "uv": [ 0.5, 1.5, 2.5, 3.5 ], "texture": "#texture1" }
			}
		},
		{
			"__comment": "Box28",
			"from": [ -1.5, -3.5, 16.5 ],
			"to": [ 12, -1.5, 18.5 ],
			"faces": {
				"down": { "uv": [ 0, 13.5, 12, 15.5 ], "texture": "#texture1" },
				"up": { "uv": [ 0, 0.5, 12, 2.5 ], "texture": "#texture1" },
				"north": { "uv": [ 4, 1.5, 16, 3.5 ], "texture": "#texture1" },
				"south": { "uv": [ 0, 1.5, 12, 3.5 ], "texture": "#texture1" },
				"west": { "uv": [ 0.5, 1.5, 2.5, 3.5 ], "texture": "#texture1" },
				"east": { "uv": [ 13.5, 1.5, 15.5, 3.5 ], "texture": "#texture1" }
			}
		},
		{
			"__comment": "Box28",
			"from": [ -1.5, -12.5, 16.5 ],
			"to": [ 12, -10.5, 18.5 ],
			"faces": {
				"down": { "uv": [ 0, 13.5, 12, 15.5 ], "texture": "#texture1" },
				"up": { "uv": [ 0, 0.5, 12, 2.5 ], "texture": "#texture1" },
				"north": { "uv": [ 4, 10.5, 16, 12.5 ], "texture": "#texture1" },
				"south": { "uv": [ 0, 10.5, 12, 12.5 ], "texture": "#texture1" },
				"west": { "uv": [ 0.5, 10.5, 2.5, 12.5 ], "texture": "#texture1" },
				"east": { "uv": [ 13.5, 10.5, 15.5, 12.5 ], "texture": "#texture1" }
			}
		},
		{
			"__comment": "Box28",
			"from": [ -1.5, -12.5, -2.5 ],
			"to": [ 12, -10.5, -0.5 ],
			"faces": {
				"down": { "uv": [ 0, 0.5, 12, 2.5 ], "texture": "#texture1" },
				"up": { "uv": [ 0, 13.5, 12, 15.5 ], "texture": "#texture1" },
				"north": { "uv": [ 4, 1.5, 16, 3.5 ], "texture": "#texture1" },
				"south": { "uv": [ 0, 1.5, 12, 3.5 ], "texture": "#texture1" },
				"west": { "uv": [ 13.5, 1.5, 15.5, 3.5 ], "texture": "#texture1" },
				"east": { "uv": [ 0.5, 1.5, 2.5, 3.5 ], "texture": "#texture1" }
			}
		},
		{
			"__comment": "Box28",
			"from": [ -1.5, 4, 16.5 ],
			"to": [ 12, 6, 18.5 ],
			"faces": {
				"down": { "uv": [ 0, 13.5, 12, 15.5 ], "texture": "#texture1" },
				"up": { "uv": [ 0, 0.5, 12, 2.5 ], "texture": "#texture1" },
				"north": { "uv": [ 4, 10, 16, 12 ], "texture": "#texture1" },
				"south": { "uv": [ 0, 10, 12, 12 ], "texture": "#texture1" },
				"west": { "uv": [ 0.5, 10, 2.5, 12 ], "texture": "#texture1" },
				"east": { "uv": [ 13.5, 10, 15.5, 12 ], "texture": "#texture1" }
			}
		},
		{
			"__comment": "Box28",
			"from": [ -1.5, 4, -2.5 ],
			"to": [ 12, 6, -0.5 ],
			"faces": {
				"down": { "uv": [ 0, 0.5, 12, 2.5 ], "texture": "#texture1" },
				"up": { "uv": [ 0, 13.5, 12, 15.5 ], "texture": "#texture1" },
				"north": { "uv": [ 4, 10.5, 16, 12.5 ], "texture": "#texture1" },
				"south": { "uv": [ 0, 10.5, 12, 12.5 ], "texture": "#texture1" },
				"west": { "uv": [ 13.5, 10.5, 15.5, 12.5 ], "texture": "#texture1" },
				"east": { "uv": [ 0.5, 10.5, 2.5, 12.5 ], "texture": "#texture1" }
			}
		},
		{
			"__comment": "Box28",
			"from": [ -1.5, 12, 16.5 ],
			"to": [ 12, 14, 18.5 ],
			"faces": {
				"down": { "uv": [ 0, 13.5, 12, 15.5 ], "texture": "#texture1" },
				"up": { "uv": [ 0, 0.5, 12, 2.5 ], "texture": "#texture1" },
				"north": { "uv": [ 4, 2, 16, 4 ], "texture": "#texture1" },
				"south": { "uv": [ 0, 2, 12, 4 ], "texture": "#texture1" },
				"west": { "uv": [ 0.5, 2, 2.5, 4 ], "texture": "#texture1" },
				"east": { "uv": [ 13.5, 2, 15.5, 4 ], "texture": "#texture1" }
			}
		},
		{
			"__comment": "Box28",
			"from": [ -1.5, 12, -2.5 ],
			"to": [ 12, 14, -0.5 ],
			"faces": {
				"down": { "uv": [ 0, 0.5, 12, 2.5 ], "texture": "#texture1" },
				"up": { "uv": [ 0, 13.5, 12, 15.5 ], "texture": "#texture1" },
				"north": { "uv": [ 4, 10, 16, 12 ], "texture": "#texture1" },
				"south": { "uv": [ 0, 10, 12, 12 ], "texture": "#texture1" },
				"west": { "uv": [ 13.5, 10, 15.5, 12 ], "texture": "#texture1" },
				"east": { "uv": [ 0.5, 10, 2.5, 12 ], "texture": "#texture1" }
			}
		},
		{
			"__comment": "Box28",
			"from": [ -1.5, 20.5, 16.5 ],
			"to": [ 12, 22.5, 18.5 ],
			"faces": {
				"down": { "uv": [ 0, 13.5, 12, 15.5 ], "texture": "#texture1" },
				"up": { "uv": [ 0, 0.5, 12, 2.5 ], "texture": "#texture1" },
				"north": { "uv": [ 4, 9.5, 16, 11.5 ], "texture": "#texture1" },
				"south": { "uv": [ 0, 9.5, 12, 11.5 ], "texture": "#texture1" },
				"west": { "uv": [ 0.5, 9.5, 2.5, 11.5 ], "texture": "#texture1" },
				"east": { "uv": [ 13.5, 9.5, 15.5, 11.5 ], "texture": "#texture1" }
			}
		},
		{
			"__comment": "Box28",
			"from": [ -1.5, 20.5, -2.5 ],
			"to": [ 12, 22.5, -0.5 ],
			"faces": {
				"down": { "uv": [ 0, 0.5, 12, 2.5 ], "texture": "#texture1" },
				"up": { "uv": [ 0, 13.5, 12, 15.5 ], "texture": "#texture1" },
				"north": { "uv": [ 4, 2, 16, 4 ], "texture": "#texture1" },
				"south": { "uv": [ 0, 2, 12, 4 ], "texture": "#texture1" },
				"west": { "uv": [ 13.5, 2, 15.5, 4 ], "texture": "#texture1" },
				"east": { "uv": [ 0.5, 2, 2.5, 4 ], "texture": "#texture1" }
			}
		},
		{
			"__comment": "Box28",
			"from": [ -1.5, 29.5, 16.5 ],
			"to": [ 12, 31.5, 18.5 ],
			"faces": {
				"down": { "uv": [ 0, 13.5, 12, 15.5 ], "texture": "#texture1" },
				"up": { "uv": [ 0, 0.5, 12, 2.5 ], "texture": "#texture1" },
				"north": { "uv": [ 4, 0.5, 16, 2.5 ], "texture": "#texture1" },
				"south": { "uv": [ 0, 0.5, 12, 2.5 ], "texture": "#texture1" },
				"west": { "uv": [ 0.5, 0.5, 2.5, 2.5 ], "texture": "#texture1" },
				"east": { "uv": [ 13.5, 0.5, 15.5, 2.5 ], "texture": "#texture1" }
			}
		},
		{
			"__comment": "Box28",
			"from": [ -1.5, 29.5, -2.5 ],
			"to": [ 12, 31.5, -0.5 ],
			"faces": {
				"down": { "uv": [ 0, 0.5, 12, 2.5 ], "texture": "#texture1" },
				"up": { "uv": [ 0, 13.5, 12, 15.5 ], "texture": "#texture1" },
				"north": { "uv": [ 4, 9.5, 16, 11.5 ], "texture": "#texture1" },
				"south": { "uv": [ 0, 9.5, 12, 11.5 ], "texture": "#texture1" },
				"west": { "uv": [ 13.5, 9.5, 15.5, 11.5 ], "texture": "#texture1" },
				"east": { "uv": [ 0.5, 9.5, 2.5, 11.5 ], "texture": "#texture1" }
			}
		}
	],
	"display": {
		"gui": {
			"rotation":  [ 30, 225, 0 ],
			"scale":  [ 0.3814, 0.3814, 0.3814 ]
		},
		"head": {
			"translation":  [ 9.7391, -80, 0 ],
			"scale":  [ 2.5, 4, 2.5 ]
		}
	}
}