{
	"__comment": "Designed by Steven - https://cubik.studio",
	"textures": {
		"particle": "blocks/e_particle",
		"texture": "shows/jbjb/s21"
	},
	"elements": [ 	 
		{
			"__comment": "Box1",
			"from": [ 8.5, -13.5, -6.5 ],
			"to": [ 9, 28.5, 23.5 ],
			"faces": {
				"down": { "uv": [ 0, 0, 1, 16 ], "texture": "#texture" },
				"up": { "uv": [ 0, 0, 1, 16 ], "texture": "#texture" },
				"north": { "uv": [ 0, 0, 1, 16 ], "texture": "#texture" },
				"south": { "uv": [ 0, 0, 1, 16 ], "texture": "#texture" },
				"west": { "uv": [ 1.5, 0, 14.5, 16 ], "texture": "#texture" },
				"east": { "uv": [ 0, 0, 1, 16 ], "texture": "#texture" }
			}
		}
	],
	"display": {
		"thirdperson_lefthand": {
			"rotation":  [ 90, 90, 0 ],
			"translation":  [ -6.26, 0, 6.2608 ],
			"scale":  [ 2, 2, 2 ]
		},
		"gui": {
			"rotation":  [ 0, 90, 0 ],
			"scale":  [ 0.2423, 0.2423, 0.2423 ]
		}
	}
}